"","code","tenure.id","dob","start_date_aligned","end_date_aligned","month","start","stop","event","cyst","N.Females","start_as_leader","end_follow_still_leader","tenure_length_aligned","adjusted_end","age_at_start","age_at_month","cyst_date_aligned","total_follower_males"
"1","AVO","AVO-1","1/12/01","5/1/09","3/1/13","5/1/09",0,1,0,0,4,0,0,1400,"2/1/13",8.298630137,8.298630137,NA,2
"2","AVO","AVO-1","1/12/01","5/1/09","3/1/13","6/1/09",1,2,0,0,4,0,0,1400,"2/1/13",8.298630137,8.383561644,NA,2
"3","AVO","AVO-1","1/12/01","5/1/09","3/1/13","7/1/09",2,3,0,0,4,0,0,1400,"2/1/13",8.298630137,8.465753425,NA,2
"4","AVO","AVO-1","1/12/01","5/1/09","3/1/13","8/1/09",3,4,0,0,4,0,0,1400,"2/1/13",8.298630137,8.550684932,NA,2
"5","AVO","AVO-1","1/12/01","5/1/09","3/1/13","9/1/09",4,5,0,0,4,0,0,1400,"2/1/13",8.298630137,8.635616438,NA,2
"6","AVO","AVO-1","1/12/01","5/1/09","3/1/13","10/1/09",5,6,0,0,4,0,0,1400,"2/1/13",8.298630137,8.717808219,NA,2
"7","AVO","AVO-1","1/12/01","5/1/09","3/1/13","11/1/09",6,7,0,0,4,0,0,1400,"2/1/13",8.298630137,8.802739726,NA,2
"8","AVO","AVO-1","1/12/01","5/1/09","3/1/13","12/1/09",7,8,0,0,4,0,0,1400,"2/1/13",8.298630137,8.884931507,NA,2
"9","AVO","AVO-1","1/12/01","5/1/09","3/1/13","1/1/10",8,9,0,0,4,0,0,1400,"2/1/13",8.298630137,8.969863014,NA,2
"10","AVO","AVO-1","1/12/01","5/1/09","3/1/13","2/1/10",9,10,0,0,4,0,0,1400,"2/1/13",8.298630137,9.054794521,NA,2
"11","AVO","AVO-1","1/12/01","5/1/09","3/1/13","3/1/10",10,11,0,0,4,0,0,1400,"2/1/13",8.298630137,9.131506849,NA,2
"12","AVO","AVO-1","1/12/01","5/1/09","3/1/13","4/1/10",11,12,0,0,4,0,0,1400,"2/1/13",8.298630137,9.216438356,NA,2
"13","AVO","AVO-1","1/12/01","5/1/09","3/1/13","5/1/10",12,13,0,0,4,0,0,1400,"2/1/13",8.298630137,9.298630137,NA,2
"14","AVO","AVO-1","1/12/01","5/1/09","3/1/13","6/1/10",13,14,0,0,4,0,0,1400,"2/1/13",8.298630137,9.383561644,NA,2
"15","AVO","AVO-1","1/12/01","5/1/09","3/1/13","7/1/10",14,15,0,0,4,0,0,1400,"2/1/13",8.298630137,9.465753425,NA,2
"16","AVO","AVO-1","1/12/01","5/1/09","3/1/13","8/1/10",15,16,0,0,4,0,0,1400,"2/1/13",8.298630137,9.550684932,NA,2
"17","AVO","AVO-1","1/12/01","5/1/09","3/1/13","9/1/10",16,17,0,0,4,0,0,1400,"2/1/13",8.298630137,9.635616438,NA,2
"18","AVO","AVO-1","1/12/01","5/1/09","3/1/13","10/1/10",17,18,0,0,3,0,0,1400,"2/1/13",8.298630137,9.717808219,NA,2
"19","AVO","AVO-1","1/12/01","5/1/09","3/1/13","11/1/10",18,19,0,0,3,0,0,1400,"2/1/13",8.298630137,9.802739726,NA,0
"20","AVO","AVO-1","1/12/01","5/1/09","3/1/13","12/1/10",19,20,0,0,3,0,0,1400,"2/1/13",8.298630137,9.884931507,NA,0
"21","AVO","AVO-1","1/12/01","5/1/09","3/1/13","1/1/11",20,21,0,0,3,0,0,1400,"2/1/13",8.298630137,9.969863014,NA,0
"22","AVO","AVO-1","1/12/01","5/1/09","3/1/13","2/1/11",21,22,0,0,3,0,0,1400,"2/1/13",8.298630137,10.05479452,NA,0
"23","AVO","AVO-1","1/12/01","5/1/09","3/1/13","3/1/11",22,23,0,0,3,0,0,1400,"2/1/13",8.298630137,10.13150685,NA,0
"24","AVO","AVO-1","1/12/01","5/1/09","3/1/13","4/1/11",23,24,0,0,3,0,0,1400,"2/1/13",8.298630137,10.21643836,NA,0
"25","AVO","AVO-1","1/12/01","5/1/09","3/1/13","5/1/11",24,25,0,0,3,0,0,1400,"2/1/13",8.298630137,10.29863014,NA,0
"26","AVO","AVO-1","1/12/01","5/1/09","3/1/13","6/1/11",25,26,0,0,3,0,0,1400,"2/1/13",8.298630137,10.38356164,NA,0
"27","AVO","AVO-1","1/12/01","5/1/09","3/1/13","7/1/11",26,27,0,0,3,0,0,1400,"2/1/13",8.298630137,10.46575342,NA,0
"28","AVO","AVO-1","1/12/01","5/1/09","3/1/13","8/1/11",27,28,0,0,3,0,0,1400,"2/1/13",8.298630137,10.55068493,NA,0
"29","AVO","AVO-1","1/12/01","5/1/09","3/1/13","9/1/11",28,29,0,0,3,0,0,1400,"2/1/13",8.298630137,10.63561644,NA,0
"30","AVO","AVO-1","1/12/01","5/1/09","3/1/13","10/1/11",29,30,0,0,3,0,0,1400,"2/1/13",8.298630137,10.71780822,NA,0
"31","AVO","AVO-1","1/12/01","5/1/09","3/1/13","11/1/11",30,31,0,0,3,0,0,1400,"2/1/13",8.298630137,10.80273973,NA,0
"32","AVO","AVO-1","1/12/01","5/1/09","3/1/13","12/1/11",31,32,0,0,3,0,0,1400,"2/1/13",8.298630137,10.88493151,NA,0
"33","AVO","AVO-1","1/12/01","5/1/09","3/1/13","1/1/12",32,33,0,0,3,0,0,1400,"2/1/13",8.298630137,10.96986301,NA,0
"34","AVO","AVO-1","1/12/01","5/1/09","3/1/13","2/1/12",33,34,0,0,3,0,0,1400,"2/1/13",8.298630137,11.05464481,NA,0
"35","AVO","AVO-1","1/12/01","5/1/09","3/1/13","3/1/12",34,35,0,0,3,0,0,1400,"2/1/13",8.298630137,11.13387978,NA,0
"36","AVO","AVO-1","1/12/01","5/1/09","3/1/13","4/1/12",35,36,0,0,3,0,0,1400,"2/1/13",8.298630137,11.21857923,NA,0
"37","AVO","AVO-1","1/12/01","5/1/09","3/1/13","5/1/12",36,37,0,0,3,0,0,1400,"2/1/13",8.298630137,11.30054645,NA,0
"38","AVO","AVO-1","1/12/01","5/1/09","3/1/13","6/1/12",37,38,0,0,3,0,0,1400,"2/1/13",8.298630137,11.3852459,NA,0
"39","AVO","AVO-1","1/12/01","5/1/09","3/1/13","7/1/12",38,39,0,0,3,0,0,1400,"2/1/13",8.298630137,11.46721311,NA,0
"40","AVO","AVO-1","1/12/01","5/1/09","3/1/13","8/1/12",39,40,0,0,3,0,0,1400,"2/1/13",8.298630137,11.55191257,NA,0
"41","AVO","AVO-1","1/12/01","5/1/09","3/1/13","9/1/12",40,41,0,0,3,0,0,1400,"2/1/13",8.298630137,11.63661202,NA,0
"42","AVO","AVO-1","1/12/01","5/1/09","3/1/13","10/1/12",41,42,0,0,4,0,0,1400,"2/1/13",8.298630137,11.71857923,NA,0
"43","AVO","AVO-1","1/12/01","5/1/09","3/1/13","11/1/12",42,43,0,0,4,0,0,1400,"2/1/13",8.298630137,11.80327869,NA,0
"44","AVO","AVO-1","1/12/01","5/1/09","3/1/13","12/1/12",43,44,0,0,4,0,0,1400,"2/1/13",8.298630137,11.8852459,NA,0
"45","AVO","AVO-1","1/12/01","5/1/09","3/1/13","1/1/13",44,45,0,0,4,0,0,1400,"2/1/13",8.298630137,11.96994536,NA,0
"46","AVO","AVO-1","1/12/01","5/1/09","3/1/13","2/1/13",45,46,1,0,4,0,0,1400,"2/1/13",8.298630137,12.05479452,NA,0
"47","BUB","BUB-1","7/4/98","5/1/08","1/1/10","5/1/08",0,1,0,1,8,0,0,610,"12/1/09",9.825136612,9.825136612,"3/1/08",1
"48","BUB","BUB-1","7/4/98","5/1/08","1/1/10","6/1/08",1,2,0,1,8,0,0,610,"12/1/09",9.825136612,9.909836066,"3/1/08",1
"49","BUB","BUB-1","7/4/98","5/1/08","1/1/10","7/1/08",2,3,0,1,8,0,0,610,"12/1/09",9.825136612,9.991803279,"3/1/08",1
"50","BUB","BUB-1","7/4/98","5/1/08","1/1/10","8/1/08",3,4,0,1,8,0,0,610,"12/1/09",9.825136612,10.07671233,"3/1/08",0
"51","BUB","BUB-1","7/4/98","5/1/08","1/1/10","9/1/08",4,5,0,1,8,0,0,610,"12/1/09",9.825136612,10.16164384,"3/1/08",0
"52","BUB","BUB-1","7/4/98","5/1/08","1/1/10","10/1/08",5,6,0,1,8,0,0,610,"12/1/09",9.825136612,10.24383562,"3/1/08",0
"53","BUB","BUB-1","7/4/98","5/1/08","1/1/10","11/1/08",6,7,0,1,8,0,0,610,"12/1/09",9.825136612,10.32876712,"3/1/08",0
"54","BUB","BUB-1","7/4/98","5/1/08","1/1/10","12/1/08",7,8,0,1,8,0,0,610,"12/1/09",9.825136612,10.4109589,"3/1/08",0
"55","BUB","BUB-1","7/4/98","5/1/08","1/1/10","1/1/09",8,9,0,1,8,0,0,610,"12/1/09",9.825136612,10.49589041,"3/1/08",0
"56","BUB","BUB-1","7/4/98","5/1/08","1/1/10","2/1/09",9,10,0,1,8,0,0,610,"12/1/09",9.825136612,10.58082192,"3/1/08",0
"57","BUB","BUB-1","7/4/98","5/1/08","1/1/10","3/1/09",10,11,0,1,8,0,0,610,"12/1/09",9.825136612,10.65753425,"3/1/08",0
"58","BUB","BUB-1","7/4/98","5/1/08","1/1/10","4/1/09",11,12,0,1,8,0,0,610,"12/1/09",9.825136612,10.74246575,"3/1/08",0
"59","BUB","BUB-1","7/4/98","5/1/08","1/1/10","5/1/09",12,13,0,1,8,0,0,610,"12/1/09",9.825136612,10.82465753,"3/1/08",0
"60","BUB","BUB-1","7/4/98","5/1/08","1/1/10","6/1/09",13,14,0,1,8,0,0,610,"12/1/09",9.825136612,10.90958904,"3/1/08",0
"61","BUB","BUB-1","7/4/98","5/1/08","1/1/10","7/1/09",14,15,0,1,8,0,0,610,"12/1/09",9.825136612,10.99178082,"3/1/08",0
"62","BUB","BUB-1","7/4/98","5/1/08","1/1/10","8/1/09",15,16,0,1,8,0,0,610,"12/1/09",9.825136612,11.07671233,"3/1/08",0
"63","BUB","BUB-1","7/4/98","5/1/08","1/1/10","9/1/09",16,17,0,1,8,0,0,610,"12/1/09",9.825136612,11.16164384,"3/1/08",0
"64","BUB","BUB-1","7/4/98","5/1/08","1/1/10","10/1/09",17,18,0,1,9,0,0,610,"12/1/09",9.825136612,11.24383562,"3/1/08",0
"65","BUB","BUB-1","7/4/98","5/1/08","1/1/10","11/1/09",18,19,0,1,9,0,0,610,"12/1/09",9.825136612,11.32876712,"3/1/08",0
"66","BUB","BUB-1","7/4/98","5/1/08","1/1/10","12/1/09",19,20,1,1,9,0,0,610,"12/1/09",9.825136612,11.4109589,"3/1/08",0
"67","BUM","BUM-1","4/19/01","3/1/10","1/1/16","3/1/10",0,1,0,0,5,0,0,2132,"12/1/15",8.865753425,8.865753425,NA,3
"68","BUM","BUM-1","4/19/01","3/1/10","1/1/16","4/1/10",1,2,0,0,5,0,0,2132,"12/1/15",8.865753425,8.950684932,NA,3
"69","BUM","BUM-1","4/19/01","3/1/10","1/1/16","5/1/10",2,3,0,0,5,0,0,2132,"12/1/15",8.865753425,9.032876712,NA,3
"70","BUM","BUM-1","4/19/01","3/1/10","1/1/16","6/1/10",3,4,0,0,5,0,0,2132,"12/1/15",8.865753425,9.117808219,NA,3
"71","BUM","BUM-1","4/19/01","3/1/10","1/1/16","7/1/10",4,5,0,0,5,0,0,2132,"12/1/15",8.865753425,9.2,NA,3
"72","BUM","BUM-1","4/19/01","3/1/10","1/1/16","8/1/10",5,6,0,0,5,0,0,2132,"12/1/15",8.865753425,9.284931507,NA,2
"73","BUM","BUM-1","4/19/01","3/1/10","1/1/16","9/1/10",6,7,0,0,4,0,0,2132,"12/1/15",8.865753425,9.369863014,NA,0
"74","BUM","BUM-1","4/19/01","3/1/10","1/1/16","10/1/10",7,8,0,0,4,0,0,2132,"12/1/15",8.865753425,9.452054795,NA,0
"75","BUM","BUM-1","4/19/01","3/1/10","1/1/16","11/1/10",8,9,0,0,4,0,0,2132,"12/1/15",8.865753425,9.536986301,NA,0
"76","BUM","BUM-1","4/19/01","3/1/10","1/1/16","12/1/10",9,10,0,0,4,0,0,2132,"12/1/15",8.865753425,9.619178082,NA,0
"77","BUM","BUM-1","4/19/01","3/1/10","1/1/16","1/1/11",10,11,0,0,4,0,0,2132,"12/1/15",8.865753425,9.704109589,NA,0
"78","BUM","BUM-1","4/19/01","3/1/10","1/1/16","2/1/11",11,12,0,0,4,0,0,2132,"12/1/15",8.865753425,9.789041096,NA,0
"79","BUM","BUM-1","4/19/01","3/1/10","1/1/16","3/1/11",12,13,0,0,4,0,0,2132,"12/1/15",8.865753425,9.865753425,NA,0
"80","BUM","BUM-1","4/19/01","3/1/10","1/1/16","4/1/11",13,14,0,0,4,0,0,2132,"12/1/15",8.865753425,9.950684932,NA,0
"81","BUM","BUM-1","4/19/01","3/1/10","1/1/16","5/1/11",14,15,0,0,4,0,0,2132,"12/1/15",8.865753425,10.03278689,NA,0
"82","BUM","BUM-1","4/19/01","3/1/10","1/1/16","6/1/11",15,16,0,0,4,0,0,2132,"12/1/15",8.865753425,10.11748634,NA,0
"83","BUM","BUM-1","4/19/01","3/1/10","1/1/16","7/1/11",16,17,0,0,4,0,0,2132,"12/1/15",8.865753425,10.19945355,NA,0
"84","BUM","BUM-1","4/19/01","3/1/10","1/1/16","8/1/11",17,18,0,0,4,0,0,2132,"12/1/15",8.865753425,10.28415301,NA,0
"85","BUM","BUM-1","4/19/01","3/1/10","1/1/16","9/1/11",18,19,0,0,4,0,0,2132,"12/1/15",8.865753425,10.36885246,NA,0
"86","BUM","BUM-1","4/19/01","3/1/10","1/1/16","10/1/11",19,20,0,0,4,0,0,2132,"12/1/15",8.865753425,10.45081967,NA,0
"87","BUM","BUM-1","4/19/01","3/1/10","1/1/16","11/1/11",20,21,0,0,4,0,0,2132,"12/1/15",8.865753425,10.53551913,NA,0
"88","BUM","BUM-1","4/19/01","3/1/10","1/1/16","12/1/11",21,22,0,0,5,0,0,2132,"12/1/15",8.865753425,10.61748634,NA,0
"89","BUM","BUM-1","4/19/01","3/1/10","1/1/16","1/1/12",22,23,0,0,5,0,0,2132,"12/1/15",8.865753425,10.70218579,NA,0
"90","BUM","BUM-1","4/19/01","3/1/10","1/1/16","2/1/12",23,24,0,0,5,0,0,2132,"12/1/15",8.865753425,10.78688525,NA,0
"91","BUM","BUM-1","4/19/01","3/1/10","1/1/16","3/1/12",24,25,0,0,5,0,0,2132,"12/1/15",8.865753425,10.86612022,NA,0
"92","BUM","BUM-1","4/19/01","3/1/10","1/1/16","4/1/12",25,26,0,0,4,0,0,2132,"12/1/15",8.865753425,10.95081967,NA,0
"93","BUM","BUM-1","4/19/01","3/1/10","1/1/16","5/1/12",26,27,0,0,4,0,0,2132,"12/1/15",8.865753425,11.03287671,NA,0
"94","BUM","BUM-1","4/19/01","3/1/10","1/1/16","6/1/12",27,28,0,0,4,0,0,2132,"12/1/15",8.865753425,11.11780822,NA,0
"95","BUM","BUM-1","4/19/01","3/1/10","1/1/16","7/1/12",28,29,0,0,5,0,0,2132,"12/1/15",8.865753425,11.2,NA,0
"96","BUM","BUM-1","4/19/01","3/1/10","1/1/16","8/1/12",29,30,0,0,5,0,0,2132,"12/1/15",8.865753425,11.28493151,NA,0
"97","BUM","BUM-1","4/19/01","3/1/10","1/1/16","9/1/12",30,31,0,0,5,0,0,2132,"12/1/15",8.865753425,11.36986301,NA,0
"98","BUM","BUM-1","4/19/01","3/1/10","1/1/16","10/1/12",31,32,0,0,5,0,0,2132,"12/1/15",8.865753425,11.45205479,NA,0
"99","BUM","BUM-1","4/19/01","3/1/10","1/1/16","11/1/12",32,33,0,0,5,0,0,2132,"12/1/15",8.865753425,11.5369863,NA,0
"100","BUM","BUM-1","4/19/01","3/1/10","1/1/16","12/1/12",33,34,0,0,5,0,0,2132,"12/1/15",8.865753425,11.61917808,NA,0
"101","BUM","BUM-1","4/19/01","3/1/10","1/1/16","1/1/13",34,35,0,0,5,0,0,2132,"12/1/15",8.865753425,11.70410959,NA,0
"102","BUM","BUM-1","4/19/01","3/1/10","1/1/16","2/1/13",35,36,0,0,5,0,0,2132,"12/1/15",8.865753425,11.7890411,NA,0
"103","BUM","BUM-1","4/19/01","3/1/10","1/1/16","3/1/13",36,37,0,0,5,0,0,2132,"12/1/15",8.865753425,11.86575342,NA,0
"104","BUM","BUM-1","4/19/01","3/1/10","1/1/16","4/1/13",37,38,0,0,5,0,0,2132,"12/1/15",8.865753425,11.95068493,NA,0
"105","BUM","BUM-1","4/19/01","3/1/10","1/1/16","5/1/13",38,39,0,0,5,0,0,2132,"12/1/15",8.865753425,12.03287671,NA,0
"106","BUM","BUM-1","4/19/01","3/1/10","1/1/16","6/1/13",39,40,0,0,5,0,0,2132,"12/1/15",8.865753425,12.11780822,NA,0
"107","BUM","BUM-1","4/19/01","3/1/10","1/1/16","7/1/13",40,41,0,0,5,0,0,2132,"12/1/15",8.865753425,12.2,NA,0
"108","BUM","BUM-1","4/19/01","3/1/10","1/1/16","8/1/13",41,42,0,0,5,0,0,2132,"12/1/15",8.865753425,12.28493151,NA,0
"109","BUM","BUM-1","4/19/01","3/1/10","1/1/16","9/1/13",42,43,0,0,5,0,0,2132,"12/1/15",8.865753425,12.36986301,NA,0
"110","BUM","BUM-1","4/19/01","3/1/10","1/1/16","10/1/13",43,44,0,0,5,0,0,2132,"12/1/15",8.865753425,12.45205479,NA,0
"111","BUM","BUM-1","4/19/01","3/1/10","1/1/16","11/1/13",44,45,0,0,5,0,0,2132,"12/1/15",8.865753425,12.5369863,NA,0
"112","BUM","BUM-1","4/19/01","3/1/10","1/1/16","12/1/13",45,46,0,0,5,0,0,2132,"12/1/15",8.865753425,12.61917808,NA,0
"113","BUM","BUM-1","4/19/01","3/1/10","1/1/16","1/1/14",46,47,0,0,5,0,0,2132,"12/1/15",8.865753425,12.70410959,NA,0
"114","BUM","BUM-1","4/19/01","3/1/10","1/1/16","2/1/14",47,48,0,0,5,0,0,2132,"12/1/15",8.865753425,12.7890411,NA,0
"115","BUM","BUM-1","4/19/01","3/1/10","1/1/16","3/1/14",48,49,0,0,5,0,0,2132,"12/1/15",8.865753425,12.86575342,NA,0
"116","BUM","BUM-1","4/19/01","3/1/10","1/1/16","4/1/14",49,50,0,0,5,0,0,2132,"12/1/15",8.865753425,12.95068493,NA,0
"117","BUM","BUM-1","4/19/01","3/1/10","1/1/16","5/1/14",50,51,0,0,5,0,0,2132,"12/1/15",8.865753425,13.03287671,NA,0
"118","BUM","BUM-1","4/19/01","3/1/10","1/1/16","6/1/14",51,52,0,0,5,0,0,2132,"12/1/15",8.865753425,13.11780822,NA,0
"119","BUM","BUM-1","4/19/01","3/1/10","1/1/16","7/1/14",52,53,0,0,5,0,0,2132,"12/1/15",8.865753425,13.2,NA,0
"120","BUM","BUM-1","4/19/01","3/1/10","1/1/16","8/1/14",53,54,0,0,5,0,0,2132,"12/1/15",8.865753425,13.28493151,NA,0
"121","BUM","BUM-1","4/19/01","3/1/10","1/1/16","9/1/14",54,55,0,0,5,0,0,2132,"12/1/15",8.865753425,13.36986301,NA,0
"122","BUM","BUM-1","4/19/01","3/1/10","1/1/16","10/1/14",55,56,0,0,5,0,0,2132,"12/1/15",8.865753425,13.45205479,NA,0
"123","BUM","BUM-1","4/19/01","3/1/10","1/1/16","11/1/14",56,57,0,0,5,0,0,2132,"12/1/15",8.865753425,13.5369863,NA,0
"124","BUM","BUM-1","4/19/01","3/1/10","1/1/16","12/1/14",57,58,0,0,5,0,0,2132,"12/1/15",8.865753425,13.61917808,NA,0
"125","BUM","BUM-1","4/19/01","3/1/10","1/1/16","1/1/15",58,59,0,0,5,0,0,2132,"12/1/15",8.865753425,13.70410959,NA,0
"126","BUM","BUM-1","4/19/01","3/1/10","1/1/16","2/1/15",59,60,0,0,5,0,0,2132,"12/1/15",8.865753425,13.7890411,NA,0
"127","BUM","BUM-1","4/19/01","3/1/10","1/1/16","3/1/15",60,61,0,0,5,0,0,2132,"12/1/15",8.865753425,13.86575342,NA,0
"128","BUM","BUM-1","4/19/01","3/1/10","1/1/16","4/1/15",61,62,0,0,5,0,0,2132,"12/1/15",8.865753425,13.95068493,NA,0
"129","BUM","BUM-1","4/19/01","3/1/10","1/1/16","5/1/15",62,63,0,0,5,0,0,2132,"12/1/15",8.865753425,14.03278689,NA,0
"130","BUM","BUM-1","4/19/01","3/1/10","1/1/16","6/1/15",63,64,0,0,5,0,0,2132,"12/1/15",8.865753425,14.11748634,NA,0
"131","BUM","BUM-1","4/19/01","3/1/10","1/1/16","7/1/15",64,65,0,0,5,0,0,2132,"12/1/15",8.865753425,14.19945355,NA,0
"132","BUM","BUM-1","4/19/01","3/1/10","1/1/16","8/1/15",65,66,0,0,5,0,0,2132,"12/1/15",8.865753425,14.28415301,NA,0
"133","BUM","BUM-1","4/19/01","3/1/10","1/1/16","9/1/15",66,67,0,0,5,0,0,2132,"12/1/15",8.865753425,14.36885246,NA,0
"134","BUM","BUM-1","4/19/01","3/1/10","1/1/16","10/1/15",67,68,0,0,5,0,0,2132,"12/1/15",8.865753425,14.45081967,NA,0
"135","BUM","BUM-1","4/19/01","3/1/10","1/1/16","11/1/15",68,69,0,0,4,0,0,2132,"12/1/15",8.865753425,14.53551913,NA,0
"136","BUM","BUM-1","4/19/01","3/1/10","1/1/16","12/1/15",69,70,1,0,4,0,0,2132,"12/1/15",8.865753425,14.61748634,NA,2
"137","DAX","DAX-1","2/6/08","2/1/17","9/1/18","2/1/17",0,1,0,0,7,0,0,577,"8/1/18",8.986338798,8.986338798,NA,3
"138","DAX","DAX-1","2/6/08","2/1/17","9/1/18","3/1/17",1,2,0,0,7,0,0,577,"8/1/18",8.986338798,9.063013699,NA,2
"139","DAX","DAX-1","2/6/08","2/1/17","9/1/18","4/1/17",2,3,0,0,7,0,0,577,"8/1/18",8.986338798,9.147945205,NA,2
"140","DAX","DAX-1","2/6/08","2/1/17","9/1/18","5/1/17",3,4,0,0,7,0,0,577,"8/1/18",8.986338798,9.230136986,NA,2
"141","DAX","DAX-1","2/6/08","2/1/17","9/1/18","6/1/17",4,5,0,0,7,0,0,577,"8/1/18",8.986338798,9.315068493,NA,2
"142","DAX","DAX-1","2/6/08","2/1/17","9/1/18","7/1/17",5,6,0,0,7,0,0,577,"8/1/18",8.986338798,9.397260274,NA,2
"143","DAX","DAX-1","2/6/08","2/1/17","9/1/18","8/1/17",6,7,0,0,7,0,0,577,"8/1/18",8.986338798,9.482191781,NA,2
"144","DAX","DAX-1","2/6/08","2/1/17","9/1/18","9/1/17",7,8,0,0,7,0,0,577,"8/1/18",8.986338798,9.567123288,NA,2
"145","DAX","DAX-1","2/6/08","2/1/17","9/1/18","10/1/17",8,9,0,0,7,0,0,577,"8/1/18",8.986338798,9.649315068,NA,2
"146","DAX","DAX-1","2/6/08","2/1/17","9/1/18","11/1/17",9,10,0,0,7,0,0,577,"8/1/18",8.986338798,9.734246575,NA,2
"147","DAX","DAX-1","2/6/08","2/1/17","9/1/18","12/1/17",10,11,0,0,7,0,0,577,"8/1/18",8.986338798,9.816438356,NA,2
"148","DAX","DAX-1","2/6/08","2/1/17","9/1/18","1/1/18",11,12,0,0,7,0,0,577,"8/1/18",8.986338798,9.901369863,NA,1
"149","DAX","DAX-1","2/6/08","2/1/17","9/1/18","2/1/18",12,13,0,0,7,0,0,577,"8/1/18",8.986338798,9.98630137,NA,1
"150","DAX","DAX-1","2/6/08","2/1/17","9/1/18","3/1/18",13,14,0,0,8,0,0,577,"8/1/18",8.986338798,10.0630137,NA,1
"151","DAX","DAX-1","2/6/08","2/1/17","9/1/18","4/1/18",14,15,0,0,8,0,0,577,"8/1/18",8.986338798,10.14794521,NA,1
"152","DAX","DAX-1","2/6/08","2/1/17","9/1/18","5/1/18",15,16,0,0,8,0,0,577,"8/1/18",8.986338798,10.23013699,NA,1
"153","DAX","DAX-1","2/6/08","2/1/17","9/1/18","6/1/18",16,17,0,0,8,0,0,577,"8/1/18",8.986338798,10.31506849,NA,1
"154","DAX","DAX-1","2/6/08","2/1/17","9/1/18","7/1/18",17,18,0,0,8,0,0,577,"8/1/18",8.986338798,10.39726027,NA,3
"155","DAX","DAX-1","2/6/08","2/1/17","9/1/18","8/1/18",18,19,1,0,8,0,0,577,"8/1/18",8.986338798,10.48219178,NA,2
"156","DAX","DAX-2","2/6/08","9/1/18","12/1/18","9/1/18",0,1,0,0,5,0,0,91,"11/1/18",8.986338798,10.56712329,NA,1
"157","DAX","DAX-2","2/6/08","9/1/18","12/1/18","10/1/18",1,2,0,0,5,0,0,91,"11/1/18",8.986338798,10.64931507,NA,1
"158","DAX","DAX-2","2/6/08","9/1/18","12/1/18","11/1/18",2,3,1,0,5,0,0,91,"11/1/18",8.986338798,10.73424658,NA,1
"159","DEM","DEM-1","12/10/06","4/1/15","2/1/17","4/1/15",0,1,0,0,7,0,0,672,"1/1/17",8.306849315,8.306849315,NA,3
"160","DEM","DEM-1","12/10/06","4/1/15","2/1/17","5/1/15",1,2,0,0,7,0,0,672,"1/1/17",8.306849315,8.389041096,NA,3
"161","DEM","DEM-1","12/10/06","4/1/15","2/1/17","6/1/15",2,3,0,0,7,0,0,672,"1/1/17",8.306849315,8.473972603,NA,3
"162","DEM","DEM-1","12/10/06","4/1/15","2/1/17","7/1/15",3,4,0,0,7,0,0,672,"1/1/17",8.306849315,8.556164384,NA,3
"163","DEM","DEM-1","12/10/06","4/1/15","2/1/17","8/1/15",4,5,0,0,7,0,0,672,"1/1/17",8.306849315,8.64109589,NA,3
"164","DEM","DEM-1","12/10/06","4/1/15","2/1/17","9/1/15",5,6,0,0,7,0,0,672,"1/1/17",8.306849315,8.726027397,NA,3
"165","DEM","DEM-1","12/10/06","4/1/15","2/1/17","10/1/15",6,7,0,0,7,0,0,672,"1/1/17",8.306849315,8.808219178,NA,3
"166","DEM","DEM-1","12/10/06","4/1/15","2/1/17","11/1/15",7,8,0,0,7,0,0,672,"1/1/17",8.306849315,8.893150685,NA,3
"167","DEM","DEM-1","12/10/06","4/1/15","2/1/17","12/1/15",8,9,0,0,7,0,0,672,"1/1/17",8.306849315,8.975342466,NA,3
"168","DEM","DEM-1","12/10/06","4/1/15","2/1/17","1/1/16",9,10,0,0,7,0,0,672,"1/1/17",8.306849315,9.06010929,NA,3
"169","DEM","DEM-1","12/10/06","4/1/15","2/1/17","2/1/16",10,11,0,0,7,0,0,672,"1/1/17",8.306849315,9.144808743,NA,3
"170","DEM","DEM-1","12/10/06","4/1/15","2/1/17","3/1/16",11,12,0,0,7,0,0,672,"1/1/17",8.306849315,9.224043716,NA,3
"171","DEM","DEM-1","12/10/06","4/1/15","2/1/17","4/1/16",12,13,0,0,7,0,0,672,"1/1/17",8.306849315,9.308743169,NA,4
"172","DEM","DEM-1","12/10/06","4/1/15","2/1/17","5/1/16",13,14,0,0,7,0,0,672,"1/1/17",8.306849315,9.390710383,NA,4
"173","DEM","DEM-1","12/10/06","4/1/15","2/1/17","6/1/16",14,15,0,0,7,0,0,672,"1/1/17",8.306849315,9.475409836,NA,4
"174","DEM","DEM-1","12/10/06","4/1/15","2/1/17","7/1/16",15,16,0,0,7,0,0,672,"1/1/17",8.306849315,9.557377049,NA,4
"175","DEM","DEM-1","12/10/06","4/1/15","2/1/17","8/1/16",16,17,0,0,7,0,0,672,"1/1/17",8.306849315,9.642076503,NA,4
"176","DEM","DEM-1","12/10/06","4/1/15","2/1/17","9/1/16",17,18,0,0,7,0,0,672,"1/1/17",8.306849315,9.726775956,NA,2
"177","DEM","DEM-1","12/10/06","4/1/15","2/1/17","10/1/16",18,19,0,0,7,0,0,672,"1/1/17",8.306849315,9.808743169,NA,2
"178","DEM","DEM-1","12/10/06","4/1/15","2/1/17","11/1/16",19,20,0,0,7,0,0,672,"1/1/17",8.306849315,9.893442623,NA,2
"179","DEM","DEM-1","12/10/06","4/1/15","2/1/17","12/1/16",20,21,0,0,7,0,0,672,"1/1/17",8.306849315,9.975409836,NA,0
"180","DEM","DEM-1","12/10/06","4/1/15","2/1/17","1/1/17",21,22,1,0,7,0,0,672,"1/1/17",8.306849315,10.06027397,NA,0
"181","DEV","DEV-1","1/2/99","7/1/08","4/1/15","7/1/08",0,1,0,0,5,0,0,2465,"3/1/15",9.494535519,9.494535519,NA,2
"182","DEV","DEV-1","1/2/99","7/1/08","4/1/15","8/1/08",1,2,0,0,5,0,0,2465,"3/1/15",9.494535519,9.579234973,NA,2
"183","DEV","DEV-1","1/2/99","7/1/08","4/1/15","9/1/08",2,3,0,0,5,0,0,2465,"3/1/15",9.494535519,9.663934426,NA,2
"184","DEV","DEV-1","1/2/99","7/1/08","4/1/15","10/1/08",3,4,0,0,5,0,0,2465,"3/1/15",9.494535519,9.745901639,NA,2
"185","DEV","DEV-1","1/2/99","7/1/08","4/1/15","11/1/08",4,5,0,0,5,0,0,2465,"3/1/15",9.494535519,9.830601093,NA,2
"186","DEV","DEV-1","1/2/99","7/1/08","4/1/15","12/1/08",5,6,0,0,5,0,0,2465,"3/1/15",9.494535519,9.912568306,NA,2
"187","DEV","DEV-1","1/2/99","7/1/08","4/1/15","1/1/09",6,7,0,0,5,0,0,2465,"3/1/15",9.494535519,9.99726776,NA,2
"188","DEV","DEV-1","1/2/99","7/1/08","4/1/15","2/1/09",7,8,0,0,5,0,0,2465,"3/1/15",9.494535519,10.08219178,NA,2
"189","DEV","DEV-1","1/2/99","7/1/08","4/1/15","3/1/09",8,9,0,0,5,0,0,2465,"3/1/15",9.494535519,10.15890411,NA,2
"190","DEV","DEV-1","1/2/99","7/1/08","4/1/15","4/1/09",9,10,0,0,5,0,0,2465,"3/1/15",9.494535519,10.24383562,NA,2
"191","DEV","DEV-1","1/2/99","7/1/08","4/1/15","5/1/09",10,11,0,0,5,0,0,2465,"3/1/15",9.494535519,10.3260274,NA,2
"192","DEV","DEV-1","1/2/99","7/1/08","4/1/15","6/1/09",11,12,0,0,4,0,0,2465,"3/1/15",9.494535519,10.4109589,NA,2
"193","DEV","DEV-1","1/2/99","7/1/08","4/1/15","7/1/09",12,13,0,0,4,0,0,2465,"3/1/15",9.494535519,10.49315068,NA,2
"194","DEV","DEV-1","1/2/99","7/1/08","4/1/15","8/1/09",13,14,0,0,4,0,0,2465,"3/1/15",9.494535519,10.57808219,NA,2
"195","DEV","DEV-1","1/2/99","7/1/08","4/1/15","9/1/09",14,15,0,0,4,0,0,2465,"3/1/15",9.494535519,10.6630137,NA,2
"196","DEV","DEV-1","1/2/99","7/1/08","4/1/15","10/1/09",15,16,0,0,4,0,0,2465,"3/1/15",9.494535519,10.74520548,NA,2
"197","DEV","DEV-1","1/2/99","7/1/08","4/1/15","11/1/09",16,17,0,0,4,0,0,2465,"3/1/15",9.494535519,10.83013699,NA,2
"198","DEV","DEV-1","1/2/99","7/1/08","4/1/15","12/1/09",17,18,0,0,4,0,0,2465,"3/1/15",9.494535519,10.91232877,NA,2
"199","DEV","DEV-1","1/2/99","7/1/08","4/1/15","1/1/10",18,19,0,0,4,0,0,2465,"3/1/15",9.494535519,10.99726027,NA,2
"200","DEV","DEV-1","1/2/99","7/1/08","4/1/15","2/1/10",19,20,0,0,4,0,0,2465,"3/1/15",9.494535519,11.08219178,NA,2
"201","DEV","DEV-1","1/2/99","7/1/08","4/1/15","3/1/10",20,21,0,0,4,0,0,2465,"3/1/15",9.494535519,11.15890411,NA,2
"202","DEV","DEV-1","1/2/99","7/1/08","4/1/15","4/1/10",21,22,0,0,4,0,0,2465,"3/1/15",9.494535519,11.24383562,NA,2
"203","DEV","DEV-1","1/2/99","7/1/08","4/1/15","5/1/10",22,23,0,0,4,0,0,2465,"3/1/15",9.494535519,11.3260274,NA,2
"204","DEV","DEV-1","1/2/99","7/1/08","4/1/15","6/1/10",23,24,0,0,4,0,0,2465,"3/1/15",9.494535519,11.4109589,NA,2
"205","DEV","DEV-1","1/2/99","7/1/08","4/1/15","7/1/10",24,25,0,0,4,0,0,2465,"3/1/15",9.494535519,11.49315068,NA,2
"206","DEV","DEV-1","1/2/99","7/1/08","4/1/15","8/1/10",25,26,0,0,4,0,0,2465,"3/1/15",9.494535519,11.57808219,NA,2
"207","DEV","DEV-1","1/2/99","7/1/08","4/1/15","9/1/10",26,27,0,0,4,0,0,2465,"3/1/15",9.494535519,11.6630137,NA,2
"208","DEV","DEV-1","1/2/99","7/1/08","4/1/15","10/1/10",27,28,0,0,4,0,0,2465,"3/1/15",9.494535519,11.74520548,NA,2
"209","DEV","DEV-1","1/2/99","7/1/08","4/1/15","11/1/10",28,29,0,0,4,0,0,2465,"3/1/15",9.494535519,11.83013699,NA,2
"210","DEV","DEV-1","1/2/99","7/1/08","4/1/15","12/1/10",29,30,0,0,4,0,0,2465,"3/1/15",9.494535519,11.91232877,NA,2
"211","DEV","DEV-1","1/2/99","7/1/08","4/1/15","1/1/11",30,31,0,0,4,0,0,2465,"3/1/15",9.494535519,11.99726027,NA,2
"212","DEV","DEV-1","1/2/99","7/1/08","4/1/15","2/1/11",31,32,0,0,4,0,0,2465,"3/1/15",9.494535519,12.08219178,NA,2
"213","DEV","DEV-1","1/2/99","7/1/08","4/1/15","3/1/11",32,33,0,0,4,0,0,2465,"3/1/15",9.494535519,12.15890411,NA,2
"214","DEV","DEV-1","1/2/99","7/1/08","4/1/15","4/1/11",33,34,0,0,4,0,0,2465,"3/1/15",9.494535519,12.24383562,NA,2
"215","DEV","DEV-1","1/2/99","7/1/08","4/1/15","5/1/11",34,35,0,0,4,0,0,2465,"3/1/15",9.494535519,12.3260274,NA,2
"216","DEV","DEV-1","1/2/99","7/1/08","4/1/15","6/1/11",35,36,0,0,4,0,0,2465,"3/1/15",9.494535519,12.4109589,NA,2
"217","DEV","DEV-1","1/2/99","7/1/08","4/1/15","7/1/11",36,37,0,0,4,0,0,2465,"3/1/15",9.494535519,12.49315068,NA,2
"218","DEV","DEV-1","1/2/99","7/1/08","4/1/15","8/1/11",37,38,0,0,4,0,0,2465,"3/1/15",9.494535519,12.57808219,NA,2
"219","DEV","DEV-1","1/2/99","7/1/08","4/1/15","9/1/11",38,39,0,0,4,0,0,2465,"3/1/15",9.494535519,12.6630137,NA,2
"220","DEV","DEV-1","1/2/99","7/1/08","4/1/15","10/1/11",39,40,0,0,4,0,0,2465,"3/1/15",9.494535519,12.74520548,NA,2
"221","DEV","DEV-1","1/2/99","7/1/08","4/1/15","11/1/11",40,41,0,0,5,0,0,2465,"3/1/15",9.494535519,12.83013699,NA,2
"222","DEV","DEV-1","1/2/99","7/1/08","4/1/15","12/1/11",41,42,0,0,5,0,0,2465,"3/1/15",9.494535519,12.91232877,NA,2
"223","DEV","DEV-1","1/2/99","7/1/08","4/1/15","1/1/12",42,43,0,0,5,0,0,2465,"3/1/15",9.494535519,12.99726027,NA,2
"224","DEV","DEV-1","1/2/99","7/1/08","4/1/15","2/1/12",43,44,0,0,5,0,0,2465,"3/1/15",9.494535519,13.08196721,NA,2
"225","DEV","DEV-1","1/2/99","7/1/08","4/1/15","3/1/12",44,45,0,0,5,0,0,2465,"3/1/15",9.494535519,13.16120219,NA,2
"226","DEV","DEV-1","1/2/99","7/1/08","4/1/15","4/1/12",45,46,0,0,5,0,0,2465,"3/1/15",9.494535519,13.24590164,NA,2
"227","DEV","DEV-1","1/2/99","7/1/08","4/1/15","5/1/12",46,47,0,0,5,0,0,2465,"3/1/15",9.494535519,13.32786885,NA,2
"228","DEV","DEV-1","1/2/99","7/1/08","4/1/15","6/1/12",47,48,0,0,5,0,0,2465,"3/1/15",9.494535519,13.41256831,NA,2
"229","DEV","DEV-1","1/2/99","7/1/08","4/1/15","7/1/12",48,49,0,0,5,0,0,2465,"3/1/15",9.494535519,13.49453552,NA,2
"230","DEV","DEV-1","1/2/99","7/1/08","4/1/15","8/1/12",49,50,0,0,4,0,0,2465,"3/1/15",9.494535519,13.57923497,NA,2
"231","DEV","DEV-1","1/2/99","7/1/08","4/1/15","9/1/12",50,51,0,0,4,0,0,2465,"3/1/15",9.494535519,13.66393443,NA,2
"232","DEV","DEV-1","1/2/99","7/1/08","4/1/15","10/1/12",51,52,0,0,4,0,0,2465,"3/1/15",9.494535519,13.74590164,NA,2
"233","DEV","DEV-1","1/2/99","7/1/08","4/1/15","11/1/12",52,53,0,0,4,0,0,2465,"3/1/15",9.494535519,13.83060109,NA,2
"234","DEV","DEV-1","1/2/99","7/1/08","4/1/15","12/1/12",53,54,0,0,4,0,0,2465,"3/1/15",9.494535519,13.91256831,NA,2
"235","DEV","DEV-1","1/2/99","7/1/08","4/1/15","1/1/13",54,55,0,0,4,0,0,2465,"3/1/15",9.494535519,13.99726776,NA,2
"236","DEV","DEV-1","1/2/99","7/1/08","4/1/15","2/1/13",55,56,0,0,4,0,0,2465,"3/1/15",9.494535519,14.08219178,NA,2
"237","DEV","DEV-1","1/2/99","7/1/08","4/1/15","3/1/13",56,57,0,0,4,0,0,2465,"3/1/15",9.494535519,14.15890411,NA,2
"238","DEV","DEV-1","1/2/99","7/1/08","4/1/15","4/1/13",57,58,0,0,4,0,0,2465,"3/1/15",9.494535519,14.24383562,NA,2
"239","DEV","DEV-1","1/2/99","7/1/08","4/1/15","5/1/13",58,59,0,0,4,0,0,2465,"3/1/15",9.494535519,14.3260274,NA,2
"240","DEV","DEV-1","1/2/99","7/1/08","4/1/15","6/1/13",59,60,0,0,4,0,0,2465,"3/1/15",9.494535519,14.4109589,NA,2
"241","DEV","DEV-1","1/2/99","7/1/08","4/1/15","7/1/13",60,61,0,0,4,0,0,2465,"3/1/15",9.494535519,14.49315068,NA,2
"242","DEV","DEV-1","1/2/99","7/1/08","4/1/15","8/1/13",61,62,0,0,4,0,0,2465,"3/1/15",9.494535519,14.57808219,NA,2
"243","DEV","DEV-1","1/2/99","7/1/08","4/1/15","9/1/13",62,63,0,0,4,0,0,2465,"3/1/15",9.494535519,14.6630137,NA,0
"244","DEV","DEV-1","1/2/99","7/1/08","4/1/15","10/1/13",63,64,0,0,4,0,0,2465,"3/1/15",9.494535519,14.74520548,NA,0
"245","DEV","DEV-1","1/2/99","7/1/08","4/1/15","11/1/13",64,65,0,0,4,0,0,2465,"3/1/15",9.494535519,14.83013699,NA,0
"246","DEV","DEV-1","1/2/99","7/1/08","4/1/15","12/1/13",65,66,0,0,4,0,0,2465,"3/1/15",9.494535519,14.91232877,NA,0
"247","DEV","DEV-1","1/2/99","7/1/08","4/1/15","1/1/14",66,67,0,0,4,0,0,2465,"3/1/15",9.494535519,14.99726027,NA,0
"248","DEV","DEV-1","1/2/99","7/1/08","4/1/15","2/1/14",67,68,0,0,4,0,0,2465,"3/1/15",9.494535519,15.08219178,NA,0
"249","DEV","DEV-1","1/2/99","7/1/08","4/1/15","3/1/14",68,69,0,0,4,0,0,2465,"3/1/15",9.494535519,15.15890411,NA,0
"250","DEV","DEV-1","1/2/99","7/1/08","4/1/15","4/1/14",69,70,0,0,4,0,0,2465,"3/1/15",9.494535519,15.24383562,NA,0
"251","DEV","DEV-1","1/2/99","7/1/08","4/1/15","5/1/14",70,71,0,0,4,0,0,2465,"3/1/15",9.494535519,15.3260274,NA,0
"252","DEV","DEV-1","1/2/99","7/1/08","4/1/15","6/1/14",71,72,0,0,4,0,0,2465,"3/1/15",9.494535519,15.4109589,NA,0
"253","DEV","DEV-1","1/2/99","7/1/08","4/1/15","7/1/14",72,73,0,0,4,0,0,2465,"3/1/15",9.494535519,15.49315068,NA,0
"254","DEV","DEV-1","1/2/99","7/1/08","4/1/15","8/1/14",73,74,0,0,4,0,0,2465,"3/1/15",9.494535519,15.57808219,NA,0
"255","DEV","DEV-1","1/2/99","7/1/08","4/1/15","9/1/14",74,75,0,0,4,0,0,2465,"3/1/15",9.494535519,15.6630137,NA,0
"256","DEV","DEV-1","1/2/99","7/1/08","4/1/15","10/1/14",75,76,0,0,4,0,0,2465,"3/1/15",9.494535519,15.74520548,NA,0
"257","DEV","DEV-1","1/2/99","7/1/08","4/1/15","11/1/14",76,77,0,0,4,0,0,2465,"3/1/15",9.494535519,15.83013699,NA,0
"258","DEV","DEV-1","1/2/99","7/1/08","4/1/15","12/1/14",77,78,0,0,4,0,0,2465,"3/1/15",9.494535519,15.91232877,NA,0
"259","DEV","DEV-1","1/2/99","7/1/08","4/1/15","1/1/15",78,79,0,0,4,0,0,2465,"3/1/15",9.494535519,15.99726027,NA,0
"260","DEV","DEV-1","1/2/99","7/1/08","4/1/15","2/1/15",79,80,0,0,4,0,0,2465,"3/1/15",9.494535519,16.08219178,NA,0
"261","DEV","DEV-1","1/2/99","7/1/08","4/1/15","3/1/15",80,81,1,0,5,0,0,2465,"3/1/15",9.494535519,16.15890411,NA,3
"262","DIE","DIE-1","3/11/04","3/1/13","4/1/15","3/1/13",0,1,0,0,4,0,0,761,"3/1/15",8.97260274,8.97260274,NA,0
"263","DIE","DIE-1","3/11/04","3/1/13","4/1/15","4/1/13",1,2,0,0,4,0,0,761,"3/1/15",8.97260274,9.057534247,NA,0
"264","DIE","DIE-1","3/11/04","3/1/13","4/1/15","5/1/13",2,3,0,0,4,0,0,761,"3/1/15",8.97260274,9.139726027,NA,0
"265","DIE","DIE-1","3/11/04","3/1/13","4/1/15","6/1/13",3,4,0,0,4,0,0,761,"3/1/15",8.97260274,9.224657534,NA,0
"266","DIE","DIE-1","3/11/04","3/1/13","4/1/15","7/1/13",4,5,0,0,4,0,0,761,"3/1/15",8.97260274,9.306849315,NA,0
"267","DIE","DIE-1","3/11/04","3/1/13","4/1/15","8/1/13",5,6,0,0,4,0,0,761,"3/1/15",8.97260274,9.391780822,NA,0
"268","DIE","DIE-1","3/11/04","3/1/13","4/1/15","9/1/13",6,7,0,0,4,0,0,761,"3/1/15",8.97260274,9.476712329,NA,0
"269","DIE","DIE-1","3/11/04","3/1/13","4/1/15","10/1/13",7,8,0,0,4,0,0,761,"3/1/15",8.97260274,9.55890411,NA,0
"270","DIE","DIE-1","3/11/04","3/1/13","4/1/15","11/1/13",8,9,0,0,4,0,0,761,"3/1/15",8.97260274,9.643835616,NA,0
"271","DIE","DIE-1","3/11/04","3/1/13","4/1/15","12/1/13",9,10,0,0,4,0,0,761,"3/1/15",8.97260274,9.726027397,NA,0
"272","DIE","DIE-1","3/11/04","3/1/13","4/1/15","1/1/14",10,11,0,0,4,0,0,761,"3/1/15",8.97260274,9.810958904,NA,0
"273","DIE","DIE-1","3/11/04","3/1/13","4/1/15","2/1/14",11,12,0,0,4,0,0,761,"3/1/15",8.97260274,9.895890411,NA,0
"274","DIE","DIE-1","3/11/04","3/1/13","4/1/15","3/1/14",12,13,0,0,4,0,0,761,"3/1/15",8.97260274,9.97260274,NA,0
"275","DIE","DIE-1","3/11/04","3/1/13","4/1/15","4/1/14",13,14,0,0,4,0,0,761,"3/1/15",8.97260274,10.05753425,NA,0
"276","DIE","DIE-1","3/11/04","3/1/13","4/1/15","5/1/14",14,15,0,0,4,0,0,761,"3/1/15",8.97260274,10.13972603,NA,0
"277","DIE","DIE-1","3/11/04","3/1/13","4/1/15","6/1/14",15,16,0,0,5,0,0,761,"3/1/15",8.97260274,10.22465753,NA,0
"278","DIE","DIE-1","3/11/04","3/1/13","4/1/15","7/1/14",16,17,0,0,5,0,0,761,"3/1/15",8.97260274,10.30684932,NA,0
"279","DIE","DIE-1","3/11/04","3/1/13","4/1/15","8/1/14",17,18,0,0,5,0,0,761,"3/1/15",8.97260274,10.39178082,NA,0
"280","DIE","DIE-1","3/11/04","3/1/13","4/1/15","9/1/14",18,19,0,0,5,0,0,761,"3/1/15",8.97260274,10.47671233,NA,0
"281","DIE","DIE-1","3/11/04","3/1/13","4/1/15","10/1/14",19,20,0,0,5,0,0,761,"3/1/15",8.97260274,10.55890411,NA,0
"282","DIE","DIE-1","3/11/04","3/1/13","4/1/15","11/1/14",20,21,0,0,5,0,0,761,"3/1/15",8.97260274,10.64383562,NA,0
"283","DIE","DIE-1","3/11/04","3/1/13","4/1/15","12/1/14",21,22,0,0,5,0,0,761,"3/1/15",8.97260274,10.7260274,NA,0
"284","DIE","DIE-1","3/11/04","3/1/13","4/1/15","1/1/15",22,23,0,0,5,0,0,761,"3/1/15",8.97260274,10.8109589,NA,0
"285","DIE","DIE-1","3/11/04","3/1/13","4/1/15","2/1/15",23,24,0,0,5,0,0,761,"3/1/15",8.97260274,10.89589041,NA,0
"286","DIE","DIE-1","3/11/04","3/1/13","4/1/15","3/1/15",24,25,1,0,5,0,0,761,"3/1/15",8.97260274,10.97260274,NA,2
"287","DIK","DIK-1","10/12/02","2/1/11","4/1/12","2/1/11",0,1,0,0,2,0,0,425,"3/1/12",8.306849315,8.306849315,NA,0
"288","DIK","DIK-1","10/12/02","2/1/11","4/1/12","3/1/11",1,2,0,0,2,0,0,425,"3/1/12",8.306849315,8.383561644,NA,0
"289","DIK","DIK-1","10/12/02","2/1/11","4/1/12","4/1/11",2,3,0,0,3,0,0,425,"3/1/12",8.306849315,8.468493151,NA,0
"290","DIK","DIK-1","10/12/02","2/1/11","4/1/12","5/1/11",3,4,0,0,3,0,0,425,"3/1/12",8.306849315,8.550684932,NA,0
"291","DIK","DIK-1","10/12/02","2/1/11","4/1/12","6/1/11",4,5,0,0,3,0,0,425,"3/1/12",8.306849315,8.635616438,NA,0
"292","DIK","DIK-1","10/12/02","2/1/11","4/1/12","7/1/11",5,6,0,0,3,0,0,425,"3/1/12",8.306849315,8.717808219,NA,0
"293","DIK","DIK-1","10/12/02","2/1/11","4/1/12","8/1/11",6,7,0,0,3,0,0,425,"3/1/12",8.306849315,8.802739726,NA,0
"294","DIK","DIK-1","10/12/02","2/1/11","4/1/12","9/1/11",7,8,0,0,3,0,0,425,"3/1/12",8.306849315,8.887671233,NA,0
"295","DIK","DIK-1","10/12/02","2/1/11","4/1/12","10/1/11",8,9,0,0,2,0,0,425,"3/1/12",8.306849315,8.969863014,NA,0
"296","DIK","DIK-1","10/12/02","2/1/11","4/1/12","11/1/11",9,10,0,0,2,0,0,425,"3/1/12",8.306849315,9.054644809,NA,0
"297","DIK","DIK-1","10/12/02","2/1/11","4/1/12","12/1/11",10,11,0,0,2,0,0,425,"3/1/12",8.306849315,9.136612022,NA,0
"298","DIK","DIK-1","10/12/02","2/1/11","4/1/12","1/1/12",11,12,0,0,2,0,0,425,"3/1/12",8.306849315,9.221311475,NA,0
"299","DIK","DIK-1","10/12/02","2/1/11","4/1/12","2/1/12",12,13,0,0,2,0,0,425,"3/1/12",8.306849315,9.306010929,NA,0
"300","DIK","DIK-1","10/12/02","2/1/11","4/1/12","3/1/12",13,14,1,0,2,0,0,425,"3/1/12",8.306849315,9.385245902,NA,3
"301","DJA","DJA-1","4/2/03","4/1/13","11/1/14","4/1/13",0,1,0,0,3,0,1,579,"10/1/14",9.997260274,9.997260274,NA,5
"302","DJA","DJA-1","4/2/03","4/1/13","11/1/14","5/1/13",1,2,0,0,3,0,1,579,"10/1/14",9.997260274,10.07945205,NA,5
"303","DJA","DJA-1","4/2/03","4/1/13","11/1/14","6/1/13",2,3,0,0,3,0,1,579,"10/1/14",9.997260274,10.16438356,NA,5
"304","DJA","DJA-1","4/2/03","4/1/13","11/1/14","7/1/13",3,4,0,0,4,0,1,579,"10/1/14",9.997260274,10.24657534,NA,4
"305","DJA","DJA-1","4/2/03","4/1/13","11/1/14","8/1/13",4,5,0,0,4,0,1,579,"10/1/14",9.997260274,10.33150685,NA,4
"306","DJA","DJA-1","4/2/03","4/1/13","11/1/14","9/1/13",5,6,0,0,4,0,1,579,"10/1/14",9.997260274,10.41643836,NA,4
"307","DJA","DJA-1","4/2/03","4/1/13","11/1/14","10/1/13",6,7,0,0,4,0,1,579,"10/1/14",9.997260274,10.49863014,NA,4
"308","DJA","DJA-1","4/2/03","4/1/13","11/1/14","11/1/13",7,8,0,0,4,0,1,579,"10/1/14",9.997260274,10.58356164,NA,4
"309","DJA","DJA-1","4/2/03","4/1/13","11/1/14","12/1/13",8,9,0,0,4,0,1,579,"10/1/14",9.997260274,10.66575342,NA,4
"310","DJA","DJA-1","4/2/03","4/1/13","11/1/14","1/1/14",9,10,0,0,4,0,1,579,"10/1/14",9.997260274,10.75068493,NA,4
"311","DJA","DJA-1","4/2/03","4/1/13","11/1/14","2/1/14",10,11,0,0,4,0,1,579,"10/1/14",9.997260274,10.83561644,NA,4
"312","DJA","DJA-1","4/2/03","4/1/13","11/1/14","3/1/14",11,12,0,0,4,0,1,579,"10/1/14",9.997260274,10.91232877,NA,4
"313","DJA","DJA-1","4/2/03","4/1/13","11/1/14","4/1/14",12,13,0,0,4,0,1,579,"10/1/14",9.997260274,10.99726027,NA,2
"314","DJA","DJA-1","4/2/03","4/1/13","11/1/14","5/1/14",13,14,0,0,4,0,1,579,"10/1/14",9.997260274,11.07945205,NA,2
"315","DJA","DJA-1","4/2/03","4/1/13","11/1/14","6/1/14",14,15,0,0,4,0,1,579,"10/1/14",9.997260274,11.16438356,NA,2
"316","DJA","DJA-1","4/2/03","4/1/13","11/1/14","7/1/14",15,16,0,0,4,0,1,579,"10/1/14",9.997260274,11.24657534,NA,0
"317","DJA","DJA-1","4/2/03","4/1/13","11/1/14","8/1/14",16,17,0,0,4,0,1,579,"10/1/14",9.997260274,11.33150685,NA,0
"318","DJA","DJA-1","4/2/03","4/1/13","11/1/14","9/1/14",17,18,0,0,4,0,1,579,"10/1/14",9.997260274,11.41643836,NA,1
"319","DJA","DJA-1","4/2/03","4/1/13","11/1/14","10/1/14",18,19,0,0,4,0,1,579,"10/1/14",9.997260274,11.49863014,NA,1
"320","DJI","DJI-1","1/3/97","1/1/06","7/1/08","1/1/06",0,1,0,0,2,1,0,912,"6/1/08",8.994520548,8.994520548,NA,0
"321","DJI","DJI-1","1/3/97","1/1/06","7/1/08","2/1/06",1,2,0,0,2,1,0,912,"6/1/08",8.994520548,9.079452055,NA,0
"322","DJI","DJI-1","1/3/97","1/1/06","7/1/08","3/1/06",2,3,0,0,2,1,0,912,"6/1/08",8.994520548,9.156164384,NA,0
"323","DJI","DJI-1","1/3/97","1/1/06","7/1/08","4/1/06",3,4,0,0,3,1,0,912,"6/1/08",8.994520548,9.24109589,NA,0
"324","DJI","DJI-1","1/3/97","1/1/06","7/1/08","5/1/06",4,5,0,0,3,1,0,912,"6/1/08",8.994520548,9.323287671,NA,0
"325","DJI","DJI-1","1/3/97","1/1/06","7/1/08","6/1/06",5,6,0,0,3,1,0,912,"6/1/08",8.994520548,9.408219178,NA,0
"326","DJI","DJI-1","1/3/97","1/1/06","7/1/08","7/1/06",6,7,0,0,3,1,0,912,"6/1/08",8.994520548,9.490410959,NA,0
"327","DJI","DJI-1","1/3/97","1/1/06","7/1/08","8/1/06",7,8,0,0,3,1,0,912,"6/1/08",8.994520548,9.575342466,NA,0
"328","DJI","DJI-1","1/3/97","1/1/06","7/1/08","9/1/06",8,9,0,0,3,1,0,912,"6/1/08",8.994520548,9.660273973,NA,0
"329","DJI","DJI-1","1/3/97","1/1/06","7/1/08","10/1/06",9,10,0,0,3,1,0,912,"6/1/08",8.994520548,9.742465753,NA,0
"330","DJI","DJI-1","1/3/97","1/1/06","7/1/08","11/1/06",10,11,0,0,3,1,0,912,"6/1/08",8.994520548,9.82739726,NA,0
"331","DJI","DJI-1","1/3/97","1/1/06","7/1/08","12/1/06",11,12,0,0,3,1,0,912,"6/1/08",8.994520548,9.909589041,NA,0
"332","DJI","DJI-1","1/3/97","1/1/06","7/1/08","1/1/07",12,13,0,0,3,1,0,912,"6/1/08",8.994520548,9.994520548,NA,0
"333","DJI","DJI-1","1/3/97","1/1/06","7/1/08","2/1/07",13,14,0,0,3,1,0,912,"6/1/08",8.994520548,10.07945205,NA,0
"334","DJI","DJI-1","1/3/97","1/1/06","7/1/08","3/1/07",14,15,0,0,3,1,0,912,"6/1/08",8.994520548,10.15616438,NA,0
"335","DJI","DJI-1","1/3/97","1/1/06","7/1/08","4/1/07",15,16,0,0,3,1,0,912,"6/1/08",8.994520548,10.24109589,NA,0
"336","DJI","DJI-1","1/3/97","1/1/06","7/1/08","5/1/07",16,17,0,0,3,1,0,912,"6/1/08",8.994520548,10.32328767,NA,0
"337","DJI","DJI-1","1/3/97","1/1/06","7/1/08","6/1/07",17,18,0,0,3,1,0,912,"6/1/08",8.994520548,10.40821918,NA,0
"338","DJI","DJI-1","1/3/97","1/1/06","7/1/08","7/1/07",18,19,0,0,4,1,0,912,"6/1/08",8.994520548,10.49041096,NA,0
"339","DJI","DJI-1","1/3/97","1/1/06","7/1/08","8/1/07",19,20,0,0,4,1,0,912,"6/1/08",8.994520548,10.57534247,NA,0
"340","DJI","DJI-1","1/3/97","1/1/06","7/1/08","9/1/07",20,21,0,0,4,1,0,912,"6/1/08",8.994520548,10.66027397,NA,0
"341","DJI","DJI-1","1/3/97","1/1/06","7/1/08","10/1/07",21,22,0,0,4,1,0,912,"6/1/08",8.994520548,10.74246575,NA,0
"342","DJI","DJI-1","1/3/97","1/1/06","7/1/08","11/1/07",22,23,0,0,4,1,0,912,"6/1/08",8.994520548,10.82739726,NA,0
"343","DJI","DJI-1","1/3/97","1/1/06","7/1/08","12/1/07",23,24,0,0,4,1,0,912,"6/1/08",8.994520548,10.90958904,NA,0
"344","DJI","DJI-1","1/3/97","1/1/06","7/1/08","1/1/08",24,25,0,0,4,1,0,912,"6/1/08",8.994520548,10.99452055,NA,0
"345","DJI","DJI-1","1/3/97","1/1/06","7/1/08","2/1/08",25,26,0,0,4,1,0,912,"6/1/08",8.994520548,11.07923497,NA,0
"346","DJI","DJI-1","1/3/97","1/1/06","7/1/08","3/1/08",26,27,0,0,4,1,0,912,"6/1/08",8.994520548,11.15846995,NA,0
"347","DJI","DJI-1","1/3/97","1/1/06","7/1/08","4/1/08",27,28,0,0,4,1,0,912,"6/1/08",8.994520548,11.2431694,NA,0
"348","DJI","DJI-1","1/3/97","1/1/06","7/1/08","5/1/08",28,29,0,0,4,1,0,912,"6/1/08",8.994520548,11.32513661,NA,0
"349","DJI","DJI-1","1/3/97","1/1/06","7/1/08","6/1/08",29,30,1,0,4,1,0,912,"6/1/08",8.994520548,11.40983607,NA,2
"350","EDW","EDW-1","10/20/05","5/1/16","7/1/21","5/1/16",0,1,0,0,5,0,1,1887,"6/1/21",10.53005464,10.53005464,NA,2
"351","EDW","EDW-1","10/20/05","5/1/16","7/1/21","6/1/16",1,2,0,0,5,0,1,1887,"6/1/21",10.53005464,10.6147541,NA,0
"352","EDW","EDW-1","10/20/05","5/1/16","7/1/21","7/1/16",2,3,0,0,5,0,1,1887,"6/1/21",10.53005464,10.69672131,NA,0
"353","EDW","EDW-1","10/20/05","5/1/16","7/1/21","8/1/16",3,4,0,0,5,0,1,1887,"6/1/21",10.53005464,10.78142077,NA,0
"354","EDW","EDW-1","10/20/05","5/1/16","7/1/21","9/1/16",4,5,0,0,5,0,1,1887,"6/1/21",10.53005464,10.86612022,NA,0
"355","EDW","EDW-1","10/20/05","5/1/16","7/1/21","10/1/16",5,6,0,0,5,0,1,1887,"6/1/21",10.53005464,10.94808743,NA,0
"356","EDW","EDW-1","10/20/05","5/1/16","7/1/21","11/1/16",6,7,0,0,5,0,1,1887,"6/1/21",10.53005464,11.03287671,NA,0
"357","EDW","EDW-1","10/20/05","5/1/16","7/1/21","12/1/16",7,8,0,0,5,0,1,1887,"6/1/21",10.53005464,11.11506849,NA,0
"358","EDW","EDW-1","10/20/05","5/1/16","7/1/21","1/1/17",8,9,0,0,5,0,1,1887,"6/1/21",10.53005464,11.2,NA,0
"359","EDW","EDW-1","10/20/05","5/1/16","7/1/21","2/1/17",9,10,0,0,5,0,1,1887,"6/1/21",10.53005464,11.28493151,NA,0
"360","EDW","EDW-1","10/20/05","5/1/16","7/1/21","3/1/17",10,11,0,0,5,0,1,1887,"6/1/21",10.53005464,11.36164384,NA,0
"361","EDW","EDW-1","10/20/05","5/1/16","7/1/21","4/1/17",11,12,0,0,5,0,1,1887,"6/1/21",10.53005464,11.44657534,NA,0
"362","EDW","EDW-1","10/20/05","5/1/16","7/1/21","5/1/17",12,13,0,0,5,0,1,1887,"6/1/21",10.53005464,11.52876712,NA,0
"363","EDW","EDW-1","10/20/05","5/1/16","7/1/21","6/1/17",13,14,0,0,5,0,1,1887,"6/1/21",10.53005464,11.61369863,NA,0
"364","EDW","EDW-1","10/20/05","5/1/16","7/1/21","7/1/17",14,15,0,0,5,0,1,1887,"6/1/21",10.53005464,11.69589041,NA,0
"365","EDW","EDW-1","10/20/05","5/1/16","7/1/21","8/1/17",15,16,0,0,5,0,1,1887,"6/1/21",10.53005464,11.78082192,NA,0
"366","EDW","EDW-1","10/20/05","5/1/16","7/1/21","9/1/17",16,17,0,0,5,0,1,1887,"6/1/21",10.53005464,11.86575342,NA,0
"367","EDW","EDW-1","10/20/05","5/1/16","7/1/21","10/1/17",17,18,0,0,5,0,1,1887,"6/1/21",10.53005464,11.94794521,NA,0
"368","EDW","EDW-1","10/20/05","5/1/16","7/1/21","11/1/17",18,19,0,0,5,0,1,1887,"6/1/21",10.53005464,12.03287671,NA,0
"369","EDW","EDW-1","10/20/05","5/1/16","7/1/21","12/1/17",19,20,0,0,5,0,1,1887,"6/1/21",10.53005464,12.11506849,NA,0
"370","EDW","EDW-1","10/20/05","5/1/16","7/1/21","1/1/18",20,21,0,0,5,0,1,1887,"6/1/21",10.53005464,12.2,NA,0
"371","EDW","EDW-1","10/20/05","5/1/16","7/1/21","2/1/18",21,22,0,0,5,0,1,1887,"6/1/21",10.53005464,12.28493151,NA,0
"372","EDW","EDW-1","10/20/05","5/1/16","7/1/21","3/1/18",22,23,0,0,5,0,1,1887,"6/1/21",10.53005464,12.36164384,NA,0
"373","EDW","EDW-1","10/20/05","5/1/16","7/1/21","4/1/18",23,24,0,0,4,0,1,1887,"6/1/21",10.53005464,12.44657534,NA,0
"374","EDW","EDW-1","10/20/05","5/1/16","7/1/21","5/1/18",24,25,0,0,4,0,1,1887,"6/1/21",10.53005464,12.52876712,NA,0
"375","EDW","EDW-1","10/20/05","5/1/16","7/1/21","6/1/18",25,26,0,0,4,0,1,1887,"6/1/21",10.53005464,12.61369863,NA,0
"376","EDW","EDW-1","10/20/05","5/1/16","7/1/21","7/1/18",26,27,0,0,4,0,1,1887,"6/1/21",10.53005464,12.69589041,NA,0
"377","EDW","EDW-1","10/20/05","5/1/16","7/1/21","8/1/18",27,28,0,0,4,0,1,1887,"6/1/21",10.53005464,12.78082192,NA,0
"378","EDW","EDW-1","10/20/05","5/1/16","7/1/21","9/1/18",28,29,0,0,4,0,1,1887,"6/1/21",10.53005464,12.86575342,NA,0
"379","EDW","EDW-1","10/20/05","5/1/16","7/1/21","10/1/18",29,30,0,0,3,0,1,1887,"6/1/21",10.53005464,12.94794521,NA,0
"380","EDW","EDW-1","10/20/05","5/1/16","7/1/21","11/1/18",30,31,0,0,3,0,1,1887,"6/1/21",10.53005464,13.03287671,NA,0
"381","EDW","EDW-1","10/20/05","5/1/16","7/1/21","12/1/18",31,32,0,0,3,0,1,1887,"6/1/21",10.53005464,13.11506849,NA,0
"382","EDW","EDW-1","10/20/05","5/1/16","7/1/21","1/1/19",32,33,0,0,3,0,1,1887,"6/1/21",10.53005464,13.2,NA,0
"383","EDW","EDW-1","10/20/05","5/1/16","7/1/21","2/1/19",33,34,0,0,3,0,1,1887,"6/1/21",10.53005464,13.28493151,NA,0
"384","EDW","EDW-1","10/20/05","5/1/16","7/1/21","3/1/19",34,35,0,0,3,0,1,1887,"6/1/21",10.53005464,13.36164384,NA,0
"385","EDW","EDW-1","10/20/05","5/1/16","7/1/21","4/1/19",35,36,0,0,3,0,1,1887,"6/1/21",10.53005464,13.44657534,NA,0
"386","EDW","EDW-1","10/20/05","5/1/16","7/1/21","5/1/19",36,37,0,0,3,0,1,1887,"6/1/21",10.53005464,13.52876712,NA,0
"387","EDW","EDW-1","10/20/05","5/1/16","7/1/21","6/1/19",37,38,0,0,3,0,1,1887,"6/1/21",10.53005464,13.61369863,NA,0
"388","EDW","EDW-1","10/20/05","5/1/16","7/1/21","7/1/19",38,39,0,0,3,0,1,1887,"6/1/21",10.53005464,13.69589041,NA,0
"389","EDW","EDW-1","10/20/05","5/1/16","7/1/21","8/1/19",39,40,0,0,3,0,1,1887,"6/1/21",10.53005464,13.78082192,NA,0
"390","EDW","EDW-1","10/20/05","5/1/16","7/1/21","9/1/19",40,41,0,0,3,0,1,1887,"6/1/21",10.53005464,13.86575342,NA,0
"391","EDW","EDW-1","10/20/05","5/1/16","7/1/21","10/1/19",41,42,0,0,3,0,1,1887,"6/1/21",10.53005464,13.94794521,NA,0
"392","EDW","EDW-1","10/20/05","5/1/16","7/1/21","11/1/19",42,43,0,0,3,0,1,1887,"6/1/21",10.53005464,14.03278689,NA,0
"393","EDW","EDW-1","10/20/05","5/1/16","7/1/21","12/1/19",43,44,0,0,3,0,1,1887,"6/1/21",10.53005464,14.1147541,NA,0
"394","EDW","EDW-1","10/20/05","5/1/16","7/1/21","1/1/20",44,45,0,0,3,0,1,1887,"6/1/21",10.53005464,14.19945355,NA,0
"395","EDW","EDW-1","10/20/05","5/1/16","7/1/21","2/1/20",45,46,0,0,3,0,1,1887,"6/1/21",10.53005464,14.28415301,NA,0
"396","EDW","EDW-1","10/20/05","5/1/16","7/1/21","3/1/20",46,47,0,0,3,0,1,1887,"6/1/21",10.53005464,14.36338798,NA,0
"397","EDW","EDW-1","10/20/05","5/1/16","7/1/21","4/1/20",47,48,0,0,3,0,1,1887,"6/1/21",10.53005464,14.44808743,NA,0
"398","EDW","EDW-1","10/20/05","5/1/16","7/1/21","5/1/20",48,49,0,0,3,0,1,1887,"6/1/21",10.53005464,14.53005464,NA,0
"399","EDW","EDW-1","10/20/05","5/1/16","7/1/21","6/1/20",49,50,0,0,3,0,1,1887,"6/1/21",10.53005464,14.6147541,NA,0
"400","EDW","EDW-1","10/20/05","5/1/16","7/1/21","7/1/20",50,51,0,0,3,0,1,1887,"6/1/21",10.53005464,14.69672131,NA,0
"401","EDW","EDW-1","10/20/05","5/1/16","7/1/21","8/1/20",51,52,0,0,3,0,1,1887,"6/1/21",10.53005464,14.78142077,NA,0
"402","EDW","EDW-1","10/20/05","5/1/16","7/1/21","9/1/20",52,53,0,0,3,0,1,1887,"6/1/21",10.53005464,14.86612022,NA,0
"403","EDW","EDW-1","10/20/05","5/1/16","7/1/21","10/1/20",53,54,0,0,3,0,1,1887,"6/1/21",10.53005464,14.94808743,NA,0
"404","EDW","EDW-1","10/20/05","5/1/16","7/1/21","11/1/20",54,55,0,0,3,0,1,1887,"6/1/21",10.53005464,15.03287671,NA,0
"405","EDW","EDW-1","10/20/05","5/1/16","7/1/21","12/1/20",55,56,0,0,3,0,1,1887,"6/1/21",10.53005464,15.11506849,NA,0
"406","EDW","EDW-1","10/20/05","5/1/16","7/1/21","1/1/21",56,57,0,0,3,0,1,1887,"6/1/21",10.53005464,15.2,NA,0
"407","EDW","EDW-1","10/20/05","5/1/16","7/1/21","2/1/21",57,58,0,0,3,0,1,1887,"6/1/21",10.53005464,15.28493151,NA,0
"408","EDW","EDW-1","10/20/05","5/1/16","7/1/21","3/1/21",58,59,0,0,3,0,1,1887,"6/1/21",10.53005464,15.36164384,NA,0
"409","EDW","EDW-1","10/20/05","5/1/16","7/1/21","4/1/21",59,60,0,0,3,0,1,1887,"6/1/21",10.53005464,15.44657534,NA,0
"410","EDW","EDW-1","10/20/05","5/1/16","7/1/21","5/1/21",60,61,0,0,3,0,1,1887,"6/1/21",10.53005464,15.52876712,NA,0
"411","EDW","EDW-1","10/20/05","5/1/16","7/1/21","6/1/21",61,62,0,0,3,0,1,1887,"6/1/21",10.53005464,15.61369863,NA,0
"412","ELR","ELR-1","7/14/03","11/1/11","3/1/12","11/1/11",0,1,0,0,8,0,0,121,"2/1/12",8.300546448,8.300546448,NA,2
"413","ELR","ELR-1","7/14/03","11/1/11","3/1/12","12/1/11",1,2,0,0,8,0,0,121,"2/1/12",8.300546448,8.382513661,NA,2
"414","ELR","ELR-1","7/14/03","11/1/11","3/1/12","1/1/12",2,3,0,0,8,0,0,121,"2/1/12",8.300546448,8.467213115,NA,2
"415","ELR","ELR-1","7/14/03","11/1/11","3/1/12","2/1/12",3,4,1,0,8,0,0,121,"2/1/12",8.300546448,8.551912568,NA,2
"416","EMI","EMI-1","7/30/09","2/1/18","12/1/19","2/1/18",0,1,0,0,2,0,0,668,"11/1/19",8.509589041,8.509589041,NA,0
"417","EMI","EMI-1","7/30/09","2/1/18","12/1/19","3/1/18",1,2,0,0,5,0,0,668,"11/1/19",8.509589041,8.58630137,NA,0
"418","EMI","EMI-1","7/30/09","2/1/18","12/1/19","4/1/18",2,3,0,0,5,0,0,668,"11/1/19",8.509589041,8.671232877,NA,1
"419","EMI","EMI-1","7/30/09","2/1/18","12/1/19","5/1/18",3,4,0,0,5,0,0,668,"11/1/19",8.509589041,8.753424658,NA,1
"420","EMI","EMI-1","7/30/09","2/1/18","12/1/19","6/1/18",4,5,0,0,5,0,0,668,"11/1/19",8.509589041,8.838356164,NA,0
"421","EMI","EMI-1","7/30/09","2/1/18","12/1/19","7/1/18",5,6,0,0,5,0,0,668,"11/1/19",8.509589041,8.920547945,NA,0
"422","EMI","EMI-1","7/30/09","2/1/18","12/1/19","8/1/18",6,7,0,0,5,0,0,668,"11/1/19",8.509589041,9.005479452,NA,0
"423","EMI","EMI-1","7/30/09","2/1/18","12/1/19","9/1/18",7,8,0,0,5,0,0,668,"11/1/19",8.509589041,9.090410959,NA,0
"424","EMI","EMI-1","7/30/09","2/1/18","12/1/19","10/1/18",8,9,0,0,5,0,0,668,"11/1/19",8.509589041,9.17260274,NA,0
"425","EMI","EMI-1","7/30/09","2/1/18","12/1/19","11/1/18",9,10,0,0,5,0,0,668,"11/1/19",8.509589041,9.257534247,NA,0
"426","EMI","EMI-1","7/30/09","2/1/18","12/1/19","12/1/18",10,11,0,0,5,0,0,668,"11/1/19",8.509589041,9.339726027,NA,0
"427","EMI","EMI-1","7/30/09","2/1/18","12/1/19","1/1/19",11,12,0,0,5,0,0,668,"11/1/19",8.509589041,9.424657534,NA,0
"428","EMI","EMI-1","7/30/09","2/1/18","12/1/19","2/1/19",12,13,0,0,5,0,0,668,"11/1/19",8.509589041,9.509589041,NA,0
"429","EMI","EMI-1","7/30/09","2/1/18","12/1/19","3/1/19",13,14,0,0,5,0,0,668,"11/1/19",8.509589041,9.58630137,NA,0
"430","EMI","EMI-1","7/30/09","2/1/18","12/1/19","4/1/19",14,15,0,0,5,0,0,668,"11/1/19",8.509589041,9.671232877,NA,0
"431","EMI","EMI-1","7/30/09","2/1/18","12/1/19","5/1/19",15,16,0,0,5,0,0,668,"11/1/19",8.509589041,9.753424658,NA,0
"432","EMI","EMI-1","7/30/09","2/1/18","12/1/19","6/1/19",16,17,0,0,5,0,0,668,"11/1/19",8.509589041,9.838356164,NA,0
"433","EMI","EMI-1","7/30/09","2/1/18","12/1/19","7/1/19",17,18,0,0,4,0,0,668,"11/1/19",8.509589041,9.920547945,NA,0
"434","EMI","EMI-1","7/30/09","2/1/18","12/1/19","8/1/19",18,19,0,0,4,0,0,668,"11/1/19",8.509589041,10.00546448,NA,0
"435","EMI","EMI-1","7/30/09","2/1/18","12/1/19","9/1/19",19,20,0,0,4,0,0,668,"11/1/19",8.509589041,10.09016393,NA,0
"436","EMI","EMI-1","7/30/09","2/1/18","12/1/19","10/1/19",20,21,0,0,4,0,0,668,"11/1/19",8.509589041,10.17213115,NA,0
"437","EMI","EMI-1","7/30/09","2/1/18","12/1/19","11/1/19",21,22,1,0,4,0,0,668,"11/1/19",8.509589041,10.2568306,NA,0
"438","EPH","EPH-1",NA,"8/1/20","1/1/23","8/1/20",0,1,0,0,2,0,0,883,"12/1/22",NA,NA,NA,1
"439","EPH","EPH-1",NA,"8/1/20","1/1/23","9/1/20",1,2,0,0,2,0,0,883,"12/1/22",NA,NA,NA,1
"440","EPH","EPH-1",NA,"8/1/20","1/1/23","10/1/20",2,3,0,0,2,0,0,883,"12/1/22",NA,NA,NA,1
"441","EPH","EPH-1",NA,"8/1/20","1/1/23","11/1/20",3,4,0,0,2,0,0,883,"12/1/22",NA,NA,NA,1
"442","EPH","EPH-1",NA,"8/1/20","1/1/23","12/1/20",4,5,0,0,2,0,0,883,"12/1/22",NA,NA,NA,1
"443","EPH","EPH-1",NA,"8/1/20","1/1/23","1/1/21",5,6,0,0,2,0,0,883,"12/1/22",NA,NA,NA,1
"444","EPH","EPH-1",NA,"8/1/20","1/1/23","2/1/21",6,7,0,0,2,0,0,883,"12/1/22",NA,NA,NA,0
"445","EPH","EPH-1",NA,"8/1/20","1/1/23","3/1/21",7,8,0,0,2,0,0,883,"12/1/22",NA,NA,NA,0
"446","EPH","EPH-1",NA,"8/1/20","1/1/23","4/1/21",8,9,0,0,2,0,0,883,"12/1/22",NA,NA,NA,0
"447","EPH","EPH-1",NA,"8/1/20","1/1/23","5/1/21",9,10,0,0,2,0,0,883,"12/1/22",NA,NA,NA,0
"448","EPH","EPH-1",NA,"8/1/20","1/1/23","6/1/21",10,11,0,0,2,0,0,883,"12/1/22",NA,NA,NA,0
"449","EPH","EPH-1",NA,"8/1/20","1/1/23","7/1/21",11,12,0,0,2,0,0,883,"12/1/22",NA,NA,NA,0
"450","EPH","EPH-1",NA,"8/1/20","1/1/23","8/1/21",12,13,0,0,2,0,0,883,"12/1/22",NA,NA,NA,0
"451","EPH","EPH-1",NA,"8/1/20","1/1/23","9/1/21",13,14,0,0,2,0,0,883,"12/1/22",NA,NA,NA,0
"452","EPH","EPH-1",NA,"8/1/20","1/1/23","10/1/21",14,15,0,0,2,0,0,883,"12/1/22",NA,NA,NA,0
"453","EPH","EPH-1",NA,"8/1/20","1/1/23","11/1/21",15,16,0,0,2,0,0,883,"12/1/22",NA,NA,NA,0
"454","EPH","EPH-1",NA,"8/1/20","1/1/23","12/1/21",16,17,0,0,2,0,0,883,"12/1/22",NA,NA,NA,0
"455","EPH","EPH-1",NA,"8/1/20","1/1/23","1/1/22",17,18,0,0,2,0,0,883,"12/1/22",NA,NA,NA,0
"456","EPH","EPH-1",NA,"8/1/20","1/1/23","2/1/22",18,19,0,0,2,0,0,883,"12/1/22",NA,NA,NA,0
"457","EPH","EPH-1",NA,"8/1/20","1/1/23","3/1/22",19,20,0,0,2,0,0,883,"12/1/22",NA,NA,NA,0
"458","EPH","EPH-1",NA,"8/1/20","1/1/23","4/1/22",20,21,0,0,2,0,0,883,"12/1/22",NA,NA,NA,0
"459","EPH","EPH-1",NA,"8/1/20","1/1/23","5/1/22",21,22,0,0,2,0,0,883,"12/1/22",NA,NA,NA,0
"460","EPH","EPH-1",NA,"8/1/20","1/1/23","6/1/22",22,23,0,0,2,0,0,883,"12/1/22",NA,NA,NA,0
"461","EPH","EPH-1",NA,"8/1/20","1/1/23","7/1/22",23,24,0,0,2,0,0,883,"12/1/22",NA,NA,NA,0
"462","EPH","EPH-1",NA,"8/1/20","1/1/23","8/1/22",24,25,0,0,2,0,0,883,"12/1/22",NA,NA,NA,0
"463","EPH","EPH-1",NA,"8/1/20","1/1/23","9/1/22",25,26,0,0,2,0,0,883,"12/1/22",NA,NA,NA,0
"464","EPH","EPH-1",NA,"8/1/20","1/1/23","10/1/22",26,27,0,0,2,0,0,883,"12/1/22",NA,NA,NA,0
"465","EPH","EPH-1",NA,"8/1/20","1/1/23","11/1/22",27,28,0,0,2,0,0,883,"12/1/22",NA,NA,NA,0
"466","EPH","EPH-1",NA,"8/1/20","1/1/23","12/1/22",28,29,1,0,2,0,0,883,"12/1/22",NA,NA,NA,0
"467","ERC","ERC-1","7/8/06","11/1/14","8/1/20","11/1/14",0,1,0,0,2,0,0,2100,"7/1/20",8.317808219,8.317808219,NA,6
"468","ERC","ERC-1","7/8/06","11/1/14","8/1/20","12/1/14",1,2,0,0,2,0,0,2100,"7/1/20",8.317808219,8.4,NA,6
"469","ERC","ERC-1","7/8/06","11/1/14","8/1/20","1/1/15",2,3,0,0,2,0,0,2100,"7/1/20",8.317808219,8.484931507,NA,5
"470","ERC","ERC-1","7/8/06","11/1/14","8/1/20","2/1/15",3,4,0,0,2,0,0,2100,"7/1/20",8.317808219,8.569863014,NA,5
"471","ERC","ERC-1","7/8/06","11/1/14","8/1/20","3/1/15",4,5,0,0,2,0,0,2100,"7/1/20",8.317808219,8.646575342,NA,5
"472","ERC","ERC-1","7/8/06","11/1/14","8/1/20","4/1/15",5,6,0,0,2,0,0,2100,"7/1/20",8.317808219,8.731506849,NA,5
"473","ERC","ERC-1","7/8/06","11/1/14","8/1/20","5/1/15",6,7,0,0,2,0,0,2100,"7/1/20",8.317808219,8.81369863,NA,3
"474","ERC","ERC-1","7/8/06","11/1/14","8/1/20","6/1/15",7,8,0,0,2,0,0,2100,"7/1/20",8.317808219,8.898630137,NA,3
"475","ERC","ERC-1","7/8/06","11/1/14","8/1/20","7/1/15",8,9,0,0,2,0,0,2100,"7/1/20",8.317808219,8.980821918,NA,3
"476","ERC","ERC-1","7/8/06","11/1/14","8/1/20","8/1/15",9,10,0,0,2,0,0,2100,"7/1/20",8.317808219,9.06557377,NA,3
"477","ERC","ERC-1","7/8/06","11/1/14","8/1/20","9/1/15",10,11,0,0,2,0,0,2100,"7/1/20",8.317808219,9.150273224,NA,3
"478","ERC","ERC-1","7/8/06","11/1/14","8/1/20","10/1/15",11,12,0,0,2,0,0,2100,"7/1/20",8.317808219,9.232240437,NA,3
"479","ERC","ERC-1","7/8/06","11/1/14","8/1/20","11/1/15",12,13,0,0,2,0,0,2100,"7/1/20",8.317808219,9.316939891,NA,3
"480","ERC","ERC-1","7/8/06","11/1/14","8/1/20","12/1/15",13,14,0,0,2,0,0,2100,"7/1/20",8.317808219,9.398907104,NA,3
"481","ERC","ERC-1","7/8/06","11/1/14","8/1/20","1/1/16",14,15,0,0,2,0,0,2100,"7/1/20",8.317808219,9.483606557,NA,3
"482","ERC","ERC-1","7/8/06","11/1/14","8/1/20","2/1/16",15,16,0,0,2,0,0,2100,"7/1/20",8.317808219,9.568306011,NA,3
"483","ERC","ERC-1","7/8/06","11/1/14","8/1/20","3/1/16",16,17,0,0,2,0,0,2100,"7/1/20",8.317808219,9.647540984,NA,3
"484","ERC","ERC-1","7/8/06","11/1/14","8/1/20","4/1/16",17,18,0,0,2,0,0,2100,"7/1/20",8.317808219,9.732240437,NA,3
"485","ERC","ERC-1","7/8/06","11/1/14","8/1/20","5/1/16",18,19,0,0,2,0,0,2100,"7/1/20",8.317808219,9.81420765,NA,2
"486","ERC","ERC-1","7/8/06","11/1/14","8/1/20","6/1/16",19,20,0,0,2,0,0,2100,"7/1/20",8.317808219,9.898907104,NA,2
"487","ERC","ERC-1","7/8/06","11/1/14","8/1/20","7/1/16",20,21,0,0,2,0,0,2100,"7/1/20",8.317808219,9.980874317,NA,2
"488","ERC","ERC-1","7/8/06","11/1/14","8/1/20","8/1/16",21,22,0,0,2,0,0,2100,"7/1/20",8.317808219,10.06575342,NA,2
"489","ERC","ERC-1","7/8/06","11/1/14","8/1/20","9/1/16",22,23,0,0,2,0,0,2100,"7/1/20",8.317808219,10.15068493,NA,2
"490","ERC","ERC-1","7/8/06","11/1/14","8/1/20","10/1/16",23,24,0,0,2,0,0,2100,"7/1/20",8.317808219,10.23287671,NA,2
"491","ERC","ERC-1","7/8/06","11/1/14","8/1/20","11/1/16",24,25,0,0,2,0,0,2100,"7/1/20",8.317808219,10.31780822,NA,2
"492","ERC","ERC-1","7/8/06","11/1/14","8/1/20","12/1/16",25,26,0,0,2,0,0,2100,"7/1/20",8.317808219,10.4,NA,2
"493","ERC","ERC-1","7/8/06","11/1/14","8/1/20","1/1/17",26,27,0,0,2,0,0,2100,"7/1/20",8.317808219,10.48493151,NA,2
"494","ERC","ERC-1","7/8/06","11/1/14","8/1/20","2/1/17",27,28,0,0,2,0,0,2100,"7/1/20",8.317808219,10.56986301,NA,2
"495","ERC","ERC-1","7/8/06","11/1/14","8/1/20","3/1/17",28,29,0,0,2,0,0,2100,"7/1/20",8.317808219,10.64657534,NA,2
"496","ERC","ERC-1","7/8/06","11/1/14","8/1/20","4/1/17",29,30,0,0,2,0,0,2100,"7/1/20",8.317808219,10.73150685,NA,2
"497","ERC","ERC-1","7/8/06","11/1/14","8/1/20","5/1/17",30,31,0,0,2,0,0,2100,"7/1/20",8.317808219,10.81369863,NA,2
"498","ERC","ERC-1","7/8/06","11/1/14","8/1/20","6/1/17",31,32,0,0,2,0,0,2100,"7/1/20",8.317808219,10.89863014,NA,2
"499","ERC","ERC-1","7/8/06","11/1/14","8/1/20","7/1/17",32,33,0,0,2,0,0,2100,"7/1/20",8.317808219,10.98082192,NA,2
"500","ERC","ERC-1","7/8/06","11/1/14","8/1/20","8/1/17",33,34,0,0,2,0,0,2100,"7/1/20",8.317808219,11.06575342,NA,2
"501","ERC","ERC-1","7/8/06","11/1/14","8/1/20","9/1/17",34,35,0,0,2,0,0,2100,"7/1/20",8.317808219,11.15068493,NA,3
"502","ERC","ERC-1","7/8/06","11/1/14","8/1/20","10/1/17",35,36,0,0,2,0,0,2100,"7/1/20",8.317808219,11.23287671,NA,3
"503","ERC","ERC-1","7/8/06","11/1/14","8/1/20","11/1/17",36,37,0,0,2,0,0,2100,"7/1/20",8.317808219,11.31780822,NA,3
"504","ERC","ERC-1","7/8/06","11/1/14","8/1/20","12/1/17",37,38,0,0,2,0,0,2100,"7/1/20",8.317808219,11.4,NA,3
"505","ERC","ERC-1","7/8/06","11/1/14","8/1/20","1/1/18",38,39,0,0,1,0,0,2100,"7/1/20",8.317808219,11.48493151,NA,3
"506","ERC","ERC-1","7/8/06","11/1/14","8/1/20","2/1/18",39,40,0,0,1,0,0,2100,"7/1/20",8.317808219,11.56986301,NA,3
"507","ERC","ERC-1","7/8/06","11/1/14","8/1/20","3/1/18",40,41,0,0,1,0,0,2100,"7/1/20",8.317808219,11.64657534,NA,3
"508","ERC","ERC-1","7/8/06","11/1/14","8/1/20","4/1/18",41,42,0,0,1,0,0,2100,"7/1/20",8.317808219,11.73150685,NA,3
"509","ERC","ERC-1","7/8/06","11/1/14","8/1/20","5/1/18",42,43,0,0,1,0,0,2100,"7/1/20",8.317808219,11.81369863,NA,3
"510","ERC","ERC-1","7/8/06","11/1/14","8/1/20","6/1/18",43,44,0,0,2,0,0,2100,"7/1/20",8.317808219,11.89863014,NA,3
"511","ERC","ERC-1","7/8/06","11/1/14","8/1/20","7/1/18",44,45,0,0,2,0,0,2100,"7/1/20",8.317808219,11.98082192,NA,3
"512","ERC","ERC-1","7/8/06","11/1/14","8/1/20","8/1/18",45,46,0,0,2,0,0,2100,"7/1/20",8.317808219,12.06575342,NA,3
"513","ERC","ERC-1","7/8/06","11/1/14","8/1/20","9/1/18",46,47,0,0,2,0,0,2100,"7/1/20",8.317808219,12.15068493,NA,3
"514","ERC","ERC-1","7/8/06","11/1/14","8/1/20","10/1/18",47,48,0,0,2,0,0,2100,"7/1/20",8.317808219,12.23287671,NA,3
"515","ERC","ERC-1","7/8/06","11/1/14","8/1/20","11/1/18",48,49,0,0,2,0,0,2100,"7/1/20",8.317808219,12.31780822,NA,3
"516","ERC","ERC-1","7/8/06","11/1/14","8/1/20","12/1/18",49,50,0,0,2,0,0,2100,"7/1/20",8.317808219,12.4,NA,3
"517","ERC","ERC-1","7/8/06","11/1/14","8/1/20","1/1/19",50,51,0,0,2,0,0,2100,"7/1/20",8.317808219,12.48493151,NA,3
"518","ERC","ERC-1","7/8/06","11/1/14","8/1/20","2/1/19",51,52,0,0,2,0,0,2100,"7/1/20",8.317808219,12.56986301,NA,3
"519","ERC","ERC-1","7/8/06","11/1/14","8/1/20","3/1/19",52,53,0,0,2,0,0,2100,"7/1/20",8.317808219,12.64657534,NA,0
"520","ERC","ERC-1","7/8/06","11/1/14","8/1/20","4/1/19",53,54,0,0,2,0,0,2100,"7/1/20",8.317808219,12.73150685,NA,0
"521","ERC","ERC-1","7/8/06","11/1/14","8/1/20","5/1/19",54,55,0,0,2,0,0,2100,"7/1/20",8.317808219,12.81369863,NA,0
"522","ERC","ERC-1","7/8/06","11/1/14","8/1/20","6/1/19",55,56,0,0,2,0,0,2100,"7/1/20",8.317808219,12.89863014,NA,0
"523","ERC","ERC-1","7/8/06","11/1/14","8/1/20","7/1/19",56,57,0,0,2,0,0,2100,"7/1/20",8.317808219,12.98082192,NA,0
"524","ERC","ERC-1","7/8/06","11/1/14","8/1/20","8/1/19",57,58,0,0,2,0,0,2100,"7/1/20",8.317808219,13.06557377,NA,0
"525","ERC","ERC-1","7/8/06","11/1/14","8/1/20","9/1/19",58,59,0,0,2,0,0,2100,"7/1/20",8.317808219,13.15027322,NA,0
"526","ERC","ERC-1","7/8/06","11/1/14","8/1/20","10/1/19",59,60,0,0,2,0,0,2100,"7/1/20",8.317808219,13.23224044,NA,0
"527","ERC","ERC-1","7/8/06","11/1/14","8/1/20","11/1/19",60,61,0,0,2,0,0,2100,"7/1/20",8.317808219,13.31693989,NA,0
"528","ERC","ERC-1","7/8/06","11/1/14","8/1/20","12/1/19",61,62,0,0,2,0,0,2100,"7/1/20",8.317808219,13.3989071,NA,0
"529","ERC","ERC-1","7/8/06","11/1/14","8/1/20","1/1/20",62,63,0,0,2,0,0,2100,"7/1/20",8.317808219,13.48360656,NA,0
"530","ERC","ERC-1","7/8/06","11/1/14","8/1/20","2/1/20",63,64,0,0,2,0,0,2100,"7/1/20",8.317808219,13.56830601,NA,0
"531","ERC","ERC-1","7/8/06","11/1/14","8/1/20","3/1/20",64,65,0,0,2,0,0,2100,"7/1/20",8.317808219,13.64754098,NA,0
"532","ERC","ERC-1","7/8/06","11/1/14","8/1/20","4/1/20",65,66,0,0,2,0,0,2100,"7/1/20",8.317808219,13.73224044,NA,0
"533","ERC","ERC-1","7/8/06","11/1/14","8/1/20","5/1/20",66,67,0,0,2,0,0,2100,"7/1/20",8.317808219,13.81420765,NA,0
"534","ERC","ERC-1","7/8/06","11/1/14","8/1/20","6/1/20",67,68,0,0,2,0,0,2100,"7/1/20",8.317808219,13.8989071,NA,0
"535","ERC","ERC-1","7/8/06","11/1/14","8/1/20","7/1/20",68,69,1,0,2,0,0,2100,"7/1/20",8.317808219,13.98087432,NA,0
"536","ERO","ERO-1","6/4/05","6/1/14","8/1/14","6/1/14",0,1,0,0,7,0,0,61,"7/1/14",8.991780822,8.991780822,NA,2
"537","ERO","ERO-1","6/4/05","6/1/14","8/1/14","7/1/14",1,2,1,0,5,0,0,61,"7/1/14",8.991780822,9.073972603,NA,1
"538","EVI","EVI-1","1/28/10","12/1/19","10/1/20","12/1/19",0,1,0,0,3,0,1,305,"9/1/20",9.84109589,9.84109589,NA,0
"539","EVI","EVI-1","1/28/10","12/1/19","10/1/20","1/1/20",1,2,0,0,3,0,1,305,"9/1/20",9.84109589,9.926027397,NA,0
"540","EVI","EVI-1","1/28/10","12/1/19","10/1/20","2/1/20",2,3,0,0,3,0,1,305,"9/1/20",9.84109589,10.01092896,NA,0
"541","EVI","EVI-1","1/28/10","12/1/19","10/1/20","3/1/20",3,4,0,0,4,0,1,305,"9/1/20",9.84109589,10.09016393,NA,0
"542","EVI","EVI-1","1/28/10","12/1/19","10/1/20","4/1/20",4,5,0,0,4,0,1,305,"9/1/20",9.84109589,10.17486339,NA,0
"543","EVI","EVI-1","1/28/10","12/1/19","10/1/20","5/1/20",5,6,0,0,4,0,1,305,"9/1/20",9.84109589,10.2568306,NA,0
"544","EVI","EVI-1","1/28/10","12/1/19","10/1/20","6/1/20",6,7,0,0,4,0,1,305,"9/1/20",9.84109589,10.34153005,NA,0
"545","EVI","EVI-1","1/28/10","12/1/19","10/1/20","7/1/20",7,8,0,0,4,0,1,305,"9/1/20",9.84109589,10.42349727,NA,0
"546","EVI","EVI-1","1/28/10","12/1/19","10/1/20","8/1/20",8,9,0,0,4,0,1,305,"9/1/20",9.84109589,10.50819672,NA,0
"547","EVI","EVI-1","1/28/10","12/1/19","10/1/20","9/1/20",9,10,0,0,4,0,1,305,"9/1/20",9.84109589,10.59289617,NA,0
"548","FAB","FAB-1","4/5/06","8/1/14","10/1/20","8/1/14",0,1,0,0,4,0,1,2253,"9/1/20",8.323287671,8.323287671,NA,4
"549","FAB","FAB-1","4/5/06","8/1/14","10/1/20","9/1/14",1,2,0,0,4,0,1,2253,"9/1/20",8.323287671,8.408219178,NA,4
"550","FAB","FAB-1","4/5/06","8/1/14","10/1/20","10/1/14",2,3,0,0,4,0,1,2253,"9/1/20",8.323287671,8.490410959,NA,4
"551","FAB","FAB-1","4/5/06","8/1/14","10/1/20","11/1/14",3,4,0,0,4,0,1,2253,"9/1/20",8.323287671,8.575342466,NA,4
"552","FAB","FAB-1","4/5/06","8/1/14","10/1/20","12/1/14",4,5,0,0,4,0,1,2253,"9/1/20",8.323287671,8.657534247,NA,4
"553","FAB","FAB-1","4/5/06","8/1/14","10/1/20","1/1/15",5,6,0,0,4,0,1,2253,"9/1/20",8.323287671,8.742465753,NA,4
"554","FAB","FAB-1","4/5/06","8/1/14","10/1/20","2/1/15",6,7,0,0,4,0,1,2253,"9/1/20",8.323287671,8.82739726,NA,4
"555","FAB","FAB-1","4/5/06","8/1/14","10/1/20","3/1/15",7,8,0,0,4,0,1,2253,"9/1/20",8.323287671,8.904109589,NA,4
"556","FAB","FAB-1","4/5/06","8/1/14","10/1/20","4/1/15",8,9,0,0,4,0,1,2253,"9/1/20",8.323287671,8.989041096,NA,4
"557","FAB","FAB-1","4/5/06","8/1/14","10/1/20","5/1/15",9,10,0,0,4,0,1,2253,"9/1/20",8.323287671,9.071038251,NA,4
"558","FAB","FAB-1","4/5/06","8/1/14","10/1/20","6/1/15",10,11,0,0,5,0,1,2253,"9/1/20",8.323287671,9.155737705,NA,4
"559","FAB","FAB-1","4/5/06","8/1/14","10/1/20","7/1/15",11,12,0,0,5,0,1,2253,"9/1/20",8.323287671,9.237704918,NA,4
"560","FAB","FAB-1","4/5/06","8/1/14","10/1/20","8/1/15",12,13,0,0,4,0,1,2253,"9/1/20",8.323287671,9.322404372,NA,4
"561","FAB","FAB-1","4/5/06","8/1/14","10/1/20","9/1/15",13,14,0,0,4,0,1,2253,"9/1/20",8.323287671,9.407103825,NA,4
"562","FAB","FAB-1","4/5/06","8/1/14","10/1/20","10/1/15",14,15,0,0,4,0,1,2253,"9/1/20",8.323287671,9.489071038,NA,4
"563","FAB","FAB-1","4/5/06","8/1/14","10/1/20","11/1/15",15,16,0,0,4,0,1,2253,"9/1/20",8.323287671,9.573770492,NA,4
"564","FAB","FAB-1","4/5/06","8/1/14","10/1/20","12/1/15",16,17,0,0,4,0,1,2253,"9/1/20",8.323287671,9.655737705,NA,4
"565","FAB","FAB-1","4/5/06","8/1/14","10/1/20","1/1/16",17,18,0,0,4,0,1,2253,"9/1/20",8.323287671,9.740437158,NA,2
"566","FAB","FAB-1","4/5/06","8/1/14","10/1/20","2/1/16",18,19,0,0,3,0,1,2253,"9/1/20",8.323287671,9.825136612,NA,0
"567","FAB","FAB-1","4/5/06","8/1/14","10/1/20","3/1/16",19,20,0,0,3,0,1,2253,"9/1/20",8.323287671,9.904371585,NA,0
"568","FAB","FAB-1","4/5/06","8/1/14","10/1/20","4/1/16",20,21,0,0,3,0,1,2253,"9/1/20",8.323287671,9.989071038,NA,0
"569","FAB","FAB-1","4/5/06","8/1/14","10/1/20","5/1/16",21,22,0,0,3,0,1,2253,"9/1/20",8.323287671,10.07123288,NA,0
"570","FAB","FAB-1","4/5/06","8/1/14","10/1/20","6/1/16",22,23,0,0,3,0,1,2253,"9/1/20",8.323287671,10.15616438,NA,0
"571","FAB","FAB-1","4/5/06","8/1/14","10/1/20","7/1/16",23,24,0,0,3,0,1,2253,"9/1/20",8.323287671,10.23835616,NA,0
"572","FAB","FAB-1","4/5/06","8/1/14","10/1/20","8/1/16",24,25,0,0,3,0,1,2253,"9/1/20",8.323287671,10.32328767,NA,0
"573","FAB","FAB-1","4/5/06","8/1/14","10/1/20","9/1/16",25,26,0,0,3,0,1,2253,"9/1/20",8.323287671,10.40821918,NA,0
"574","FAB","FAB-1","4/5/06","8/1/14","10/1/20","10/1/16",26,27,0,0,3,0,1,2253,"9/1/20",8.323287671,10.49041096,NA,0
"575","FAB","FAB-1","4/5/06","8/1/14","10/1/20","11/1/16",27,28,0,0,3,0,1,2253,"9/1/20",8.323287671,10.57534247,NA,0
"576","FAB","FAB-1","4/5/06","8/1/14","10/1/20","12/1/16",28,29,0,0,3,0,1,2253,"9/1/20",8.323287671,10.65753425,NA,0
"577","FAB","FAB-1","4/5/06","8/1/14","10/1/20","1/1/17",29,30,0,0,4,0,1,2253,"9/1/20",8.323287671,10.74246575,NA,0
"578","FAB","FAB-1","4/5/06","8/1/14","10/1/20","2/1/17",30,31,0,0,4,0,1,2253,"9/1/20",8.323287671,10.82739726,NA,0
"579","FAB","FAB-1","4/5/06","8/1/14","10/1/20","3/1/17",31,32,0,0,4,0,1,2253,"9/1/20",8.323287671,10.90410959,NA,0
"580","FAB","FAB-1","4/5/06","8/1/14","10/1/20","4/1/17",32,33,0,0,4,0,1,2253,"9/1/20",8.323287671,10.9890411,NA,0
"581","FAB","FAB-1","4/5/06","8/1/14","10/1/20","5/1/17",33,34,0,0,4,0,1,2253,"9/1/20",8.323287671,11.07123288,NA,0
"582","FAB","FAB-1","4/5/06","8/1/14","10/1/20","6/1/17",34,35,0,0,4,0,1,2253,"9/1/20",8.323287671,11.15616438,NA,0
"583","FAB","FAB-1","4/5/06","8/1/14","10/1/20","7/1/17",35,36,0,0,4,0,1,2253,"9/1/20",8.323287671,11.23835616,NA,0
"584","FAB","FAB-1","4/5/06","8/1/14","10/1/20","8/1/17",36,37,0,0,4,0,1,2253,"9/1/20",8.323287671,11.32328767,NA,0
"585","FAB","FAB-1","4/5/06","8/1/14","10/1/20","9/1/17",37,38,0,0,4,0,1,2253,"9/1/20",8.323287671,11.40821918,NA,0
"586","FAB","FAB-1","4/5/06","8/1/14","10/1/20","10/1/17",38,39,0,0,4,0,1,2253,"9/1/20",8.323287671,11.49041096,NA,0
"587","FAB","FAB-1","4/5/06","8/1/14","10/1/20","11/1/17",39,40,0,0,4,0,1,2253,"9/1/20",8.323287671,11.57534247,NA,0
"588","FAB","FAB-1","4/5/06","8/1/14","10/1/20","12/1/17",40,41,0,0,4,0,1,2253,"9/1/20",8.323287671,11.65753425,NA,0
"589","FAB","FAB-1","4/5/06","8/1/14","10/1/20","1/1/18",41,42,0,0,4,0,1,2253,"9/1/20",8.323287671,11.74246575,NA,0
"590","FAB","FAB-1","4/5/06","8/1/14","10/1/20","2/1/18",42,43,0,0,4,0,1,2253,"9/1/20",8.323287671,11.82739726,NA,0
"591","FAB","FAB-1","4/5/06","8/1/14","10/1/20","3/1/18",43,44,0,0,4,0,1,2253,"9/1/20",8.323287671,11.90410959,NA,0
"592","FAB","FAB-1","4/5/06","8/1/14","10/1/20","4/1/18",44,45,0,0,4,0,1,2253,"9/1/20",8.323287671,11.9890411,NA,0
"593","FAB","FAB-1","4/5/06","8/1/14","10/1/20","5/1/18",45,46,0,0,4,0,1,2253,"9/1/20",8.323287671,12.07123288,NA,0
"594","FAB","FAB-1","4/5/06","8/1/14","10/1/20","6/1/18",46,47,0,0,4,0,1,2253,"9/1/20",8.323287671,12.15616438,NA,0
"595","FAB","FAB-1","4/5/06","8/1/14","10/1/20","7/1/18",47,48,0,0,4,0,1,2253,"9/1/20",8.323287671,12.23835616,NA,0
"596","FAB","FAB-1","4/5/06","8/1/14","10/1/20","8/1/18",48,49,0,0,4,0,1,2253,"9/1/20",8.323287671,12.32328767,NA,0
"597","FAB","FAB-1","4/5/06","8/1/14","10/1/20","9/1/18",49,50,0,0,4,0,1,2253,"9/1/20",8.323287671,12.40821918,NA,0
"598","FAB","FAB-1","4/5/06","8/1/14","10/1/20","10/1/18",50,51,0,0,4,0,1,2253,"9/1/20",8.323287671,12.49041096,NA,0
"599","FAB","FAB-1","4/5/06","8/1/14","10/1/20","11/1/18",51,52,0,0,4,0,1,2253,"9/1/20",8.323287671,12.57534247,NA,0
"600","FAB","FAB-1","4/5/06","8/1/14","10/1/20","12/1/18",52,53,0,0,4,0,1,2253,"9/1/20",8.323287671,12.65753425,NA,0
"601","FAB","FAB-1","4/5/06","8/1/14","10/1/20","1/1/19",53,54,0,0,4,0,1,2253,"9/1/20",8.323287671,12.74246575,NA,0
"602","FAB","FAB-1","4/5/06","8/1/14","10/1/20","2/1/19",54,55,0,0,4,0,1,2253,"9/1/20",8.323287671,12.82739726,NA,0
"603","FAB","FAB-1","4/5/06","8/1/14","10/1/20","3/1/19",55,56,0,0,4,0,1,2253,"9/1/20",8.323287671,12.90410959,NA,0
"604","FAB","FAB-1","4/5/06","8/1/14","10/1/20","4/1/19",56,57,0,0,3,0,1,2253,"9/1/20",8.323287671,12.9890411,NA,0
"605","FAB","FAB-1","4/5/06","8/1/14","10/1/20","5/1/19",57,58,0,0,3,0,1,2253,"9/1/20",8.323287671,13.07103825,NA,0
"606","FAB","FAB-1","4/5/06","8/1/14","10/1/20","6/1/19",58,59,0,0,3,0,1,2253,"9/1/20",8.323287671,13.1557377,NA,0
"607","FAB","FAB-1","4/5/06","8/1/14","10/1/20","7/1/19",59,60,0,0,3,0,1,2253,"9/1/20",8.323287671,13.23770492,NA,0
"608","FAB","FAB-1","4/5/06","8/1/14","10/1/20","8/1/19",60,61,0,0,3,0,1,2253,"9/1/20",8.323287671,13.32240437,NA,0
"609","FAB","FAB-1","4/5/06","8/1/14","10/1/20","9/1/19",61,62,0,0,3,0,1,2253,"9/1/20",8.323287671,13.40710383,NA,0
"610","FAB","FAB-1","4/5/06","8/1/14","10/1/20","10/1/19",62,63,0,0,3,0,1,2253,"9/1/20",8.323287671,13.48907104,NA,0
"611","FAB","FAB-1","4/5/06","8/1/14","10/1/20","11/1/19",63,64,0,0,3,0,1,2253,"9/1/20",8.323287671,13.57377049,NA,0
"612","FAB","FAB-1","4/5/06","8/1/14","10/1/20","12/1/19",64,65,0,0,3,0,1,2253,"9/1/20",8.323287671,13.6557377,NA,0
"613","FAB","FAB-1","4/5/06","8/1/14","10/1/20","1/1/20",65,66,0,0,3,0,1,2253,"9/1/20",8.323287671,13.74043716,NA,0
"614","FAB","FAB-1","4/5/06","8/1/14","10/1/20","2/1/20",66,67,0,0,3,0,1,2253,"9/1/20",8.323287671,13.82513661,NA,0
"615","FAB","FAB-1","4/5/06","8/1/14","10/1/20","3/1/20",67,68,0,0,3,0,1,2253,"9/1/20",8.323287671,13.90437158,NA,0
"616","FAB","FAB-1","4/5/06","8/1/14","10/1/20","4/1/20",68,69,0,0,3,0,1,2253,"9/1/20",8.323287671,13.98907104,NA,0
"617","FAB","FAB-1","4/5/06","8/1/14","10/1/20","5/1/20",69,70,0,0,3,0,1,2253,"9/1/20",8.323287671,14.07123288,NA,0
"618","FAB","FAB-1","4/5/06","8/1/14","10/1/20","6/1/20",70,71,0,0,3,0,1,2253,"9/1/20",8.323287671,14.15616438,NA,0
"619","FAB","FAB-1","4/5/06","8/1/14","10/1/20","7/1/20",71,72,0,0,3,0,1,2253,"9/1/20",8.323287671,14.23835616,NA,0
"620","FAB","FAB-1","4/5/06","8/1/14","10/1/20","8/1/20",72,73,0,0,3,0,1,2253,"9/1/20",8.323287671,14.32328767,NA,0
"621","FAB","FAB-1","4/5/06","8/1/14","10/1/20","9/1/20",73,74,0,0,3,0,1,2253,"9/1/20",8.323287671,14.40821918,NA,0
"622","FRA","FRA-1","4/19/97","5/1/06","8/1/09","5/1/06",0,1,0,0,7,0,0,1188,"7/1/09",9.032876712,9.032876712,"3/1/11",3
"623","FRA","FRA-1","4/19/97","5/1/06","8/1/09","6/1/06",1,2,0,0,8,0,0,1188,"7/1/09",9.032876712,9.117808219,"3/1/11",3
"624","FRA","FRA-1","4/19/97","5/1/06","8/1/09","7/1/06",2,3,0,0,8,0,0,1188,"7/1/09",9.032876712,9.2,"3/1/11",3
"625","FRA","FRA-1","4/19/97","5/1/06","8/1/09","8/1/06",3,4,0,0,8,0,0,1188,"7/1/09",9.032876712,9.284931507,"3/1/11",3
"626","FRA","FRA-1","4/19/97","5/1/06","8/1/09","9/1/06",4,5,0,0,8,0,0,1188,"7/1/09",9.032876712,9.369863014,"3/1/11",3
"627","FRA","FRA-1","4/19/97","5/1/06","8/1/09","10/1/06",5,6,0,0,8,0,0,1188,"7/1/09",9.032876712,9.452054795,"3/1/11",3
"628","FRA","FRA-1","4/19/97","5/1/06","8/1/09","11/1/06",6,7,0,0,8,0,0,1188,"7/1/09",9.032876712,9.536986301,"3/1/11",3
"629","FRA","FRA-1","4/19/97","5/1/06","8/1/09","12/1/06",7,8,0,0,8,0,0,1188,"7/1/09",9.032876712,9.619178082,"3/1/11",3
"630","FRA","FRA-1","4/19/97","5/1/06","8/1/09","1/1/07",8,9,0,0,8,0,0,1188,"7/1/09",9.032876712,9.704109589,"3/1/11",3
"631","FRA","FRA-1","4/19/97","5/1/06","8/1/09","2/1/07",9,10,0,0,8,0,0,1188,"7/1/09",9.032876712,9.789041096,"3/1/11",3
"632","FRA","FRA-1","4/19/97","5/1/06","8/1/09","3/1/07",10,11,0,0,8,0,0,1188,"7/1/09",9.032876712,9.865753425,"3/1/11",3
"633","FRA","FRA-1","4/19/97","5/1/06","8/1/09","4/1/07",11,12,0,0,8,0,0,1188,"7/1/09",9.032876712,9.950684932,"3/1/11",3
"634","FRA","FRA-1","4/19/97","5/1/06","8/1/09","5/1/07",12,13,0,0,8,0,0,1188,"7/1/09",9.032876712,10.03278689,"3/1/11",3
"635","FRA","FRA-1","4/19/97","5/1/06","8/1/09","6/1/07",13,14,0,0,9,0,0,1188,"7/1/09",9.032876712,10.11748634,"3/1/11",3
"636","FRA","FRA-1","4/19/97","5/1/06","8/1/09","7/1/07",14,15,0,0,9,0,0,1188,"7/1/09",9.032876712,10.19945355,"3/1/11",3
"637","FRA","FRA-1","4/19/97","5/1/06","8/1/09","8/1/07",15,16,0,0,9,0,0,1188,"7/1/09",9.032876712,10.28415301,"3/1/11",3
"638","FRA","FRA-1","4/19/97","5/1/06","8/1/09","9/1/07",16,17,0,0,9,0,0,1188,"7/1/09",9.032876712,10.36885246,"3/1/11",3
"639","FRA","FRA-1","4/19/97","5/1/06","8/1/09","10/1/07",17,18,0,0,9,0,0,1188,"7/1/09",9.032876712,10.45081967,"3/1/11",3
"640","FRA","FRA-1","4/19/97","5/1/06","8/1/09","11/1/07",18,19,0,0,9,0,0,1188,"7/1/09",9.032876712,10.53551913,"3/1/11",3
"641","FRA","FRA-1","4/19/97","5/1/06","8/1/09","12/1/07",19,20,0,0,9,0,0,1188,"7/1/09",9.032876712,10.61748634,"3/1/11",3
"642","FRA","FRA-1","4/19/97","5/1/06","8/1/09","1/1/08",20,21,0,0,9,0,0,1188,"7/1/09",9.032876712,10.70218579,"3/1/11",3
"643","FRA","FRA-1","4/19/97","5/1/06","8/1/09","2/1/08",21,22,0,0,9,0,0,1188,"7/1/09",9.032876712,10.78688525,"3/1/11",3
"644","FRA","FRA-1","4/19/97","5/1/06","8/1/09","3/1/08",22,23,0,0,9,0,0,1188,"7/1/09",9.032876712,10.86612022,"3/1/11",3
"645","FRA","FRA-1","4/19/97","5/1/06","8/1/09","4/1/08",23,24,0,0,9,0,0,1188,"7/1/09",9.032876712,10.95081967,"3/1/11",3
"646","FRA","FRA-1","4/19/97","5/1/06","8/1/09","5/1/08",24,25,0,0,10,0,0,1188,"7/1/09",9.032876712,11.03287671,"3/1/11",3
"647","FRA","FRA-1","4/19/97","5/1/06","8/1/09","6/1/08",25,26,0,0,10,0,0,1188,"7/1/09",9.032876712,11.11780822,"3/1/11",3
"648","FRA","FRA-1","4/19/97","5/1/06","8/1/09","7/1/08",26,27,0,0,10,0,0,1188,"7/1/09",9.032876712,11.2,"3/1/11",3
"649","FRA","FRA-1","4/19/97","5/1/06","8/1/09","8/1/08",27,28,0,0,9,0,0,1188,"7/1/09",9.032876712,11.28493151,"3/1/11",3
"650","FRA","FRA-1","4/19/97","5/1/06","8/1/09","9/1/08",28,29,0,0,9,0,0,1188,"7/1/09",9.032876712,11.36986301,"3/1/11",3
"651","FRA","FRA-1","4/19/97","5/1/06","8/1/09","10/1/08",29,30,0,0,9,0,0,1188,"7/1/09",9.032876712,11.45205479,"3/1/11",3
"652","FRA","FRA-1","4/19/97","5/1/06","8/1/09","11/1/08",30,31,0,0,9,0,0,1188,"7/1/09",9.032876712,11.5369863,"3/1/11",3
"653","FRA","FRA-1","4/19/97","5/1/06","8/1/09","12/1/08",31,32,0,0,9,0,0,1188,"7/1/09",9.032876712,11.61917808,"3/1/11",3
"654","FRA","FRA-1","4/19/97","5/1/06","8/1/09","1/1/09",32,33,0,0,9,0,0,1188,"7/1/09",9.032876712,11.70410959,"3/1/11",3
"655","FRA","FRA-1","4/19/97","5/1/06","8/1/09","2/1/09",33,34,0,0,9,0,0,1188,"7/1/09",9.032876712,11.7890411,"3/1/11",3
"656","FRA","FRA-1","4/19/97","5/1/06","8/1/09","3/1/09",34,35,0,0,9,0,0,1188,"7/1/09",9.032876712,11.86575342,"3/1/11",3
"657","FRA","FRA-1","4/19/97","5/1/06","8/1/09","4/1/09",35,36,0,0,10,0,0,1188,"7/1/09",9.032876712,11.95068493,"3/1/11",3
"658","FRA","FRA-1","4/19/97","5/1/06","8/1/09","5/1/09",36,37,0,0,10,0,0,1188,"7/1/09",9.032876712,12.03287671,"3/1/11",3
"659","FRA","FRA-1","4/19/97","5/1/06","8/1/09","6/1/09",37,38,0,0,10,0,0,1188,"7/1/09",9.032876712,12.11780822,"3/1/11",3
"660","FRA","FRA-1","4/19/97","5/1/06","8/1/09","7/1/09",38,39,1,0,10,0,0,1188,"7/1/09",9.032876712,12.2,"3/1/11",3
"661","FRE","FRE-1","4/22/01","7/1/09","8/1/10","7/1/09",0,1,0,0,5,0,1,396,"7/1/10",8.191780822,8.191780822,NA,2
"662","FRE","FRE-1","4/22/01","7/1/09","8/1/10","8/1/09",1,2,0,0,5,0,1,396,"7/1/10",8.191780822,8.276712329,NA,2
"663","FRE","FRE-1","4/22/01","7/1/09","8/1/10","9/1/09",2,3,0,0,5,0,1,396,"7/1/10",8.191780822,8.361643836,NA,2
"664","FRE","FRE-1","4/22/01","7/1/09","8/1/10","10/1/09",3,4,0,0,5,0,1,396,"7/1/10",8.191780822,8.443835616,NA,2
"665","FRE","FRE-1","4/22/01","7/1/09","8/1/10","11/1/09",4,5,0,0,5,0,1,396,"7/1/10",8.191780822,8.528767123,NA,2
"666","FRE","FRE-1","4/22/01","7/1/09","8/1/10","12/1/09",5,6,0,0,5,0,1,396,"7/1/10",8.191780822,8.610958904,NA,2
"667","FRE","FRE-1","4/22/01","7/1/09","8/1/10","1/1/10",6,7,0,0,5,0,1,396,"7/1/10",8.191780822,8.695890411,NA,2
"668","FRE","FRE-1","4/22/01","7/1/09","8/1/10","2/1/10",7,8,0,0,5,0,1,396,"7/1/10",8.191780822,8.780821918,NA,2
"669","FRE","FRE-1","4/22/01","7/1/09","8/1/10","3/1/10",8,9,0,0,6,0,1,396,"7/1/10",8.191780822,8.857534247,NA,2
"670","FRE","FRE-1","4/22/01","7/1/09","8/1/10","4/1/10",9,10,0,0,6,0,1,396,"7/1/10",8.191780822,8.942465753,NA,2
"671","FRE","FRE-1","4/22/01","7/1/09","8/1/10","5/1/10",10,11,0,0,6,0,1,396,"7/1/10",8.191780822,9.024657534,NA,2
"672","FRE","FRE-1","4/22/01","7/1/09","8/1/10","6/1/10",11,12,0,0,6,0,1,396,"7/1/10",8.191780822,9.109589041,NA,2
"673","FRE","FRE-1","4/22/01","7/1/09","8/1/10","7/1/10",12,13,0,0,6,0,1,396,"7/1/10",8.191780822,9.191780822,NA,4
"674","FUJ","FUJ-1","11/12/98","3/1/07","4/1/08","3/1/07",0,1,0,0,10,0,0,397,"3/1/08",8.298630137,8.298630137,NA,6
"675","FUJ","FUJ-1","11/12/98","3/1/07","4/1/08","4/1/07",1,2,0,0,11,0,0,397,"3/1/08",8.298630137,8.383561644,NA,6
"676","FUJ","FUJ-1","11/12/98","3/1/07","4/1/08","5/1/07",2,3,0,0,11,0,0,397,"3/1/08",8.298630137,8.465753425,NA,6
"677","FUJ","FUJ-1","11/12/98","3/1/07","4/1/08","6/1/07",3,4,0,0,11,0,0,397,"3/1/08",8.298630137,8.550684932,NA,4
"678","FUJ","FUJ-1","11/12/98","3/1/07","4/1/08","7/1/07",4,5,0,0,10,0,0,397,"3/1/08",8.298630137,8.632876712,NA,4
"679","FUJ","FUJ-1","11/12/98","3/1/07","4/1/08","8/1/07",5,6,0,0,10,0,0,397,"3/1/08",8.298630137,8.717808219,NA,4
"680","FUJ","FUJ-1","11/12/98","3/1/07","4/1/08","9/1/07",6,7,0,0,10,0,0,397,"3/1/08",8.298630137,8.802739726,NA,4
"681","FUJ","FUJ-1","11/12/98","3/1/07","4/1/08","10/1/07",7,8,0,0,10,0,0,397,"3/1/08",8.298630137,8.884931507,NA,4
"682","FUJ","FUJ-1","11/12/98","3/1/07","4/1/08","11/1/07",8,9,0,0,10,0,0,397,"3/1/08",8.298630137,8.969863014,NA,4
"683","FUJ","FUJ-1","11/12/98","3/1/07","4/1/08","12/1/07",9,10,0,0,10,0,0,397,"3/1/08",8.298630137,9.051912568,NA,4
"684","FUJ","FUJ-1","11/12/98","3/1/07","4/1/08","1/1/08",10,11,0,0,10,0,0,397,"3/1/08",8.298630137,9.136612022,NA,4
"685","FUJ","FUJ-1","11/12/98","3/1/07","4/1/08","2/1/08",11,12,0,0,10,0,0,397,"3/1/08",8.298630137,9.221311475,NA,4
"686","FUJ","FUJ-1","11/12/98","3/1/07","4/1/08","3/1/08",12,13,1,0,10,0,0,397,"3/1/08",8.298630137,9.300546448,NA,6
"687","GAB","GAB-1","7/5/95","1/1/06","5/1/06","1/1/06",0,1,0,0,7,1,0,120,"4/1/06",10.49315068,10.49315068,"2/1/08",0
"688","GAB","GAB-1","7/5/95","1/1/06","5/1/06","2/1/06",1,2,0,0,7,1,0,120,"4/1/06",10.49315068,10.57808219,"2/1/08",0
"689","GAB","GAB-1","7/5/95","1/1/06","5/1/06","3/1/06",2,3,0,0,7,1,0,120,"4/1/06",10.49315068,10.65479452,"2/1/08",0
"690","GAB","GAB-1","7/5/95","1/1/06","5/1/06","4/1/06",3,4,1,0,7,1,0,120,"4/1/06",10.49315068,10.73972603,"2/1/08",3
"691","GAR","GAR-1","7/4/96","1/1/06","6/1/06","1/1/06",0,1,0,0,4,1,0,151,"5/1/06",9.495890411,9.495890411,NA,0
"692","GAR","GAR-1","7/4/96","1/1/06","6/1/06","2/1/06",1,2,0,0,4,1,0,151,"5/1/06",9.495890411,9.580821918,NA,0
"693","GAR","GAR-1","7/4/96","1/1/06","6/1/06","3/1/06",2,3,0,0,4,1,0,151,"5/1/06",9.495890411,9.657534247,NA,0
"694","GAR","GAR-1","7/4/96","1/1/06","6/1/06","4/1/06",3,4,0,0,4,1,0,151,"5/1/06",9.495890411,9.742465753,NA,0
"695","GAR","GAR-1","7/4/96","1/1/06","6/1/06","5/1/06",4,5,1,0,4,1,0,151,"5/1/06",9.495890411,9.824657534,NA,0
"696","GAS","GAS-1","1/27/05","5/1/13","7/1/20","5/1/13",0,1,0,0,7,0,0,2618,"6/1/20",8.257534247,8.257534247,NA,3
"697","GAS","GAS-1","1/27/05","5/1/13","7/1/20","6/1/13",1,2,0,0,7,0,0,2618,"6/1/20",8.257534247,8.342465753,NA,2
"698","GAS","GAS-1","1/27/05","5/1/13","7/1/20","7/1/13",2,3,0,0,7,0,0,2618,"6/1/20",8.257534247,8.424657534,NA,2
"699","GAS","GAS-1","1/27/05","5/1/13","7/1/20","8/1/13",3,4,0,0,7,0,0,2618,"6/1/20",8.257534247,8.509589041,NA,2
"700","GAS","GAS-1","1/27/05","5/1/13","7/1/20","9/1/13",4,5,0,0,6,0,0,2618,"6/1/20",8.257534247,8.594520548,NA,2
"701","GAS","GAS-1","1/27/05","5/1/13","7/1/20","10/1/13",5,6,0,0,6,0,0,2618,"6/1/20",8.257534247,8.676712329,NA,3
"702","GAS","GAS-1","1/27/05","5/1/13","7/1/20","11/1/13",6,7,0,0,6,0,0,2618,"6/1/20",8.257534247,8.761643836,NA,3
"703","GAS","GAS-1","1/27/05","5/1/13","7/1/20","12/1/13",7,8,0,0,6,0,0,2618,"6/1/20",8.257534247,8.843835616,NA,3
"704","GAS","GAS-1","1/27/05","5/1/13","7/1/20","1/1/14",8,9,0,0,6,0,0,2618,"6/1/20",8.257534247,8.928767123,NA,3
"705","GAS","GAS-1","1/27/05","5/1/13","7/1/20","2/1/14",9,10,0,0,6,0,0,2618,"6/1/20",8.257534247,9.01369863,NA,2
"706","GAS","GAS-1","1/27/05","5/1/13","7/1/20","3/1/14",10,11,0,0,7,0,0,2618,"6/1/20",8.257534247,9.090410959,NA,2
"707","GAS","GAS-1","1/27/05","5/1/13","7/1/20","4/1/14",11,12,0,0,7,0,0,2618,"6/1/20",8.257534247,9.175342466,NA,0
"708","GAS","GAS-1","1/27/05","5/1/13","7/1/20","5/1/14",12,13,0,0,7,0,0,2618,"6/1/20",8.257534247,9.257534247,NA,0
"709","GAS","GAS-1","1/27/05","5/1/13","7/1/20","6/1/14",13,14,0,0,7,0,0,2618,"6/1/20",8.257534247,9.342465753,NA,0
"710","GAS","GAS-1","1/27/05","5/1/13","7/1/20","7/1/14",14,15,0,0,7,0,0,2618,"6/1/20",8.257534247,9.424657534,NA,0
"711","GAS","GAS-1","1/27/05","5/1/13","7/1/20","8/1/14",15,16,0,0,7,0,0,2618,"6/1/20",8.257534247,9.509589041,NA,0
"712","GAS","GAS-1","1/27/05","5/1/13","7/1/20","9/1/14",16,17,0,0,8,0,0,2618,"6/1/20",8.257534247,9.594520548,NA,0
"713","GAS","GAS-1","1/27/05","5/1/13","7/1/20","10/1/14",17,18,0,0,8,0,0,2618,"6/1/20",8.257534247,9.676712329,NA,0
"714","GAS","GAS-1","1/27/05","5/1/13","7/1/20","11/1/14",18,19,0,0,8,0,0,2618,"6/1/20",8.257534247,9.761643836,NA,0
"715","GAS","GAS-1","1/27/05","5/1/13","7/1/20","12/1/14",19,20,0,0,8,0,0,2618,"6/1/20",8.257534247,9.843835616,NA,0
"716","GAS","GAS-1","1/27/05","5/1/13","7/1/20","1/1/15",20,21,0,0,8,0,0,2618,"6/1/20",8.257534247,9.928767123,NA,0
"717","GAS","GAS-1","1/27/05","5/1/13","7/1/20","2/1/15",21,22,0,0,8,0,0,2618,"6/1/20",8.257534247,10.01369863,NA,0
"718","GAS","GAS-1","1/27/05","5/1/13","7/1/20","3/1/15",22,23,0,0,8,0,0,2618,"6/1/20",8.257534247,10.09041096,NA,0
"719","GAS","GAS-1","1/27/05","5/1/13","7/1/20","4/1/15",23,24,0,0,8,0,0,2618,"6/1/20",8.257534247,10.17534247,NA,0
"720","GAS","GAS-1","1/27/05","5/1/13","7/1/20","5/1/15",24,25,0,0,8,0,0,2618,"6/1/20",8.257534247,10.25753425,NA,0
"721","GAS","GAS-1","1/27/05","5/1/13","7/1/20","6/1/15",25,26,0,0,8,0,0,2618,"6/1/20",8.257534247,10.34246575,NA,0
"722","GAS","GAS-1","1/27/05","5/1/13","7/1/20","7/1/15",26,27,0,0,8,0,0,2618,"6/1/20",8.257534247,10.42465753,NA,0
"723","GAS","GAS-1","1/27/05","5/1/13","7/1/20","8/1/15",27,28,0,0,8,0,0,2618,"6/1/20",8.257534247,10.50958904,NA,0
"724","GAS","GAS-1","1/27/05","5/1/13","7/1/20","9/1/15",28,29,0,0,8,0,0,2618,"6/1/20",8.257534247,10.59452055,NA,0
"725","GAS","GAS-1","1/27/05","5/1/13","7/1/20","10/1/15",29,30,0,0,8,0,0,2618,"6/1/20",8.257534247,10.67671233,NA,0
"726","GAS","GAS-1","1/27/05","5/1/13","7/1/20","11/1/15",30,31,0,0,8,0,0,2618,"6/1/20",8.257534247,10.76164384,NA,0
"727","GAS","GAS-1","1/27/05","5/1/13","7/1/20","12/1/15",31,32,0,0,8,0,0,2618,"6/1/20",8.257534247,10.84383562,NA,0
"728","GAS","GAS-1","1/27/05","5/1/13","7/1/20","1/1/16",32,33,0,0,8,0,0,2618,"6/1/20",8.257534247,10.92876712,NA,0
"729","GAS","GAS-1","1/27/05","5/1/13","7/1/20","2/1/16",33,34,0,0,8,0,0,2618,"6/1/20",8.257534247,11.0136612,NA,0
"730","GAS","GAS-1","1/27/05","5/1/13","7/1/20","3/1/16",34,35,0,0,8,0,0,2618,"6/1/20",8.257534247,11.09289617,NA,0
"731","GAS","GAS-1","1/27/05","5/1/13","7/1/20","4/1/16",35,36,0,0,8,0,0,2618,"6/1/20",8.257534247,11.17759563,NA,0
"732","GAS","GAS-1","1/27/05","5/1/13","7/1/20","5/1/16",36,37,0,0,8,0,0,2618,"6/1/20",8.257534247,11.25956284,NA,0
"733","GAS","GAS-1","1/27/05","5/1/13","7/1/20","6/1/16",37,38,0,0,8,0,0,2618,"6/1/20",8.257534247,11.3442623,NA,0
"734","GAS","GAS-1","1/27/05","5/1/13","7/1/20","7/1/16",38,39,0,0,8,0,0,2618,"6/1/20",8.257534247,11.42622951,NA,0
"735","GAS","GAS-1","1/27/05","5/1/13","7/1/20","8/1/16",39,40,0,0,8,0,0,2618,"6/1/20",8.257534247,11.51092896,NA,0
"736","GAS","GAS-1","1/27/05","5/1/13","7/1/20","9/1/16",40,41,0,0,8,0,0,2618,"6/1/20",8.257534247,11.59562842,NA,0
"737","GAS","GAS-1","1/27/05","5/1/13","7/1/20","10/1/16",41,42,0,0,8,0,0,2618,"6/1/20",8.257534247,11.67759563,NA,0
"738","GAS","GAS-1","1/27/05","5/1/13","7/1/20","11/1/16",42,43,0,0,8,0,0,2618,"6/1/20",8.257534247,11.76229508,NA,0
"739","GAS","GAS-1","1/27/05","5/1/13","7/1/20","12/1/16",43,44,0,0,8,0,0,2618,"6/1/20",8.257534247,11.8442623,NA,0
"740","GAS","GAS-1","1/27/05","5/1/13","7/1/20","1/1/17",44,45,0,0,8,0,0,2618,"6/1/20",8.257534247,11.92896175,NA,0
"741","GAS","GAS-1","1/27/05","5/1/13","7/1/20","2/1/17",45,46,0,0,8,0,0,2618,"6/1/20",8.257534247,12.01369863,NA,0
"742","GAS","GAS-1","1/27/05","5/1/13","7/1/20","3/1/17",46,47,0,0,8,0,0,2618,"6/1/20",8.257534247,12.09041096,NA,0
"743","GAS","GAS-1","1/27/05","5/1/13","7/1/20","4/1/17",47,48,0,0,8,0,0,2618,"6/1/20",8.257534247,12.17534247,NA,0
"744","GAS","GAS-1","1/27/05","5/1/13","7/1/20","5/1/17",48,49,0,0,8,0,0,2618,"6/1/20",8.257534247,12.25753425,NA,0
"745","GAS","GAS-1","1/27/05","5/1/13","7/1/20","6/1/17",49,50,0,0,8,0,0,2618,"6/1/20",8.257534247,12.34246575,NA,0
"746","GAS","GAS-1","1/27/05","5/1/13","7/1/20","7/1/17",50,51,0,0,8,0,0,2618,"6/1/20",8.257534247,12.42465753,NA,0
"747","GAS","GAS-1","1/27/05","5/1/13","7/1/20","8/1/17",51,52,0,0,8,0,0,2618,"6/1/20",8.257534247,12.50958904,NA,0
"748","GAS","GAS-1","1/27/05","5/1/13","7/1/20","9/1/17",52,53,0,0,8,0,0,2618,"6/1/20",8.257534247,12.59452055,NA,0
"749","GAS","GAS-1","1/27/05","5/1/13","7/1/20","10/1/17",53,54,0,0,8,0,0,2618,"6/1/20",8.257534247,12.67671233,NA,0
"750","GAS","GAS-1","1/27/05","5/1/13","7/1/20","11/1/17",54,55,0,0,8,0,0,2618,"6/1/20",8.257534247,12.76164384,NA,0
"751","GAS","GAS-1","1/27/05","5/1/13","7/1/20","12/1/17",55,56,0,0,8,0,0,2618,"6/1/20",8.257534247,12.84383562,NA,0
"752","GAS","GAS-1","1/27/05","5/1/13","7/1/20","1/1/18",56,57,0,0,8,0,0,2618,"6/1/20",8.257534247,12.92876712,NA,0
"753","GAS","GAS-1","1/27/05","5/1/13","7/1/20","2/1/18",57,58,0,0,8,0,0,2618,"6/1/20",8.257534247,13.01369863,NA,0
"754","GAS","GAS-1","1/27/05","5/1/13","7/1/20","3/1/18",58,59,0,0,7,0,0,2618,"6/1/20",8.257534247,13.09041096,NA,0
"755","GAS","GAS-1","1/27/05","5/1/13","7/1/20","4/1/18",59,60,0,0,7,0,0,2618,"6/1/20",8.257534247,13.17534247,NA,0
"756","GAS","GAS-1","1/27/05","5/1/13","7/1/20","5/1/18",60,61,0,0,6,0,0,2618,"6/1/20",8.257534247,13.25753425,NA,0
"757","GAS","GAS-1","1/27/05","5/1/13","7/1/20","6/1/18",61,62,0,0,6,0,0,2618,"6/1/20",8.257534247,13.34246575,NA,0
"758","GAS","GAS-1","1/27/05","5/1/13","7/1/20","7/1/18",62,63,0,0,6,0,0,2618,"6/1/20",8.257534247,13.42465753,NA,0
"759","GAS","GAS-1","1/27/05","5/1/13","7/1/20","8/1/18",63,64,0,0,6,0,0,2618,"6/1/20",8.257534247,13.50958904,NA,0
"760","GAS","GAS-1","1/27/05","5/1/13","7/1/20","9/1/18",64,65,0,0,6,0,0,2618,"6/1/20",8.257534247,13.59452055,NA,0
"761","GAS","GAS-1","1/27/05","5/1/13","7/1/20","10/1/18",65,66,0,0,6,0,0,2618,"6/1/20",8.257534247,13.67671233,NA,0
"762","GAS","GAS-1","1/27/05","5/1/13","7/1/20","11/1/18",66,67,0,0,6,0,0,2618,"6/1/20",8.257534247,13.76164384,NA,0
"763","GAS","GAS-1","1/27/05","5/1/13","7/1/20","12/1/18",67,68,0,0,6,0,0,2618,"6/1/20",8.257534247,13.84383562,NA,0
"764","GAS","GAS-1","1/27/05","5/1/13","7/1/20","1/1/19",68,69,0,0,6,0,0,2618,"6/1/20",8.257534247,13.92876712,NA,0
"765","GAS","GAS-1","1/27/05","5/1/13","7/1/20","2/1/19",69,70,0,0,6,0,0,2618,"6/1/20",8.257534247,14.01369863,NA,0
"766","GAS","GAS-1","1/27/05","5/1/13","7/1/20","3/1/19",70,71,0,0,7,0,0,2618,"6/1/20",8.257534247,14.09041096,NA,0
"767","GAS","GAS-1","1/27/05","5/1/13","7/1/20","4/1/19",71,72,0,0,6,0,0,2618,"6/1/20",8.257534247,14.17534247,NA,0
"768","GAS","GAS-1","1/27/05","5/1/13","7/1/20","5/1/19",72,73,0,0,6,0,0,2618,"6/1/20",8.257534247,14.25753425,NA,0
"769","GAS","GAS-1","1/27/05","5/1/13","7/1/20","6/1/19",73,74,0,0,7,0,0,2618,"6/1/20",8.257534247,14.34246575,NA,0
"770","GAS","GAS-1","1/27/05","5/1/13","7/1/20","7/1/19",74,75,0,0,8,0,0,2618,"6/1/20",8.257534247,14.42465753,NA,0
"771","GAS","GAS-1","1/27/05","5/1/13","7/1/20","8/1/19",75,76,0,0,8,0,0,2618,"6/1/20",8.257534247,14.50958904,NA,0
"772","GAS","GAS-1","1/27/05","5/1/13","7/1/20","9/1/19",76,77,0,0,8,0,0,2618,"6/1/20",8.257534247,14.59452055,NA,0
"773","GAS","GAS-1","1/27/05","5/1/13","7/1/20","10/1/19",77,78,0,0,8,0,0,2618,"6/1/20",8.257534247,14.67671233,NA,0
"774","GAS","GAS-1","1/27/05","5/1/13","7/1/20","11/1/19",78,79,0,0,8,0,0,2618,"6/1/20",8.257534247,14.76164384,NA,0
"775","GAS","GAS-1","1/27/05","5/1/13","7/1/20","12/1/19",79,80,0,0,8,0,0,2618,"6/1/20",8.257534247,14.84383562,NA,0
"776","GAS","GAS-1","1/27/05","5/1/13","7/1/20","1/1/20",80,81,0,0,8,0,0,2618,"6/1/20",8.257534247,14.92876712,NA,0
"777","GAS","GAS-1","1/27/05","5/1/13","7/1/20","2/1/20",81,82,0,0,8,0,0,2618,"6/1/20",8.257534247,15.0136612,NA,0
"778","GAS","GAS-1","1/27/05","5/1/13","7/1/20","3/1/20",82,83,0,0,8,0,0,2618,"6/1/20",8.257534247,15.09289617,NA,0
"779","GAS","GAS-1","1/27/05","5/1/13","7/1/20","4/1/20",83,84,0,0,8,0,0,2618,"6/1/20",8.257534247,15.17759563,NA,0
"780","GAS","GAS-1","1/27/05","5/1/13","7/1/20","5/1/20",84,85,0,0,8,0,0,2618,"6/1/20",8.257534247,15.25956284,NA,0
"781","GAS","GAS-1","1/27/05","5/1/13","7/1/20","6/1/20",85,86,1,0,8,0,0,2618,"6/1/20",8.257534247,15.3442623,NA,0
"782","GEO","GEO-1","10/22/00","11/1/09","3/1/10","11/1/09",0,1,0,0,5,0,0,120,"2/1/10",9.02739726,9.02739726,NA,2
"783","GEO","GEO-1","10/22/00","11/1/09","3/1/10","12/1/09",1,2,0,0,5,0,0,120,"2/1/10",9.02739726,9.109589041,NA,2
"784","GEO","GEO-1","10/22/00","11/1/09","3/1/10","1/1/10",2,3,0,0,5,0,0,120,"2/1/10",9.02739726,9.194520548,NA,2
"785","GEO","GEO-1","10/22/00","11/1/09","3/1/10","2/1/10",3,4,1,0,5,0,0,120,"2/1/10",9.02739726,9.279452055,NA,3
"786","GOH","GOH-1","10/1/00","4/1/09","4/1/13","8/1/09",0,1,0,0,6,0,0,1461,"3/1/13",8.498630137,8.832876712,NA,4
"787","GOH","GOH-1","10/1/00","4/1/09","4/1/13","9/1/09",1,2,0,0,6,0,0,1461,"3/1/13",8.498630137,8.917808219,NA,4
"788","GOH","GOH-1","10/1/00","4/1/09","4/1/13","10/1/09",2,3,0,0,6,0,0,1461,"3/1/13",8.498630137,9,NA,4
"789","GOH","GOH-1","10/1/00","4/1/09","4/1/13","11/1/09",3,4,0,0,6,0,0,1461,"3/1/13",8.498630137,9.084931507,NA,4
"790","GOH","GOH-1","10/1/00","4/1/09","4/1/13","12/1/09",4,5,0,0,7,0,0,1461,"3/1/13",8.498630137,9.167123288,NA,4
"791","GOH","GOH-1","10/1/00","4/1/09","4/1/13","1/1/10",5,6,0,0,7,0,0,1461,"3/1/13",8.498630137,9.252054795,NA,4
"792","GOH","GOH-1","10/1/00","4/1/09","4/1/13","2/1/10",6,7,0,0,7,0,0,1461,"3/1/13",8.498630137,9.336986301,NA,4
"793","GOH","GOH-1","10/1/00","4/1/09","4/1/13","3/1/10",7,8,0,0,7,0,0,1461,"3/1/13",8.498630137,9.41369863,NA,4
"794","GOH","GOH-1","10/1/00","4/1/09","4/1/13","4/1/10",8,9,0,0,7,0,0,1461,"3/1/13",8.498630137,9.498630137,NA,4
"795","GOH","GOH-1","10/1/00","4/1/09","4/1/13","5/1/10",9,10,0,0,8,0,0,1461,"3/1/13",8.498630137,9.580821918,NA,4
"796","GOH","GOH-1","10/1/00","4/1/09","4/1/13","6/1/10",10,11,0,0,8,0,0,1461,"3/1/13",8.498630137,9.665753425,NA,4
"797","GOH","GOH-1","10/1/00","4/1/09","4/1/13","7/1/10",11,12,0,0,8,0,0,1461,"3/1/13",8.498630137,9.747945205,NA,4
"798","GOH","GOH-1","10/1/00","4/1/09","4/1/13","8/1/10",12,13,0,0,8,0,0,1461,"3/1/13",8.498630137,9.832876712,NA,4
"799","GOH","GOH-1","10/1/00","4/1/09","4/1/13","9/1/10",13,14,0,0,8,0,0,1461,"3/1/13",8.498630137,9.917808219,NA,4
"800","GOH","GOH-1","10/1/00","4/1/09","4/1/13","10/1/10",14,15,0,0,8,0,0,1461,"3/1/13",8.498630137,10,NA,4
"801","GOH","GOH-1","10/1/00","4/1/09","4/1/13","11/1/10",15,16,0,0,8,0,0,1461,"3/1/13",8.498630137,10.08493151,NA,4
"802","GOH","GOH-1","10/1/00","4/1/09","4/1/13","12/1/10",16,17,0,0,8,0,0,1461,"3/1/13",8.498630137,10.16712329,NA,4
"803","GOH","GOH-1","10/1/00","4/1/09","4/1/13","1/1/11",17,18,0,0,8,0,0,1461,"3/1/13",8.498630137,10.25205479,NA,0
"804","GOH","GOH-1","10/1/00","4/1/09","4/1/13","2/1/11",18,19,0,0,8,0,0,1461,"3/1/13",8.498630137,10.3369863,NA,0
"805","GOH","GOH-1","10/1/00","4/1/09","4/1/13","3/1/11",19,20,0,0,8,0,0,1461,"3/1/13",8.498630137,10.41369863,NA,0
"806","GOH","GOH-1","10/1/00","4/1/09","4/1/13","4/1/11",20,21,0,0,8,0,0,1461,"3/1/13",8.498630137,10.49863014,NA,0
"807","GOH","GOH-1","10/1/00","4/1/09","4/1/13","5/1/11",21,22,0,0,8,0,0,1461,"3/1/13",8.498630137,10.58082192,NA,0
"808","GOH","GOH-1","10/1/00","4/1/09","4/1/13","6/1/11",22,23,0,0,8,0,0,1461,"3/1/13",8.498630137,10.66575342,NA,0
"809","GOH","GOH-1","10/1/00","4/1/09","4/1/13","7/1/11",23,24,0,0,9,0,0,1461,"3/1/13",8.498630137,10.74794521,NA,0
"810","GOH","GOH-1","10/1/00","4/1/09","4/1/13","8/1/11",24,25,0,0,9,0,0,1461,"3/1/13",8.498630137,10.83287671,NA,0
"811","GOH","GOH-1","10/1/00","4/1/09","4/1/13","9/1/11",25,26,0,0,9,0,0,1461,"3/1/13",8.498630137,10.91780822,NA,0
"812","GOH","GOH-1","10/1/00","4/1/09","4/1/13","10/1/11",26,27,0,0,9,0,0,1461,"3/1/13",8.498630137,11,NA,0
"813","GOH","GOH-1","10/1/00","4/1/09","4/1/13","11/1/11",27,28,0,0,9,0,0,1461,"3/1/13",8.498630137,11.08469945,NA,0
"814","GOH","GOH-1","10/1/00","4/1/09","4/1/13","12/1/11",28,29,0,0,9,0,0,1461,"3/1/13",8.498630137,11.16666667,NA,0
"815","GOH","GOH-1","10/1/00","4/1/09","4/1/13","1/1/12",29,30,0,0,9,0,0,1461,"3/1/13",8.498630137,11.25136612,NA,0
"816","GOH","GOH-1","10/1/00","4/1/09","4/1/13","2/1/12",30,31,0,0,9,0,0,1461,"3/1/13",8.498630137,11.33606557,NA,0
"817","GOH","GOH-1","10/1/00","4/1/09","4/1/13","3/1/12",31,32,0,0,9,0,0,1461,"3/1/13",8.498630137,11.41530055,NA,0
"818","GOH","GOH-1","10/1/00","4/1/09","4/1/13","4/1/12",32,33,0,0,9,0,0,1461,"3/1/13",8.498630137,11.5,NA,0
"819","GOH","GOH-1","10/1/00","4/1/09","4/1/13","5/1/12",33,34,0,0,10,0,0,1461,"3/1/13",8.498630137,11.58196721,NA,0
"820","GOH","GOH-1","10/1/00","4/1/09","4/1/13","6/1/12",34,35,0,0,11,0,0,1461,"3/1/13",8.498630137,11.66666667,NA,0
"821","GOH","GOH-1","10/1/00","4/1/09","4/1/13","7/1/12",35,36,0,0,11,0,0,1461,"3/1/13",8.498630137,11.74863388,NA,0
"822","GOH","GOH-1","10/1/00","4/1/09","4/1/13","8/1/12",36,37,0,0,11,0,0,1461,"3/1/13",8.498630137,11.83333333,NA,0
"823","GOH","GOH-1","10/1/00","4/1/09","4/1/13","9/1/12",37,38,0,0,11,0,0,1461,"3/1/13",8.498630137,11.91803279,NA,0
"824","GOH","GOH-1","10/1/00","4/1/09","4/1/13","10/1/12",38,39,0,0,11,0,0,1461,"3/1/13",8.498630137,12,NA,0
"825","GOH","GOH-1","10/1/00","4/1/09","4/1/13","11/1/12",39,40,0,0,11,0,0,1461,"3/1/13",8.498630137,12.08493151,NA,0
"826","GOH","GOH-1","10/1/00","4/1/09","4/1/13","12/1/12",40,41,0,0,11,0,0,1461,"3/1/13",8.498630137,12.16712329,NA,0
"827","GOH","GOH-1","10/1/00","4/1/09","4/1/13","1/1/13",41,42,0,0,11,0,0,1461,"3/1/13",8.498630137,12.25205479,NA,0
"828","GOH","GOH-1","10/1/00","4/1/09","4/1/13","2/1/13",42,43,0,0,11,0,0,1461,"3/1/13",8.498630137,12.3369863,NA,0
"829","GOH","GOH-1","10/1/00","4/1/09","4/1/13","3/1/13",43,44,1,0,11,0,0,1461,"3/1/13",8.498630137,12.41369863,NA,0
"830","HOO","HOO-1","11/1/01","11/1/09","6/1/11","11/1/09",0,1,0,0,2,0,0,577,"5/1/11",8,8,NA,1
"831","HOO","HOO-1","11/1/01","11/1/09","6/1/11","12/1/09",1,2,0,0,2,0,0,577,"5/1/11",8,8.082191781,NA,0
"832","HOO","HOO-1","11/1/01","11/1/09","6/1/11","1/1/10",2,3,0,0,2,0,0,577,"5/1/11",8,8.167123288,NA,0
"833","HOO","HOO-1","11/1/01","11/1/09","6/1/11","2/1/10",3,4,0,0,2,0,0,577,"5/1/11",8,8.252054795,NA,0
"834","HOO","HOO-1","11/1/01","11/1/09","6/1/11","3/1/10",4,5,0,0,2,0,0,577,"5/1/11",8,8.328767123,NA,0
"835","HOO","HOO-1","11/1/01","11/1/09","6/1/11","4/1/10",5,6,0,0,2,0,0,577,"5/1/11",8,8.41369863,NA,0
"836","HOO","HOO-1","11/1/01","11/1/09","6/1/11","5/1/10",6,7,0,0,2,0,0,577,"5/1/11",8,8.495890411,NA,0
"837","HOO","HOO-1","11/1/01","11/1/09","6/1/11","6/1/10",7,8,0,0,2,0,0,577,"5/1/11",8,8.580821918,NA,0
"838","HOO","HOO-1","11/1/01","11/1/09","6/1/11","7/1/10",8,9,0,0,2,0,0,577,"5/1/11",8,8.663013699,NA,0
"839","HOO","HOO-1","11/1/01","11/1/09","6/1/11","8/1/10",9,10,0,0,2,0,0,577,"5/1/11",8,8.747945205,NA,0
"840","HOO","HOO-1","11/1/01","11/1/09","6/1/11","9/1/10",10,11,0,0,2,0,0,577,"5/1/11",8,8.832876712,NA,0
"841","HOO","HOO-1","11/1/01","11/1/09","6/1/11","10/1/10",11,12,0,0,2,0,0,577,"5/1/11",8,8.915068493,NA,0
"842","HOO","HOO-1","11/1/01","11/1/09","6/1/11","11/1/10",12,13,0,0,2,0,0,577,"5/1/11",8,9,NA,0
"843","HOO","HOO-1","11/1/01","11/1/09","6/1/11","12/1/10",13,14,0,0,1,0,0,577,"5/1/11",8,9.082191781,NA,0
"844","HOO","HOO-1","11/1/01","11/1/09","6/1/11","1/1/11",14,15,0,0,1,0,0,577,"5/1/11",8,9.167123288,NA,0
"845","HOO","HOO-1","11/1/01","11/1/09","6/1/11","2/1/11",15,16,0,0,1,0,0,577,"5/1/11",8,9.252054795,NA,0
"846","HOO","HOO-1","11/1/01","11/1/09","6/1/11","3/1/11",16,17,0,0,1,0,0,577,"5/1/11",8,9.328767123,NA,0
"847","HOO","HOO-1","11/1/01","11/1/09","6/1/11","4/1/11",17,18,0,0,1,0,0,577,"5/1/11",8,9.41369863,NA,0
"848","HOO","HOO-1","11/1/01","11/1/09","6/1/11","5/1/11",18,19,1,0,1,0,0,577,"5/1/11",8,9.495890411,NA,2
"849","HOO","HOO-2","11/1/01","9/1/11","4/1/14","9/1/11",0,1,0,0,2,0,1,943,"3/1/14",9.832876712,9.832876712,NA,2
"850","HOO","HOO-2","11/1/01","9/1/11","4/1/14","10/1/11",1,2,0,0,2,0,1,943,"3/1/14",9.832876712,9.915068493,NA,2
"851","HOO","HOO-2","11/1/01","9/1/11","4/1/14","11/1/11",2,3,0,0,2,0,1,943,"3/1/14",9.832876712,10,NA,2
"852","HOO","HOO-2","11/1/01","9/1/11","4/1/14","12/1/11",3,4,0,0,2,0,1,943,"3/1/14",9.832876712,10.08196721,NA,2
"853","HOO","HOO-2","11/1/01","9/1/11","4/1/14","1/1/12",4,5,0,0,2,0,1,943,"3/1/14",9.832876712,10.16666667,NA,2
"854","HOO","HOO-2","11/1/01","9/1/11","4/1/14","2/1/12",5,6,0,0,2,0,1,943,"3/1/14",9.832876712,10.25136612,NA,2
"855","HOO","HOO-2","11/1/01","9/1/11","4/1/14","3/1/12",6,7,0,0,2,0,1,943,"3/1/14",9.832876712,10.33060109,NA,2
"856","HOO","HOO-2","11/1/01","9/1/11","4/1/14","4/1/12",7,8,0,0,2,0,1,943,"3/1/14",9.832876712,10.41530055,NA,2
"857","HOO","HOO-2","11/1/01","9/1/11","4/1/14","5/1/12",8,9,0,0,2,0,1,943,"3/1/14",9.832876712,10.49726776,NA,2
"858","HOO","HOO-2","11/1/01","9/1/11","4/1/14","6/1/12",9,10,0,0,3,0,1,943,"3/1/14",9.832876712,10.58196721,NA,2
"859","HOO","HOO-2","11/1/01","9/1/11","4/1/14","7/1/12",10,11,0,0,3,0,1,943,"3/1/14",9.832876712,10.66393443,NA,2
"860","HOO","HOO-2","11/1/01","9/1/11","4/1/14","8/1/12",11,12,0,0,3,0,1,943,"3/1/14",9.832876712,10.74863388,NA,2
"861","HOO","HOO-2","11/1/01","9/1/11","4/1/14","9/1/12",12,13,0,0,3,0,1,943,"3/1/14",9.832876712,10.83333333,NA,2
"862","HOO","HOO-2","11/1/01","9/1/11","4/1/14","10/1/12",13,14,0,0,3,0,1,943,"3/1/14",9.832876712,10.91530055,NA,2
"863","HOO","HOO-2","11/1/01","9/1/11","4/1/14","11/1/12",14,15,0,0,3,0,1,943,"3/1/14",9.832876712,11,NA,2
"864","HOO","HOO-2","11/1/01","9/1/11","4/1/14","12/1/12",15,16,0,0,3,0,1,943,"3/1/14",9.832876712,11.08219178,NA,2
"865","HOO","HOO-2","11/1/01","9/1/11","4/1/14","1/1/13",16,17,0,0,3,0,1,943,"3/1/14",9.832876712,11.16712329,NA,2
"866","HOO","HOO-2","11/1/01","9/1/11","4/1/14","2/1/13",17,18,0,0,3,0,1,943,"3/1/14",9.832876712,11.25205479,NA,2
"867","HOO","HOO-2","11/1/01","9/1/11","4/1/14","3/1/13",18,19,0,0,3,0,1,943,"3/1/14",9.832876712,11.32876712,NA,2
"868","HOO","HOO-2","11/1/01","9/1/11","4/1/14","4/1/13",19,20,0,0,3,0,1,943,"3/1/14",9.832876712,11.41369863,NA,2
"869","HOO","HOO-2","11/1/01","9/1/11","4/1/14","5/1/13",20,21,0,0,3,0,1,943,"3/1/14",9.832876712,11.49589041,NA,2
"870","HOO","HOO-2","11/1/01","9/1/11","4/1/14","6/1/13",21,22,0,0,2,0,1,943,"3/1/14",9.832876712,11.58082192,NA,2
"871","HOO","HOO-2","11/1/01","9/1/11","4/1/14","7/1/13",22,23,0,0,2,0,1,943,"3/1/14",9.832876712,11.6630137,NA,2
"872","HOO","HOO-2","11/1/01","9/1/11","4/1/14","8/1/13",23,24,0,0,2,0,1,943,"3/1/14",9.832876712,11.74794521,NA,2
"873","HOO","HOO-2","11/1/01","9/1/11","4/1/14","9/1/13",24,25,0,0,2,0,1,943,"3/1/14",9.832876712,11.83287671,NA,0
"874","HOO","HOO-2","11/1/01","9/1/11","4/1/14","10/1/13",25,26,0,0,2,0,1,943,"3/1/14",9.832876712,11.91506849,NA,0
"875","HOO","HOO-2","11/1/01","9/1/11","4/1/14","11/1/13",26,27,0,0,2,0,1,943,"3/1/14",9.832876712,12,NA,0
"876","HOO","HOO-2","11/1/01","9/1/11","4/1/14","12/1/13",27,28,0,0,2,0,1,943,"3/1/14",9.832876712,12.08219178,NA,0
"877","HOO","HOO-2","11/1/01","9/1/11","4/1/14","1/1/14",28,29,0,0,2,0,1,943,"3/1/14",9.832876712,12.16712329,NA,0
"878","HOO","HOO-2","11/1/01","9/1/11","4/1/14","2/1/14",29,30,0,0,2,0,1,943,"3/1/14",9.832876712,12.25205479,NA,0
"879","HOO","HOO-2","11/1/01","9/1/11","4/1/14","3/1/14",30,31,0,0,2,0,1,943,"3/1/14",9.832876712,12.32876712,NA,2
"880","HOU","HOU-1","1/12/01","4/1/09","9/1/11","4/1/09",0,1,0,0,4,0,0,883,"8/1/11",8.216438356,8.216438356,NA,2
"881","HOU","HOU-1","1/12/01","4/1/09","9/1/11","5/1/09",1,2,0,0,4,0,0,883,"8/1/11",8.216438356,8.298630137,NA,2
"882","HOU","HOU-1","1/12/01","4/1/09","9/1/11","6/1/09",2,3,0,0,4,0,0,883,"8/1/11",8.216438356,8.383561644,NA,2
"883","HOU","HOU-1","1/12/01","4/1/09","9/1/11","7/1/09",3,4,0,0,4,0,0,883,"8/1/11",8.216438356,8.465753425,NA,2
"884","HOU","HOU-1","1/12/01","4/1/09","9/1/11","8/1/09",4,5,0,0,4,0,0,883,"8/1/11",8.216438356,8.550684932,NA,2
"885","HOU","HOU-1","1/12/01","4/1/09","9/1/11","9/1/09",5,6,0,0,4,0,0,883,"8/1/11",8.216438356,8.635616438,NA,2
"886","HOU","HOU-1","1/12/01","4/1/09","9/1/11","10/1/09",6,7,0,0,4,0,0,883,"8/1/11",8.216438356,8.717808219,NA,2
"887","HOU","HOU-1","1/12/01","4/1/09","9/1/11","11/1/09",7,8,0,0,4,0,0,883,"8/1/11",8.216438356,8.802739726,NA,2
"888","HOU","HOU-1","1/12/01","4/1/09","9/1/11","12/1/09",8,9,0,0,4,0,0,883,"8/1/11",8.216438356,8.884931507,NA,2
"889","HOU","HOU-1","1/12/01","4/1/09","9/1/11","1/1/10",9,10,0,0,4,0,0,883,"8/1/11",8.216438356,8.969863014,NA,2
"890","HOU","HOU-1","1/12/01","4/1/09","9/1/11","2/1/10",10,11,0,0,4,0,0,883,"8/1/11",8.216438356,9.054794521,NA,2
"891","HOU","HOU-1","1/12/01","4/1/09","9/1/11","3/1/10",11,12,0,0,4,0,0,883,"8/1/11",8.216438356,9.131506849,NA,2
"892","HOU","HOU-1","1/12/01","4/1/09","9/1/11","4/1/10",12,13,0,0,4,0,0,883,"8/1/11",8.216438356,9.216438356,NA,2
"893","HOU","HOU-1","1/12/01","4/1/09","9/1/11","5/1/10",13,14,0,0,4,0,0,883,"8/1/11",8.216438356,9.298630137,NA,2
"894","HOU","HOU-1","1/12/01","4/1/09","9/1/11","6/1/10",14,15,0,0,4,0,0,883,"8/1/11",8.216438356,9.383561644,NA,2
"895","HOU","HOU-1","1/12/01","4/1/09","9/1/11","7/1/10",15,16,0,0,4,0,0,883,"8/1/11",8.216438356,9.465753425,NA,2
"896","HOU","HOU-1","1/12/01","4/1/09","9/1/11","8/1/10",16,17,0,0,4,0,0,883,"8/1/11",8.216438356,9.550684932,NA,2
"897","HOU","HOU-1","1/12/01","4/1/09","9/1/11","9/1/10",17,18,0,0,4,0,0,883,"8/1/11",8.216438356,9.635616438,NA,2
"898","HOU","HOU-1","1/12/01","4/1/09","9/1/11","10/1/10",18,19,0,0,4,0,0,883,"8/1/11",8.216438356,9.717808219,NA,2
"899","HOU","HOU-1","1/12/01","4/1/09","9/1/11","11/1/10",19,20,0,0,4,0,0,883,"8/1/11",8.216438356,9.802739726,NA,2
"900","HOU","HOU-1","1/12/01","4/1/09","9/1/11","12/1/10",20,21,0,0,4,0,0,883,"8/1/11",8.216438356,9.884931507,NA,2
"901","HOU","HOU-1","1/12/01","4/1/09","9/1/11","1/1/11",21,22,0,0,3,0,0,883,"8/1/11",8.216438356,9.969863014,NA,2
"902","HOU","HOU-1","1/12/01","4/1/09","9/1/11","2/1/11",22,23,0,0,3,0,0,883,"8/1/11",8.216438356,10.05479452,NA,2
"903","HOU","HOU-1","1/12/01","4/1/09","9/1/11","3/1/11",23,24,0,0,3,0,0,883,"8/1/11",8.216438356,10.13150685,NA,3
"904","HOU","HOU-1","1/12/01","4/1/09","9/1/11","4/1/11",24,25,0,0,3,0,0,883,"8/1/11",8.216438356,10.21643836,NA,3
"905","HOU","HOU-1","1/12/01","4/1/09","9/1/11","5/1/11",25,26,0,0,3,0,0,883,"8/1/11",8.216438356,10.29863014,NA,3
"906","HOU","HOU-1","1/12/01","4/1/09","9/1/11","6/1/11",26,27,0,0,3,0,0,883,"8/1/11",8.216438356,10.38356164,NA,2
"907","HOU","HOU-1","1/12/01","4/1/09","9/1/11","7/1/11",27,28,0,0,2,0,0,883,"8/1/11",8.216438356,10.46575342,NA,2
"908","HOU","HOU-1","1/12/01","4/1/09","9/1/11","8/1/11",28,29,1,0,2,0,0,883,"8/1/11",8.216438356,10.55068493,NA,3
"909","HUX","HUX-1","11/29/00","7/1/09","3/1/10","7/1/09",0,1,0,0,4,0,0,243,"2/1/10",8.58630137,8.58630137,NA,0
"910","HUX","HUX-1","11/29/00","7/1/09","3/1/10","8/1/09",1,2,0,0,4,0,0,243,"2/1/10",8.58630137,8.671232877,NA,0
"911","HUX","HUX-1","11/29/00","7/1/09","3/1/10","9/1/09",2,3,0,0,4,0,0,243,"2/1/10",8.58630137,8.756164384,NA,0
"912","HUX","HUX-1","11/29/00","7/1/09","3/1/10","10/1/09",3,4,0,0,4,0,0,243,"2/1/10",8.58630137,8.838356164,NA,0
"913","HUX","HUX-1","11/29/00","7/1/09","3/1/10","11/1/09",4,5,0,0,4,0,0,243,"2/1/10",8.58630137,8.923287671,NA,0
"914","HUX","HUX-1","11/29/00","7/1/09","3/1/10","12/1/09",5,6,0,0,4,0,0,243,"2/1/10",8.58630137,9.005479452,NA,0
"915","HUX","HUX-1","11/29/00","7/1/09","3/1/10","1/1/10",6,7,0,0,4,0,0,243,"2/1/10",8.58630137,9.090410959,NA,0
"916","HUX","HUX-1","11/29/00","7/1/09","3/1/10","2/1/10",7,8,1,0,4,0,0,243,"2/1/10",8.58630137,9.175342466,NA,2
"917","IGO","IGO-1","6/12/02","3/1/11","4/1/11","3/1/11",0,1,1,0,7,0,0,31,"3/1/11",8.717808219,8.717808219,NA,3
"918","IHU","IHU-1","7/16/08","7/1/17","10/1/17","7/1/17",0,1,0,0,10,0,0,92,"9/1/17",8.95890411,8.95890411,NA,4
"919","IHU","IHU-1","7/16/08","7/1/17","10/1/17","8/1/17",1,2,0,0,10,0,0,92,"9/1/17",8.95890411,9.043835616,NA,4
"920","IHU","IHU-1","7/16/08","7/1/17","10/1/17","9/1/17",2,3,1,0,10,0,0,92,"9/1/17",8.95890411,9.128767123,NA,5
"921","IHU","IHU-2","7/16/08","2/1/18","4/1/18","2/1/18",0,1,0,0,8,0,0,59,"3/1/18",9.547945205,9.547945205,NA,4
"922","IHU","IHU-2","7/16/08","2/1/18","4/1/18","3/1/18",1,2,1,0,4,0,0,59,"3/1/18",9.547945205,9.624657534,NA,2
"923","IMP","IMP-1","2/1/06","9/1/13","3/1/21","9/1/13",0,1,0,0,2,0,0,2738,"2/1/21",7.580821918,7.580821918,NA,0
"924","IMP","IMP-1","2/1/06","9/1/13","3/1/21","10/1/13",1,2,0,0,2,0,0,2738,"2/1/21",7.580821918,7.663013699,NA,0
"925","IMP","IMP-1","2/1/06","9/1/13","3/1/21","11/1/13",2,3,0,0,2,0,0,2738,"2/1/21",7.580821918,7.747945205,NA,0
"926","IMP","IMP-1","2/1/06","9/1/13","3/1/21","12/1/13",3,4,0,0,2,0,0,2738,"2/1/21",7.580821918,7.830136986,NA,0
"927","IMP","IMP-1","2/1/06","9/1/13","3/1/21","1/1/14",4,5,0,0,2,0,0,2738,"2/1/21",7.580821918,7.915068493,NA,0
"928","IMP","IMP-1","2/1/06","9/1/13","3/1/21","2/1/14",5,6,0,0,2,0,0,2738,"2/1/21",7.580821918,8,NA,0
"929","IMP","IMP-1","2/1/06","9/1/13","3/1/21","3/1/14",6,7,0,0,2,0,0,2738,"2/1/21",7.580821918,8.076712329,NA,0
"930","IMP","IMP-1","2/1/06","9/1/13","3/1/21","4/1/14",7,8,0,0,2,0,0,2738,"2/1/21",7.580821918,8.161643836,NA,0
"931","IMP","IMP-1","2/1/06","9/1/13","3/1/21","5/1/14",8,9,0,0,3,0,0,2738,"2/1/21",7.580821918,8.243835616,NA,0
"932","IMP","IMP-1","2/1/06","9/1/13","3/1/21","6/1/14",9,10,0,0,3,0,0,2738,"2/1/21",7.580821918,8.328767123,NA,0
"933","IMP","IMP-1","2/1/06","9/1/13","3/1/21","7/1/14",10,11,0,0,3,0,0,2738,"2/1/21",7.580821918,8.410958904,NA,0
"934","IMP","IMP-1","2/1/06","9/1/13","3/1/21","8/1/14",11,12,0,0,3,0,0,2738,"2/1/21",7.580821918,8.495890411,NA,0
"935","IMP","IMP-1","2/1/06","9/1/13","3/1/21","9/1/14",12,13,0,0,3,0,0,2738,"2/1/21",7.580821918,8.580821918,NA,0
"936","IMP","IMP-1","2/1/06","9/1/13","3/1/21","10/1/14",13,14,0,0,3,0,0,2738,"2/1/21",7.580821918,8.663013699,NA,0
"937","IMP","IMP-1","2/1/06","9/1/13","3/1/21","11/1/14",14,15,0,0,3,0,0,2738,"2/1/21",7.580821918,8.747945205,NA,0
"938","IMP","IMP-1","2/1/06","9/1/13","3/1/21","12/1/14",15,16,0,0,3,0,0,2738,"2/1/21",7.580821918,8.830136986,NA,0
"939","IMP","IMP-1","2/1/06","9/1/13","3/1/21","1/1/15",16,17,0,0,3,0,0,2738,"2/1/21",7.580821918,8.915068493,NA,0
"940","IMP","IMP-1","2/1/06","9/1/13","3/1/21","2/1/15",17,18,0,0,3,0,0,2738,"2/1/21",7.580821918,9,NA,0
"941","IMP","IMP-1","2/1/06","9/1/13","3/1/21","3/1/15",18,19,0,0,3,0,0,2738,"2/1/21",7.580821918,9.076712329,NA,0
"942","IMP","IMP-1","2/1/06","9/1/13","3/1/21","4/1/15",19,20,0,0,3,0,0,2738,"2/1/21",7.580821918,9.161643836,NA,0
"943","IMP","IMP-1","2/1/06","9/1/13","3/1/21","5/1/15",20,21,0,0,3,0,0,2738,"2/1/21",7.580821918,9.243835616,NA,0
"944","IMP","IMP-1","2/1/06","9/1/13","3/1/21","6/1/15",21,22,0,0,3,0,0,2738,"2/1/21",7.580821918,9.328767123,NA,0
"945","IMP","IMP-1","2/1/06","9/1/13","3/1/21","7/1/15",22,23,0,0,3,0,0,2738,"2/1/21",7.580821918,9.410958904,NA,0
"946","IMP","IMP-1","2/1/06","9/1/13","3/1/21","8/1/15",23,24,0,0,3,0,0,2738,"2/1/21",7.580821918,9.495890411,NA,0
"947","IMP","IMP-1","2/1/06","9/1/13","3/1/21","9/1/15",24,25,0,0,3,0,0,2738,"2/1/21",7.580821918,9.580821918,NA,0
"948","IMP","IMP-1","2/1/06","9/1/13","3/1/21","10/1/15",25,26,0,0,3,0,0,2738,"2/1/21",7.580821918,9.663013699,NA,0
"949","IMP","IMP-1","2/1/06","9/1/13","3/1/21","11/1/15",26,27,0,0,3,0,0,2738,"2/1/21",7.580821918,9.747945205,NA,0
"950","IMP","IMP-1","2/1/06","9/1/13","3/1/21","12/1/15",27,28,0,0,3,0,0,2738,"2/1/21",7.580821918,9.830136986,NA,0
"951","IMP","IMP-1","2/1/06","9/1/13","3/1/21","1/1/16",28,29,0,0,3,0,0,2738,"2/1/21",7.580821918,9.915068493,NA,0
"952","IMP","IMP-1","2/1/06","9/1/13","3/1/21","2/1/16",29,30,0,0,3,0,0,2738,"2/1/21",7.580821918,10,NA,0
"953","IMP","IMP-1","2/1/06","9/1/13","3/1/21","3/1/16",30,31,0,0,3,0,0,2738,"2/1/21",7.580821918,10.07923497,NA,0
"954","IMP","IMP-1","2/1/06","9/1/13","3/1/21","4/1/16",31,32,0,0,3,0,0,2738,"2/1/21",7.580821918,10.16393443,NA,0
"955","IMP","IMP-1","2/1/06","9/1/13","3/1/21","5/1/16",32,33,0,0,3,0,0,2738,"2/1/21",7.580821918,10.24590164,NA,0
"956","IMP","IMP-1","2/1/06","9/1/13","3/1/21","6/1/16",33,34,0,0,3,0,0,2738,"2/1/21",7.580821918,10.33060109,NA,0
"957","IMP","IMP-1","2/1/06","9/1/13","3/1/21","7/1/16",34,35,0,0,3,0,0,2738,"2/1/21",7.580821918,10.41256831,NA,0
"958","IMP","IMP-1","2/1/06","9/1/13","3/1/21","8/1/16",35,36,0,0,3,0,0,2738,"2/1/21",7.580821918,10.49726776,NA,0
"959","IMP","IMP-1","2/1/06","9/1/13","3/1/21","9/1/16",36,37,0,0,3,0,0,2738,"2/1/21",7.580821918,10.58196721,NA,0
"960","IMP","IMP-1","2/1/06","9/1/13","3/1/21","10/1/16",37,38,0,0,3,0,0,2738,"2/1/21",7.580821918,10.66393443,NA,0
"961","IMP","IMP-1","2/1/06","9/1/13","3/1/21","11/1/16",38,39,0,0,3,0,0,2738,"2/1/21",7.580821918,10.74863388,NA,0
"962","IMP","IMP-1","2/1/06","9/1/13","3/1/21","12/1/16",39,40,0,0,3,0,0,2738,"2/1/21",7.580821918,10.83060109,NA,0
"963","IMP","IMP-1","2/1/06","9/1/13","3/1/21","1/1/17",40,41,0,0,3,0,0,2738,"2/1/21",7.580821918,10.91530055,NA,0
"964","IMP","IMP-1","2/1/06","9/1/13","3/1/21","2/1/17",41,42,0,0,3,0,0,2738,"2/1/21",7.580821918,11,NA,0
"965","IMP","IMP-1","2/1/06","9/1/13","3/1/21","3/1/17",42,43,0,0,3,0,0,2738,"2/1/21",7.580821918,11.07671233,NA,0
"966","IMP","IMP-1","2/1/06","9/1/13","3/1/21","4/1/17",43,44,0,0,3,0,0,2738,"2/1/21",7.580821918,11.16164384,NA,0
"967","IMP","IMP-1","2/1/06","9/1/13","3/1/21","5/1/17",44,45,0,0,3,0,0,2738,"2/1/21",7.580821918,11.24383562,NA,0
"968","IMP","IMP-1","2/1/06","9/1/13","3/1/21","6/1/17",45,46,0,0,3,0,0,2738,"2/1/21",7.580821918,11.32876712,NA,0
"969","IMP","IMP-1","2/1/06","9/1/13","3/1/21","7/1/17",46,47,0,0,3,0,0,2738,"2/1/21",7.580821918,11.4109589,NA,0
"970","IMP","IMP-1","2/1/06","9/1/13","3/1/21","8/1/17",47,48,0,0,3,0,0,2738,"2/1/21",7.580821918,11.49589041,NA,0
"971","IMP","IMP-1","2/1/06","9/1/13","3/1/21","9/1/17",48,49,0,0,3,0,0,2738,"2/1/21",7.580821918,11.58082192,NA,0
"972","IMP","IMP-1","2/1/06","9/1/13","3/1/21","10/1/17",49,50,0,0,3,0,0,2738,"2/1/21",7.580821918,11.6630137,NA,0
"973","IMP","IMP-1","2/1/06","9/1/13","3/1/21","11/1/17",50,51,0,0,3,0,0,2738,"2/1/21",7.580821918,11.74794521,NA,0
"974","IMP","IMP-1","2/1/06","9/1/13","3/1/21","12/1/17",51,52,0,0,3,0,0,2738,"2/1/21",7.580821918,11.83013699,NA,0
"975","IMP","IMP-1","2/1/06","9/1/13","3/1/21","1/1/18",52,53,0,0,3,0,0,2738,"2/1/21",7.580821918,11.91506849,NA,0
"976","IMP","IMP-1","2/1/06","9/1/13","3/1/21","2/1/18",53,54,0,0,3,0,0,2738,"2/1/21",7.580821918,12,NA,0
"977","IMP","IMP-1","2/1/06","9/1/13","3/1/21","3/1/18",54,55,0,0,3,0,0,2738,"2/1/21",7.580821918,12.07671233,NA,0
"978","IMP","IMP-1","2/1/06","9/1/13","3/1/21","4/1/18",55,56,0,0,3,0,0,2738,"2/1/21",7.580821918,12.16164384,NA,0
"979","IMP","IMP-1","2/1/06","9/1/13","3/1/21","5/1/18",56,57,0,0,3,0,0,2738,"2/1/21",7.580821918,12.24383562,NA,0
"980","IMP","IMP-1","2/1/06","9/1/13","3/1/21","6/1/18",57,58,0,0,3,0,0,2738,"2/1/21",7.580821918,12.32876712,NA,0
"981","IMP","IMP-1","2/1/06","9/1/13","3/1/21","7/1/18",58,59,0,0,3,0,0,2738,"2/1/21",7.580821918,12.4109589,NA,0
"982","IMP","IMP-1","2/1/06","9/1/13","3/1/21","8/1/18",59,60,0,0,3,0,0,2738,"2/1/21",7.580821918,12.49589041,NA,0
"983","IMP","IMP-1","2/1/06","9/1/13","3/1/21","9/1/18",60,61,0,0,3,0,0,2738,"2/1/21",7.580821918,12.58082192,NA,0
"984","IMP","IMP-1","2/1/06","9/1/13","3/1/21","10/1/18",61,62,0,0,3,0,0,2738,"2/1/21",7.580821918,12.6630137,NA,0
"985","IMP","IMP-1","2/1/06","9/1/13","3/1/21","11/1/18",62,63,0,0,3,0,0,2738,"2/1/21",7.580821918,12.74794521,NA,0
"986","IMP","IMP-1","2/1/06","9/1/13","3/1/21","12/1/18",63,64,0,0,3,0,0,2738,"2/1/21",7.580821918,12.83013699,NA,0
"987","IMP","IMP-1","2/1/06","9/1/13","3/1/21","1/1/19",64,65,0,0,3,0,0,2738,"2/1/21",7.580821918,12.91506849,NA,0
"988","IMP","IMP-1","2/1/06","9/1/13","3/1/21","2/1/19",65,66,0,0,3,0,0,2738,"2/1/21",7.580821918,13,NA,0
"989","IMP","IMP-1","2/1/06","9/1/13","3/1/21","3/1/19",66,67,0,0,3,0,0,2738,"2/1/21",7.580821918,13.07671233,NA,0
"990","IMP","IMP-1","2/1/06","9/1/13","3/1/21","4/1/19",67,68,0,0,3,0,0,2738,"2/1/21",7.580821918,13.16164384,NA,0
"991","IMP","IMP-1","2/1/06","9/1/13","3/1/21","5/1/19",68,69,0,0,3,0,0,2738,"2/1/21",7.580821918,13.24383562,NA,0
"992","IMP","IMP-1","2/1/06","9/1/13","3/1/21","6/1/19",69,70,0,0,3,0,0,2738,"2/1/21",7.580821918,13.32876712,NA,0
"993","IMP","IMP-1","2/1/06","9/1/13","3/1/21","7/1/19",70,71,0,0,3,0,0,2738,"2/1/21",7.580821918,13.4109589,NA,0
"994","IMP","IMP-1","2/1/06","9/1/13","3/1/21","8/1/19",71,72,0,0,3,0,0,2738,"2/1/21",7.580821918,13.49589041,NA,0
"995","IMP","IMP-1","2/1/06","9/1/13","3/1/21","9/1/19",72,73,0,0,2,0,0,2738,"2/1/21",7.580821918,13.58082192,NA,0
"996","IMP","IMP-1","2/1/06","9/1/13","3/1/21","10/1/19",73,74,0,0,2,0,0,2738,"2/1/21",7.580821918,13.6630137,NA,0
"997","IMP","IMP-1","2/1/06","9/1/13","3/1/21","11/1/19",74,75,0,0,2,0,0,2738,"2/1/21",7.580821918,13.74794521,NA,0
"998","IMP","IMP-1","2/1/06","9/1/13","3/1/21","12/1/19",75,76,0,0,2,0,0,2738,"2/1/21",7.580821918,13.83013699,NA,0
"999","IMP","IMP-1","2/1/06","9/1/13","3/1/21","1/1/20",76,77,0,0,2,0,0,2738,"2/1/21",7.580821918,13.91506849,NA,0
"1000","IMP","IMP-1","2/1/06","9/1/13","3/1/21","2/1/20",77,78,0,0,2,0,0,2738,"2/1/21",7.580821918,14,NA,0
"1001","IMP","IMP-1","2/1/06","9/1/13","3/1/21","3/1/20",78,79,0,0,2,0,0,2738,"2/1/21",7.580821918,14.07923497,NA,0
"1002","IMP","IMP-1","2/1/06","9/1/13","3/1/21","4/1/20",79,80,0,0,2,0,0,2738,"2/1/21",7.580821918,14.16393443,NA,0
"1003","IMP","IMP-1","2/1/06","9/1/13","3/1/21","5/1/20",80,81,0,0,2,0,0,2738,"2/1/21",7.580821918,14.24590164,NA,0
"1004","IMP","IMP-1","2/1/06","9/1/13","3/1/21","6/1/20",81,82,0,0,2,0,0,2738,"2/1/21",7.580821918,14.33060109,NA,0
"1005","IMP","IMP-1","2/1/06","9/1/13","3/1/21","7/1/20",82,83,0,0,3,0,0,2738,"2/1/21",7.580821918,14.41256831,NA,0
"1006","IMP","IMP-1","2/1/06","9/1/13","3/1/21","8/1/20",83,84,0,0,3,0,0,2738,"2/1/21",7.580821918,14.49726776,NA,0
"1007","IMP","IMP-1","2/1/06","9/1/13","3/1/21","9/1/20",84,85,0,0,3,0,0,2738,"2/1/21",7.580821918,14.58196721,NA,0
"1008","IMP","IMP-1","2/1/06","9/1/13","3/1/21","10/1/20",85,86,0,0,3,0,0,2738,"2/1/21",7.580821918,14.66393443,NA,0
"1009","IMP","IMP-1","2/1/06","9/1/13","3/1/21","11/1/20",86,87,0,0,3,0,0,2738,"2/1/21",7.580821918,14.74863388,NA,0
"1010","IMP","IMP-1","2/1/06","9/1/13","3/1/21","12/1/20",87,88,0,0,4,0,0,2738,"2/1/21",7.580821918,14.83060109,NA,0
"1011","IMP","IMP-1","2/1/06","9/1/13","3/1/21","1/1/21",88,89,0,0,4,0,0,2738,"2/1/21",7.580821918,14.91530055,NA,0
"1012","IMP","IMP-1","2/1/06","9/1/13","3/1/21","2/1/21",89,90,1,0,4,0,0,2738,"2/1/21",7.580821918,15,NA,0
"1013","ITC","ITC-1","5/25/98","5/1/08","11/1/09","5/1/08",0,1,0,0,2,0,0,549,"10/1/09",9.93442623,9.93442623,NA,0
"1014","ITC","ITC-1","5/25/98","5/1/08","11/1/09","6/1/08",1,2,0,0,2,0,0,549,"10/1/09",9.93442623,10.01917808,NA,0
"1015","ITC","ITC-1","5/25/98","5/1/08","11/1/09","7/1/08",2,3,0,0,2,0,0,549,"10/1/09",9.93442623,10.10136986,NA,0
"1016","ITC","ITC-1","5/25/98","5/1/08","11/1/09","8/1/08",3,4,0,0,2,0,0,549,"10/1/09",9.93442623,10.18630137,NA,0
"1017","ITC","ITC-1","5/25/98","5/1/08","11/1/09","9/1/08",4,5,0,0,2,0,0,549,"10/1/09",9.93442623,10.27123288,NA,0
"1018","ITC","ITC-1","5/25/98","5/1/08","11/1/09","10/1/08",5,6,0,0,3,0,0,549,"10/1/09",9.93442623,10.35342466,NA,0
"1019","ITC","ITC-1","5/25/98","5/1/08","11/1/09","11/1/08",6,7,0,0,3,0,0,549,"10/1/09",9.93442623,10.43835616,NA,0
"1020","ITC","ITC-1","5/25/98","5/1/08","11/1/09","12/1/08",7,8,0,0,3,0,0,549,"10/1/09",9.93442623,10.52054795,NA,0
"1021","ITC","ITC-1","5/25/98","5/1/08","11/1/09","1/1/09",8,9,0,0,3,0,0,549,"10/1/09",9.93442623,10.60547945,NA,0
"1022","ITC","ITC-1","5/25/98","5/1/08","11/1/09","2/1/09",9,10,0,0,3,0,0,549,"10/1/09",9.93442623,10.69041096,NA,0
"1023","ITC","ITC-1","5/25/98","5/1/08","11/1/09","3/1/09",10,11,0,0,3,0,0,549,"10/1/09",9.93442623,10.76712329,NA,0
"1024","ITC","ITC-1","5/25/98","5/1/08","11/1/09","4/1/09",11,12,0,0,3,0,0,549,"10/1/09",9.93442623,10.85205479,NA,0
"1025","ITC","ITC-1","5/25/98","5/1/08","11/1/09","5/1/09",12,13,0,0,3,0,0,549,"10/1/09",9.93442623,10.93424658,NA,0
"1026","ITC","ITC-1","5/25/98","5/1/08","11/1/09","6/1/09",13,14,0,0,3,0,0,549,"10/1/09",9.93442623,11.01917808,NA,0
"1027","ITC","ITC-1","5/25/98","5/1/08","11/1/09","7/1/09",14,15,0,0,3,0,0,549,"10/1/09",9.93442623,11.10136986,NA,0
"1028","ITC","ITC-1","5/25/98","5/1/08","11/1/09","8/1/09",15,16,0,0,2,0,0,549,"10/1/09",9.93442623,11.18630137,NA,0
"1029","ITC","ITC-1","5/25/98","5/1/08","11/1/09","9/1/09",16,17,0,0,2,0,0,549,"10/1/09",9.93442623,11.27123288,NA,0
"1030","ITC","ITC-1","5/25/98","5/1/08","11/1/09","10/1/09",17,18,1,0,2,0,0,549,"10/1/09",9.93442623,11.35342466,NA,0
"1031","JOH","JOH-1","1/22/02","1/1/11","5/1/16","1/1/11",0,1,0,0,1,0,0,1947,"4/1/16",8.942465753,8.942465753,NA,2
"1032","JOH","JOH-1","1/22/02","1/1/11","5/1/16","2/1/11",1,2,0,0,3,0,0,1947,"4/1/16",8.942465753,9.02739726,NA,2
"1033","JOH","JOH-1","1/22/02","1/1/11","5/1/16","3/1/11",2,3,0,0,3,0,0,1947,"4/1/16",8.942465753,9.104109589,NA,2
"1034","JOH","JOH-1","1/22/02","1/1/11","5/1/16","4/1/11",3,4,0,0,3,0,0,1947,"4/1/16",8.942465753,9.189041096,NA,2
"1035","JOH","JOH-1","1/22/02","1/1/11","5/1/16","5/1/11",4,5,0,0,3,0,0,1947,"4/1/16",8.942465753,9.271232877,NA,2
"1036","JOH","JOH-1","1/22/02","1/1/11","5/1/16","6/1/11",5,6,0,0,3,0,0,1947,"4/1/16",8.942465753,9.356164384,NA,2
"1037","JOH","JOH-1","1/22/02","1/1/11","5/1/16","7/1/11",6,7,0,0,3,0,0,1947,"4/1/16",8.942465753,9.438356164,NA,2
"1038","JOH","JOH-1","1/22/02","1/1/11","5/1/16","8/1/11",7,8,0,0,4,0,0,1947,"4/1/16",8.942465753,9.523287671,NA,2
"1039","JOH","JOH-1","1/22/02","1/1/11","5/1/16","9/1/11",8,9,0,0,4,0,0,1947,"4/1/16",8.942465753,9.608219178,NA,2
"1040","JOH","JOH-1","1/22/02","1/1/11","5/1/16","10/1/11",9,10,0,0,4,0,0,1947,"4/1/16",8.942465753,9.690410959,NA,2
"1041","JOH","JOH-1","1/22/02","1/1/11","5/1/16","11/1/11",10,11,0,0,4,0,0,1947,"4/1/16",8.942465753,9.775342466,NA,2
"1042","JOH","JOH-1","1/22/02","1/1/11","5/1/16","12/1/11",11,12,0,0,4,0,0,1947,"4/1/16",8.942465753,9.857534247,NA,2
"1043","JOH","JOH-1","1/22/02","1/1/11","5/1/16","1/1/12",12,13,0,0,4,0,0,1947,"4/1/16",8.942465753,9.942465753,NA,2
"1044","JOH","JOH-1","1/22/02","1/1/11","5/1/16","2/1/12",13,14,0,0,4,0,0,1947,"4/1/16",8.942465753,10.0273224,NA,2
"1045","JOH","JOH-1","1/22/02","1/1/11","5/1/16","3/1/12",14,15,0,0,4,0,0,1947,"4/1/16",8.942465753,10.10655738,NA,2
"1046","JOH","JOH-1","1/22/02","1/1/11","5/1/16","4/1/12",15,16,0,0,4,0,0,1947,"4/1/16",8.942465753,10.19125683,NA,2
"1047","JOH","JOH-1","1/22/02","1/1/11","5/1/16","5/1/12",16,17,0,0,4,0,0,1947,"4/1/16",8.942465753,10.27322404,NA,2
"1048","JOH","JOH-1","1/22/02","1/1/11","5/1/16","6/1/12",17,18,0,0,4,0,0,1947,"4/1/16",8.942465753,10.3579235,NA,2
"1049","JOH","JOH-1","1/22/02","1/1/11","5/1/16","7/1/12",18,19,0,0,4,0,0,1947,"4/1/16",8.942465753,10.43989071,NA,2
"1050","JOH","JOH-1","1/22/02","1/1/11","5/1/16","8/1/12",19,20,0,0,4,0,0,1947,"4/1/16",8.942465753,10.52459016,NA,2
"1051","JOH","JOH-1","1/22/02","1/1/11","5/1/16","9/1/12",20,21,0,0,4,0,0,1947,"4/1/16",8.942465753,10.60928962,NA,2
"1052","JOH","JOH-1","1/22/02","1/1/11","5/1/16","10/1/12",21,22,0,0,4,0,0,1947,"4/1/16",8.942465753,10.69125683,NA,2
"1053","JOH","JOH-1","1/22/02","1/1/11","5/1/16","11/1/12",22,23,0,0,4,0,0,1947,"4/1/16",8.942465753,10.77595628,NA,2
"1054","JOH","JOH-1","1/22/02","1/1/11","5/1/16","12/1/12",23,24,0,0,4,0,0,1947,"4/1/16",8.942465753,10.8579235,NA,2
"1055","JOH","JOH-1","1/22/02","1/1/11","5/1/16","1/1/13",24,25,0,0,4,0,0,1947,"4/1/16",8.942465753,10.94262295,NA,2
"1056","JOH","JOH-1","1/22/02","1/1/11","5/1/16","2/1/13",25,26,0,0,4,0,0,1947,"4/1/16",8.942465753,11.02739726,NA,2
"1057","JOH","JOH-1","1/22/02","1/1/11","5/1/16","3/1/13",26,27,0,0,4,0,0,1947,"4/1/16",8.942465753,11.10410959,NA,2
"1058","JOH","JOH-1","1/22/02","1/1/11","5/1/16","4/1/13",27,28,0,0,4,0,0,1947,"4/1/16",8.942465753,11.1890411,NA,2
"1059","JOH","JOH-1","1/22/02","1/1/11","5/1/16","5/1/13",28,29,0,0,4,0,0,1947,"4/1/16",8.942465753,11.27123288,NA,2
"1060","JOH","JOH-1","1/22/02","1/1/11","5/1/16","6/1/13",29,30,0,0,4,0,0,1947,"4/1/16",8.942465753,11.35616438,NA,2
"1061","JOH","JOH-1","1/22/02","1/1/11","5/1/16","7/1/13",30,31,0,0,4,0,0,1947,"4/1/16",8.942465753,11.43835616,NA,2
"1062","JOH","JOH-1","1/22/02","1/1/11","5/1/16","8/1/13",31,32,0,0,4,0,0,1947,"4/1/16",8.942465753,11.52328767,NA,2
"1063","JOH","JOH-1","1/22/02","1/1/11","5/1/16","9/1/13",32,33,0,0,4,0,0,1947,"4/1/16",8.942465753,11.60821918,NA,2
"1064","JOH","JOH-1","1/22/02","1/1/11","5/1/16","10/1/13",33,34,0,0,5,0,0,1947,"4/1/16",8.942465753,11.69041096,NA,2
"1065","JOH","JOH-1","1/22/02","1/1/11","5/1/16","11/1/13",34,35,0,0,5,0,0,1947,"4/1/16",8.942465753,11.77534247,NA,2
"1066","JOH","JOH-1","1/22/02","1/1/11","5/1/16","12/1/13",35,36,0,0,5,0,0,1947,"4/1/16",8.942465753,11.85753425,NA,2
"1067","JOH","JOH-1","1/22/02","1/1/11","5/1/16","1/1/14",36,37,0,0,5,0,0,1947,"4/1/16",8.942465753,11.94246575,NA,2
"1068","JOH","JOH-1","1/22/02","1/1/11","5/1/16","2/1/14",37,38,0,0,5,0,0,1947,"4/1/16",8.942465753,12.02739726,NA,2
"1069","JOH","JOH-1","1/22/02","1/1/11","5/1/16","3/1/14",38,39,0,0,5,0,0,1947,"4/1/16",8.942465753,12.10410959,NA,2
"1070","JOH","JOH-1","1/22/02","1/1/11","5/1/16","4/1/14",39,40,0,0,5,0,0,1947,"4/1/16",8.942465753,12.1890411,NA,2
"1071","JOH","JOH-1","1/22/02","1/1/11","5/1/16","5/1/14",40,41,0,0,5,0,0,1947,"4/1/16",8.942465753,12.27123288,NA,2
"1072","JOH","JOH-1","1/22/02","1/1/11","5/1/16","6/1/14",41,42,0,0,5,0,0,1947,"4/1/16",8.942465753,12.35616438,NA,2
"1073","JOH","JOH-1","1/22/02","1/1/11","5/1/16","7/1/14",42,43,0,0,5,0,0,1947,"4/1/16",8.942465753,12.43835616,NA,2
"1074","JOH","JOH-1","1/22/02","1/1/11","5/1/16","8/1/14",43,44,0,0,5,0,0,1947,"4/1/16",8.942465753,12.52328767,NA,2
"1075","JOH","JOH-1","1/22/02","1/1/11","5/1/16","9/1/14",44,45,0,0,5,0,0,1947,"4/1/16",8.942465753,12.60821918,NA,2
"1076","JOH","JOH-1","1/22/02","1/1/11","5/1/16","10/1/14",45,46,0,0,5,0,0,1947,"4/1/16",8.942465753,12.69041096,NA,2
"1077","JOH","JOH-1","1/22/02","1/1/11","5/1/16","11/1/14",46,47,0,0,5,0,0,1947,"4/1/16",8.942465753,12.77534247,NA,2
"1078","JOH","JOH-1","1/22/02","1/1/11","5/1/16","12/1/14",47,48,0,0,5,0,0,1947,"4/1/16",8.942465753,12.85753425,NA,2
"1079","JOH","JOH-1","1/22/02","1/1/11","5/1/16","1/1/15",48,49,0,0,5,0,0,1947,"4/1/16",8.942465753,12.94246575,NA,2
"1080","JOH","JOH-1","1/22/02","1/1/11","5/1/16","2/1/15",49,50,0,0,5,0,0,1947,"4/1/16",8.942465753,13.02739726,NA,2
"1081","JOH","JOH-1","1/22/02","1/1/11","5/1/16","3/1/15",50,51,0,0,5,0,0,1947,"4/1/16",8.942465753,13.10410959,NA,2
"1082","JOH","JOH-1","1/22/02","1/1/11","5/1/16","4/1/15",51,52,0,0,5,0,0,1947,"4/1/16",8.942465753,13.1890411,NA,2
"1083","JOH","JOH-1","1/22/02","1/1/11","5/1/16","5/1/15",52,53,0,0,5,0,0,1947,"4/1/16",8.942465753,13.27123288,NA,2
"1084","JOH","JOH-1","1/22/02","1/1/11","5/1/16","6/1/15",53,54,0,0,5,0,0,1947,"4/1/16",8.942465753,13.35616438,NA,2
"1085","JOH","JOH-1","1/22/02","1/1/11","5/1/16","7/1/15",54,55,0,0,5,0,0,1947,"4/1/16",8.942465753,13.43835616,NA,2
"1086","JOH","JOH-1","1/22/02","1/1/11","5/1/16","8/1/15",55,56,0,0,5,0,0,1947,"4/1/16",8.942465753,13.52328767,NA,2
"1087","JOH","JOH-1","1/22/02","1/1/11","5/1/16","9/1/15",56,57,0,0,5,0,0,1947,"4/1/16",8.942465753,13.60821918,NA,2
"1088","JOH","JOH-1","1/22/02","1/1/11","5/1/16","10/1/15",57,58,0,0,5,0,0,1947,"4/1/16",8.942465753,13.69041096,NA,2
"1089","JOH","JOH-1","1/22/02","1/1/11","5/1/16","11/1/15",58,59,0,0,5,0,0,1947,"4/1/16",8.942465753,13.77534247,NA,2
"1090","JOH","JOH-1","1/22/02","1/1/11","5/1/16","12/1/15",59,60,0,0,5,0,0,1947,"4/1/16",8.942465753,13.85753425,NA,2
"1091","JOH","JOH-1","1/22/02","1/1/11","5/1/16","1/1/16",60,61,0,0,5,0,0,1947,"4/1/16",8.942465753,13.94246575,NA,2
"1092","JOH","JOH-1","1/22/02","1/1/11","5/1/16","2/1/16",61,62,0,0,5,0,0,1947,"4/1/16",8.942465753,14.0273224,NA,2
"1093","JOH","JOH-1","1/22/02","1/1/11","5/1/16","3/1/16",62,63,0,0,5,0,0,1947,"4/1/16",8.942465753,14.10655738,NA,2
"1094","JOH","JOH-1","1/22/02","1/1/11","5/1/16","4/1/16",63,64,1,0,5,0,0,1947,"4/1/16",8.942465753,14.19125683,NA,4
"1095","KNU","KNU-1","4/19/98","3/1/09","4/1/09","3/1/09",0,1,1,0,4,1,0,31,"3/1/09",10.86575342,10.86575342,"4/1/09",0
"1096","LEA","LEA-1","3/6/01","8/1/09","7/1/11","8/1/09",0,1,0,0,4,0,1,699,"6/1/11",8.405479452,8.405479452,NA,0
"1097","LEA","LEA-1","3/6/01","8/1/09","7/1/11","9/1/09",1,2,0,0,4,0,1,699,"6/1/11",8.405479452,8.490410959,NA,0
"1098","LEA","LEA-1","3/6/01","8/1/09","7/1/11","10/1/09",2,3,0,0,4,0,1,699,"6/1/11",8.405479452,8.57260274,NA,0
"1099","LEA","LEA-1","3/6/01","8/1/09","7/1/11","11/1/09",3,4,0,0,4,0,1,699,"6/1/11",8.405479452,8.657534247,NA,0
"1100","LEA","LEA-1","3/6/01","8/1/09","7/1/11","12/1/09",4,5,0,0,4,0,1,699,"6/1/11",8.405479452,8.739726027,NA,0
"1101","LEA","LEA-1","3/6/01","8/1/09","7/1/11","1/1/10",5,6,0,0,4,0,1,699,"6/1/11",8.405479452,8.824657534,NA,0
"1102","LEA","LEA-1","3/6/01","8/1/09","7/1/11","2/1/10",6,7,0,0,4,0,1,699,"6/1/11",8.405479452,8.909589041,NA,0
"1103","LEA","LEA-1","3/6/01","8/1/09","7/1/11","3/1/10",7,8,0,0,4,0,1,699,"6/1/11",8.405479452,8.98630137,NA,0
"1104","LEA","LEA-1","3/6/01","8/1/09","7/1/11","4/1/10",8,9,0,0,4,0,1,699,"6/1/11",8.405479452,9.071232877,NA,0
"1105","LEA","LEA-1","3/6/01","8/1/09","7/1/11","5/1/10",9,10,0,0,4,0,1,699,"6/1/11",8.405479452,9.153424658,NA,0
"1106","LEA","LEA-1","3/6/01","8/1/09","7/1/11","6/1/10",10,11,0,0,4,0,1,699,"6/1/11",8.405479452,9.238356164,NA,0
"1107","LEA","LEA-1","3/6/01","8/1/09","7/1/11","7/1/10",11,12,0,0,4,0,1,699,"6/1/11",8.405479452,9.320547945,NA,0
"1108","LEA","LEA-1","3/6/01","8/1/09","7/1/11","8/1/10",12,13,0,0,4,0,1,699,"6/1/11",8.405479452,9.405479452,NA,0
"1109","LEA","LEA-1","3/6/01","8/1/09","7/1/11","9/1/10",13,14,0,0,3,0,1,699,"6/1/11",8.405479452,9.490410959,NA,0
"1110","LEA","LEA-1","3/6/01","8/1/09","7/1/11","10/1/10",14,15,0,0,3,0,1,699,"6/1/11",8.405479452,9.57260274,NA,0
"1111","LEA","LEA-1","3/6/01","8/1/09","7/1/11","11/1/10",15,16,0,0,3,0,1,699,"6/1/11",8.405479452,9.657534247,NA,0
"1112","LEA","LEA-1","3/6/01","8/1/09","7/1/11","12/1/10",16,17,0,0,3,0,1,699,"6/1/11",8.405479452,9.739726027,NA,0
"1113","LEA","LEA-1","3/6/01","8/1/09","7/1/11","1/1/11",17,18,0,0,3,0,1,699,"6/1/11",8.405479452,9.824657534,NA,0
"1114","LEA","LEA-1","3/6/01","8/1/09","7/1/11","2/1/11",18,19,0,0,3,0,1,699,"6/1/11",8.405479452,9.909589041,NA,0
"1115","LEA","LEA-1","3/6/01","8/1/09","7/1/11","3/1/11",19,20,0,0,3,0,1,699,"6/1/11",8.405479452,9.98630137,NA,0
"1116","LEA","LEA-1","3/6/01","8/1/09","7/1/11","4/1/11",20,21,0,0,3,0,1,699,"6/1/11",8.405479452,10.07103825,NA,0
"1117","LEA","LEA-1","3/6/01","8/1/09","7/1/11","5/1/11",21,22,0,0,3,0,1,699,"6/1/11",8.405479452,10.15300546,NA,0
"1118","LEA","LEA-1","3/6/01","8/1/09","7/1/11","6/1/11",22,23,0,0,3,0,1,699,"6/1/11",8.405479452,10.23770492,NA,0
"1119","LEB","LEB-1","10/15/97","2/1/06","6/1/11","2/1/06",0,1,0,0,5,0,0,1946,"5/1/11",8.298630137,8.298630137,NA,3
"1120","LEB","LEB-1","10/15/97","2/1/06","6/1/11","3/1/06",1,2,0,0,5,0,0,1946,"5/1/11",8.298630137,8.375342466,NA,3
"1121","LEB","LEB-1","10/15/97","2/1/06","6/1/11","4/1/06",2,3,0,0,5,0,0,1946,"5/1/11",8.298630137,8.460273973,NA,3
"1122","LEB","LEB-1","10/15/97","2/1/06","6/1/11","5/1/06",3,4,0,0,5,0,0,1946,"5/1/11",8.298630137,8.542465753,NA,3
"1123","LEB","LEB-1","10/15/97","2/1/06","6/1/11","6/1/06",4,5,0,0,5,0,0,1946,"5/1/11",8.298630137,8.62739726,NA,2
"1124","LEB","LEB-1","10/15/97","2/1/06","6/1/11","7/1/06",5,6,0,0,5,0,0,1946,"5/1/11",8.298630137,8.709589041,NA,2
"1125","LEB","LEB-1","10/15/97","2/1/06","6/1/11","8/1/06",6,7,0,0,5,0,0,1946,"5/1/11",8.298630137,8.794520548,NA,2
"1126","LEB","LEB-1","10/15/97","2/1/06","6/1/11","9/1/06",7,8,0,0,5,0,0,1946,"5/1/11",8.298630137,8.879452055,NA,2
"1127","LEB","LEB-1","10/15/97","2/1/06","6/1/11","10/1/06",8,9,0,0,5,0,0,1946,"5/1/11",8.298630137,8.961643836,NA,2
"1128","LEB","LEB-1","10/15/97","2/1/06","6/1/11","11/1/06",9,10,0,0,5,0,0,1946,"5/1/11",8.298630137,9.046575342,NA,2
"1129","LEB","LEB-1","10/15/97","2/1/06","6/1/11","12/1/06",10,11,0,0,5,0,0,1946,"5/1/11",8.298630137,9.128767123,NA,2
"1130","LEB","LEB-1","10/15/97","2/1/06","6/1/11","1/1/07",11,12,0,0,5,0,0,1946,"5/1/11",8.298630137,9.21369863,NA,2
"1131","LEB","LEB-1","10/15/97","2/1/06","6/1/11","2/1/07",12,13,0,0,5,0,0,1946,"5/1/11",8.298630137,9.298630137,NA,2
"1132","LEB","LEB-1","10/15/97","2/1/06","6/1/11","3/1/07",13,14,0,0,5,0,0,1946,"5/1/11",8.298630137,9.375342466,NA,2
"1133","LEB","LEB-1","10/15/97","2/1/06","6/1/11","4/1/07",14,15,0,0,5,0,0,1946,"5/1/11",8.298630137,9.460273973,NA,2
"1134","LEB","LEB-1","10/15/97","2/1/06","6/1/11","5/1/07",15,16,0,0,5,0,0,1946,"5/1/11",8.298630137,9.542465753,NA,2
"1135","LEB","LEB-1","10/15/97","2/1/06","6/1/11","6/1/07",16,17,0,0,5,0,0,1946,"5/1/11",8.298630137,9.62739726,NA,2
"1136","LEB","LEB-1","10/15/97","2/1/06","6/1/11","7/1/07",17,18,0,0,6,0,0,1946,"5/1/11",8.298630137,9.709589041,NA,2
"1137","LEB","LEB-1","10/15/97","2/1/06","6/1/11","8/1/07",18,19,0,0,6,0,0,1946,"5/1/11",8.298630137,9.794520548,NA,2
"1138","LEB","LEB-1","10/15/97","2/1/06","6/1/11","9/1/07",19,20,0,0,6,0,0,1946,"5/1/11",8.298630137,9.879452055,NA,2
"1139","LEB","LEB-1","10/15/97","2/1/06","6/1/11","10/1/07",20,21,0,0,6,0,0,1946,"5/1/11",8.298630137,9.961643836,NA,2
"1140","LEB","LEB-1","10/15/97","2/1/06","6/1/11","11/1/07",21,22,0,0,6,0,0,1946,"5/1/11",8.298630137,10.04644809,NA,2
"1141","LEB","LEB-1","10/15/97","2/1/06","6/1/11","12/1/07",22,23,0,0,6,0,0,1946,"5/1/11",8.298630137,10.1284153,NA,2
"1142","LEB","LEB-1","10/15/97","2/1/06","6/1/11","1/1/08",23,24,0,0,6,0,0,1946,"5/1/11",8.298630137,10.21311475,NA,2
"1143","LEB","LEB-1","10/15/97","2/1/06","6/1/11","2/1/08",24,25,0,0,6,0,0,1946,"5/1/11",8.298630137,10.29781421,NA,2
"1144","LEB","LEB-1","10/15/97","2/1/06","6/1/11","3/1/08",25,26,0,0,6,0,0,1946,"5/1/11",8.298630137,10.37704918,NA,2
"1145","LEB","LEB-1","10/15/97","2/1/06","6/1/11","4/1/08",26,27,0,0,6,0,0,1946,"5/1/11",8.298630137,10.46174863,NA,2
"1146","LEB","LEB-1","10/15/97","2/1/06","6/1/11","5/1/08",27,28,0,0,6,0,0,1946,"5/1/11",8.298630137,10.54371585,NA,0
"1147","LEB","LEB-1","10/15/97","2/1/06","6/1/11","6/1/08",28,29,0,0,6,0,0,1946,"5/1/11",8.298630137,10.6284153,NA,0
"1148","LEB","LEB-1","10/15/97","2/1/06","6/1/11","7/1/08",29,30,0,0,6,0,0,1946,"5/1/11",8.298630137,10.71038251,NA,0
"1149","LEB","LEB-1","10/15/97","2/1/06","6/1/11","8/1/08",30,31,0,0,6,0,0,1946,"5/1/11",8.298630137,10.79508197,NA,0
"1150","LEB","LEB-1","10/15/97","2/1/06","6/1/11","9/1/08",31,32,0,0,6,0,0,1946,"5/1/11",8.298630137,10.87978142,NA,0
"1151","LEB","LEB-1","10/15/97","2/1/06","6/1/11","10/1/08",32,33,0,0,6,0,0,1946,"5/1/11",8.298630137,10.96174863,NA,0
"1152","LEB","LEB-1","10/15/97","2/1/06","6/1/11","11/1/08",33,34,0,0,6,0,0,1946,"5/1/11",8.298630137,11.04657534,NA,0
"1153","LEB","LEB-1","10/15/97","2/1/06","6/1/11","12/1/08",34,35,0,0,6,0,0,1946,"5/1/11",8.298630137,11.12876712,NA,0
"1154","LEB","LEB-1","10/15/97","2/1/06","6/1/11","1/1/09",35,36,0,0,6,0,0,1946,"5/1/11",8.298630137,11.21369863,NA,0
"1155","LEB","LEB-1","10/15/97","2/1/06","6/1/11","2/1/09",36,37,0,0,6,0,0,1946,"5/1/11",8.298630137,11.29863014,NA,0
"1156","LEB","LEB-1","10/15/97","2/1/06","6/1/11","3/1/09",37,38,0,0,6,0,0,1946,"5/1/11",8.298630137,11.37534247,NA,0
"1157","LEB","LEB-1","10/15/97","2/1/06","6/1/11","4/1/09",38,39,0,0,6,0,0,1946,"5/1/11",8.298630137,11.46027397,NA,0
"1158","LEB","LEB-1","10/15/97","2/1/06","6/1/11","5/1/09",39,40,0,0,6,0,0,1946,"5/1/11",8.298630137,11.54246575,NA,0
"1159","LEB","LEB-1","10/15/97","2/1/06","6/1/11","6/1/09",40,41,0,0,6,0,0,1946,"5/1/11",8.298630137,11.62739726,NA,0
"1160","LEB","LEB-1","10/15/97","2/1/06","6/1/11","7/1/09",41,42,0,0,6,0,0,1946,"5/1/11",8.298630137,11.70958904,NA,0
"1161","LEB","LEB-1","10/15/97","2/1/06","6/1/11","8/1/09",42,43,0,0,5,0,0,1946,"5/1/11",8.298630137,11.79452055,NA,0
"1162","LEB","LEB-1","10/15/97","2/1/06","6/1/11","9/1/09",43,44,0,0,5,0,0,1946,"5/1/11",8.298630137,11.87945205,NA,0
"1163","LEB","LEB-1","10/15/97","2/1/06","6/1/11","10/1/09",44,45,0,0,5,0,0,1946,"5/1/11",8.298630137,11.96164384,NA,0
"1164","LEB","LEB-1","10/15/97","2/1/06","6/1/11","11/1/09",45,46,0,0,5,0,0,1946,"5/1/11",8.298630137,12.04657534,NA,0
"1165","LEB","LEB-1","10/15/97","2/1/06","6/1/11","12/1/09",46,47,0,0,5,0,0,1946,"5/1/11",8.298630137,12.12876712,NA,0
"1166","LEB","LEB-1","10/15/97","2/1/06","6/1/11","1/1/10",47,48,0,0,5,0,0,1946,"5/1/11",8.298630137,12.21369863,NA,0
"1167","LEB","LEB-1","10/15/97","2/1/06","6/1/11","2/1/10",48,49,0,0,5,0,0,1946,"5/1/11",8.298630137,12.29863014,NA,0
"1168","LEB","LEB-1","10/15/97","2/1/06","6/1/11","3/1/10",49,50,0,0,5,0,0,1946,"5/1/11",8.298630137,12.37534247,NA,0
"1169","LEB","LEB-1","10/15/97","2/1/06","6/1/11","4/1/10",50,51,0,0,5,0,0,1946,"5/1/11",8.298630137,12.46027397,NA,0
"1170","LEB","LEB-1","10/15/97","2/1/06","6/1/11","5/1/10",51,52,0,0,5,0,0,1946,"5/1/11",8.298630137,12.54246575,NA,0
"1171","LEB","LEB-1","10/15/97","2/1/06","6/1/11","6/1/10",52,53,0,0,5,0,0,1946,"5/1/11",8.298630137,12.62739726,NA,0
"1172","LEB","LEB-1","10/15/97","2/1/06","6/1/11","7/1/10",53,54,0,0,5,0,0,1946,"5/1/11",8.298630137,12.70958904,NA,0
"1173","LEB","LEB-1","10/15/97","2/1/06","6/1/11","8/1/10",54,55,0,0,5,0,0,1946,"5/1/11",8.298630137,12.79452055,NA,0
"1174","LEB","LEB-1","10/15/97","2/1/06","6/1/11","9/1/10",55,56,0,0,5,0,0,1946,"5/1/11",8.298630137,12.87945205,NA,0
"1175","LEB","LEB-1","10/15/97","2/1/06","6/1/11","10/1/10",56,57,0,0,6,0,0,1946,"5/1/11",8.298630137,12.96164384,NA,0
"1176","LEB","LEB-1","10/15/97","2/1/06","6/1/11","11/1/10",57,58,0,0,6,0,0,1946,"5/1/11",8.298630137,13.04657534,NA,0
"1177","LEB","LEB-1","10/15/97","2/1/06","6/1/11","12/1/10",58,59,0,0,6,0,0,1946,"5/1/11",8.298630137,13.12876712,NA,0
"1178","LEB","LEB-1","10/15/97","2/1/06","6/1/11","1/1/11",59,60,0,0,6,0,0,1946,"5/1/11",8.298630137,13.21369863,NA,0
"1179","LEB","LEB-1","10/15/97","2/1/06","6/1/11","2/1/11",60,61,0,0,6,0,0,1946,"5/1/11",8.298630137,13.29863014,NA,0
"1180","LEB","LEB-1","10/15/97","2/1/06","6/1/11","3/1/11",61,62,0,0,6,0,0,1946,"5/1/11",8.298630137,13.37534247,NA,0
"1181","LEB","LEB-1","10/15/97","2/1/06","6/1/11","4/1/11",62,63,0,0,6,0,0,1946,"5/1/11",8.298630137,13.46027397,NA,0
"1182","LEB","LEB-1","10/15/97","2/1/06","6/1/11","5/1/11",63,64,1,0,6,0,0,1946,"5/1/11",8.298630137,13.54246575,NA,0
"1183","LEN","LEN-1","12/6/05","4/1/14","2/1/22","4/1/14",0,1,0,0,2,0,0,2863,"1/1/22",8.317808219,8.317808219,NA,0
"1184","LEN","LEN-1","12/6/05","4/1/14","2/1/22","5/1/14",1,2,0,0,2,0,0,2863,"1/1/22",8.317808219,8.4,NA,0
"1185","LEN","LEN-1","12/6/05","4/1/14","2/1/22","6/1/14",2,3,0,0,2,0,0,2863,"1/1/22",8.317808219,8.484931507,NA,0
"1186","LEN","LEN-1","12/6/05","4/1/14","2/1/22","7/1/14",3,4,0,0,2,0,0,2863,"1/1/22",8.317808219,8.567123288,NA,0
"1187","LEN","LEN-1","12/6/05","4/1/14","2/1/22","8/1/14",4,5,0,0,2,0,0,2863,"1/1/22",8.317808219,8.652054795,NA,0
"1188","LEN","LEN-1","12/6/05","4/1/14","2/1/22","9/1/14",5,6,0,0,2,0,0,2863,"1/1/22",8.317808219,8.736986301,NA,0
"1189","LEN","LEN-1","12/6/05","4/1/14","2/1/22","10/1/14",6,7,0,0,2,0,0,2863,"1/1/22",8.317808219,8.819178082,NA,0
"1190","LEN","LEN-1","12/6/05","4/1/14","2/1/22","11/1/14",7,8,0,0,2,0,0,2863,"1/1/22",8.317808219,8.904109589,NA,0
"1191","LEN","LEN-1","12/6/05","4/1/14","2/1/22","12/1/14",8,9,0,0,2,0,0,2863,"1/1/22",8.317808219,8.98630137,NA,0
"1192","LEN","LEN-1","12/6/05","4/1/14","2/1/22","1/1/15",9,10,0,0,2,0,0,2863,"1/1/22",8.317808219,9.071232877,NA,0
"1193","LEN","LEN-1","12/6/05","4/1/14","2/1/22","2/1/15",10,11,0,0,2,0,0,2863,"1/1/22",8.317808219,9.156164384,NA,0
"1194","LEN","LEN-1","12/6/05","4/1/14","2/1/22","3/1/15",11,12,0,0,2,0,0,2863,"1/1/22",8.317808219,9.232876712,NA,0
"1195","LEN","LEN-1","12/6/05","4/1/14","2/1/22","4/1/15",12,13,0,0,2,0,0,2863,"1/1/22",8.317808219,9.317808219,NA,0
"1196","LEN","LEN-1","12/6/05","4/1/14","2/1/22","5/1/15",13,14,0,0,2,0,0,2863,"1/1/22",8.317808219,9.4,NA,0
"1197","LEN","LEN-1","12/6/05","4/1/14","2/1/22","6/1/15",14,15,0,0,2,0,0,2863,"1/1/22",8.317808219,9.484931507,NA,0
"1198","LEN","LEN-1","12/6/05","4/1/14","2/1/22","7/1/15",15,16,0,0,2,0,0,2863,"1/1/22",8.317808219,9.567123288,NA,0
"1199","LEN","LEN-1","12/6/05","4/1/14","2/1/22","8/1/15",16,17,0,0,2,0,0,2863,"1/1/22",8.317808219,9.652054795,NA,0
"1200","LEN","LEN-1","12/6/05","4/1/14","2/1/22","9/1/15",17,18,0,0,2,0,0,2863,"1/1/22",8.317808219,9.736986301,NA,0
"1201","LEN","LEN-1","12/6/05","4/1/14","2/1/22","10/1/15",18,19,0,0,2,0,0,2863,"1/1/22",8.317808219,9.819178082,NA,0
"1202","LEN","LEN-1","12/6/05","4/1/14","2/1/22","11/1/15",19,20,0,0,2,0,0,2863,"1/1/22",8.317808219,9.904109589,NA,0
"1203","LEN","LEN-1","12/6/05","4/1/14","2/1/22","12/1/15",20,21,0,0,2,0,0,2863,"1/1/22",8.317808219,9.98630137,NA,0
"1204","LEN","LEN-1","12/6/05","4/1/14","2/1/22","1/1/16",21,22,0,0,2,0,0,2863,"1/1/22",8.317808219,10.07103825,NA,0
"1205","LEN","LEN-1","12/6/05","4/1/14","2/1/22","2/1/16",22,23,0,0,2,0,0,2863,"1/1/22",8.317808219,10.1557377,NA,0
"1206","LEN","LEN-1","12/6/05","4/1/14","2/1/22","3/1/16",23,24,0,0,2,0,0,2863,"1/1/22",8.317808219,10.23497268,NA,0
"1207","LEN","LEN-1","12/6/05","4/1/14","2/1/22","4/1/16",24,25,0,0,2,0,0,2863,"1/1/22",8.317808219,10.31967213,NA,0
"1208","LEN","LEN-1","12/6/05","4/1/14","2/1/22","5/1/16",25,26,0,0,2,0,0,2863,"1/1/22",8.317808219,10.40163934,NA,0
"1209","LEN","LEN-1","12/6/05","4/1/14","2/1/22","6/1/16",26,27,0,0,2,0,0,2863,"1/1/22",8.317808219,10.4863388,NA,0
"1210","LEN","LEN-1","12/6/05","4/1/14","2/1/22","7/1/16",27,28,0,0,2,0,0,2863,"1/1/22",8.317808219,10.56830601,NA,0
"1211","LEN","LEN-1","12/6/05","4/1/14","2/1/22","8/1/16",28,29,0,0,2,0,0,2863,"1/1/22",8.317808219,10.65300546,NA,0
"1212","LEN","LEN-1","12/6/05","4/1/14","2/1/22","9/1/16",29,30,0,0,2,0,0,2863,"1/1/22",8.317808219,10.73770492,NA,0
"1213","LEN","LEN-1","12/6/05","4/1/14","2/1/22","10/1/16",30,31,0,0,3,0,0,2863,"1/1/22",8.317808219,10.81967213,NA,0
"1214","LEN","LEN-1","12/6/05","4/1/14","2/1/22","11/1/16",31,32,0,0,3,0,0,2863,"1/1/22",8.317808219,10.90437158,NA,0
"1215","LEN","LEN-1","12/6/05","4/1/14","2/1/22","12/1/16",32,33,0,0,3,0,0,2863,"1/1/22",8.317808219,10.9863388,NA,0
"1216","LEN","LEN-1","12/6/05","4/1/14","2/1/22","1/1/17",33,34,0,0,3,0,0,2863,"1/1/22",8.317808219,11.07123288,NA,0
"1217","LEN","LEN-1","12/6/05","4/1/14","2/1/22","2/1/17",34,35,0,0,3,0,0,2863,"1/1/22",8.317808219,11.15616438,NA,0
"1218","LEN","LEN-1","12/6/05","4/1/14","2/1/22","3/1/17",35,36,0,0,2,0,0,2863,"1/1/22",8.317808219,11.23287671,NA,0
"1219","LEN","LEN-1","12/6/05","4/1/14","2/1/22","4/1/17",36,37,0,0,2,0,0,2863,"1/1/22",8.317808219,11.31780822,NA,0
"1220","LEN","LEN-1","12/6/05","4/1/14","2/1/22","5/1/17",37,38,0,0,2,0,0,2863,"1/1/22",8.317808219,11.4,NA,0
"1221","LEN","LEN-1","12/6/05","4/1/14","2/1/22","6/1/17",38,39,0,0,2,0,0,2863,"1/1/22",8.317808219,11.48493151,NA,0
"1222","LEN","LEN-1","12/6/05","4/1/14","2/1/22","7/1/17",39,40,0,0,2,0,0,2863,"1/1/22",8.317808219,11.56712329,NA,0
"1223","LEN","LEN-1","12/6/05","4/1/14","2/1/22","8/1/17",40,41,0,0,2,0,0,2863,"1/1/22",8.317808219,11.65205479,NA,0
"1224","LEN","LEN-1","12/6/05","4/1/14","2/1/22","9/1/17",41,42,0,0,2,0,0,2863,"1/1/22",8.317808219,11.7369863,NA,0
"1225","LEN","LEN-1","12/6/05","4/1/14","2/1/22","10/1/17",42,43,0,0,2,0,0,2863,"1/1/22",8.317808219,11.81917808,NA,0
"1226","LEN","LEN-1","12/6/05","4/1/14","2/1/22","11/1/17",43,44,0,0,3,0,0,2863,"1/1/22",8.317808219,11.90410959,NA,0
"1227","LEN","LEN-1","12/6/05","4/1/14","2/1/22","12/1/17",44,45,0,0,3,0,0,2863,"1/1/22",8.317808219,11.98630137,NA,0
"1228","LEN","LEN-1","12/6/05","4/1/14","2/1/22","1/1/18",45,46,0,0,3,0,0,2863,"1/1/22",8.317808219,12.07123288,NA,0
"1229","LEN","LEN-1","12/6/05","4/1/14","2/1/22","2/1/18",46,47,0,0,3,0,0,2863,"1/1/22",8.317808219,12.15616438,NA,0
"1230","LEN","LEN-1","12/6/05","4/1/14","2/1/22","3/1/18",47,48,0,0,3,0,0,2863,"1/1/22",8.317808219,12.23287671,NA,0
"1231","LEN","LEN-1","12/6/05","4/1/14","2/1/22","4/1/18",48,49,0,0,3,0,0,2863,"1/1/22",8.317808219,12.31780822,NA,0
"1232","LEN","LEN-1","12/6/05","4/1/14","2/1/22","5/1/18",49,50,0,0,3,0,0,2863,"1/1/22",8.317808219,12.4,NA,0
"1233","LEN","LEN-1","12/6/05","4/1/14","2/1/22","6/1/18",50,51,0,0,3,0,0,2863,"1/1/22",8.317808219,12.48493151,NA,0
"1234","LEN","LEN-1","12/6/05","4/1/14","2/1/22","7/1/18",51,52,0,0,3,0,0,2863,"1/1/22",8.317808219,12.56712329,NA,0
"1235","LEN","LEN-1","12/6/05","4/1/14","2/1/22","8/1/18",52,53,0,0,3,0,0,2863,"1/1/22",8.317808219,12.65205479,NA,0
"1236","LEN","LEN-1","12/6/05","4/1/14","2/1/22","9/1/18",53,54,0,0,3,0,0,2863,"1/1/22",8.317808219,12.7369863,NA,0
"1237","LEN","LEN-1","12/6/05","4/1/14","2/1/22","10/1/18",54,55,0,0,3,0,0,2863,"1/1/22",8.317808219,12.81917808,NA,0
"1238","LEN","LEN-1","12/6/05","4/1/14","2/1/22","11/1/18",55,56,0,0,4,0,0,2863,"1/1/22",8.317808219,12.90410959,NA,0
"1239","LEN","LEN-1","12/6/05","4/1/14","2/1/22","12/1/18",56,57,0,0,4,0,0,2863,"1/1/22",8.317808219,12.98630137,NA,0
"1240","LEN","LEN-1","12/6/05","4/1/14","2/1/22","1/1/19",57,58,0,0,4,0,0,2863,"1/1/22",8.317808219,13.07123288,NA,0
"1241","LEN","LEN-1","12/6/05","4/1/14","2/1/22","2/1/19",58,59,0,0,4,0,0,2863,"1/1/22",8.317808219,13.15616438,NA,0
"1242","LEN","LEN-1","12/6/05","4/1/14","2/1/22","3/1/19",59,60,0,0,4,0,0,2863,"1/1/22",8.317808219,13.23287671,NA,0
"1243","LEN","LEN-1","12/6/05","4/1/14","2/1/22","4/1/19",60,61,0,0,4,0,0,2863,"1/1/22",8.317808219,13.31780822,NA,0
"1244","LEN","LEN-1","12/6/05","4/1/14","2/1/22","5/1/19",61,62,0,0,4,0,0,2863,"1/1/22",8.317808219,13.4,NA,0
"1245","LEN","LEN-1","12/6/05","4/1/14","2/1/22","6/1/19",62,63,0,0,4,0,0,2863,"1/1/22",8.317808219,13.48493151,NA,0
"1246","LEN","LEN-1","12/6/05","4/1/14","2/1/22","7/1/19",63,64,0,0,4,0,0,2863,"1/1/22",8.317808219,13.56712329,NA,0
"1247","LEN","LEN-1","12/6/05","4/1/14","2/1/22","8/1/19",64,65,0,0,4,0,0,2863,"1/1/22",8.317808219,13.65205479,NA,0
"1248","LEN","LEN-1","12/6/05","4/1/14","2/1/22","9/1/19",65,66,0,0,4,0,0,2863,"1/1/22",8.317808219,13.7369863,NA,0
"1249","LEN","LEN-1","12/6/05","4/1/14","2/1/22","10/1/19",66,67,0,0,4,0,0,2863,"1/1/22",8.317808219,13.81917808,NA,0
"1250","LEN","LEN-1","12/6/05","4/1/14","2/1/22","11/1/19",67,68,0,0,4,0,0,2863,"1/1/22",8.317808219,13.90410959,NA,0
"1251","LEN","LEN-1","12/6/05","4/1/14","2/1/22","12/1/19",68,69,0,0,4,0,0,2863,"1/1/22",8.317808219,13.98630137,NA,0
"1252","LEN","LEN-1","12/6/05","4/1/14","2/1/22","1/1/20",69,70,0,0,4,0,0,2863,"1/1/22",8.317808219,14.07103825,NA,0
"1253","LEN","LEN-1","12/6/05","4/1/14","2/1/22","2/1/20",70,71,0,0,4,0,0,2863,"1/1/22",8.317808219,14.1557377,NA,0
"1254","LEN","LEN-1","12/6/05","4/1/14","2/1/22","3/1/20",71,72,0,0,4,0,0,2863,"1/1/22",8.317808219,14.23497268,NA,0
"1255","LEN","LEN-1","12/6/05","4/1/14","2/1/22","4/1/20",72,73,0,0,4,0,0,2863,"1/1/22",8.317808219,14.31967213,NA,0
"1256","LEN","LEN-1","12/6/05","4/1/14","2/1/22","5/1/20",73,74,0,0,4,0,0,2863,"1/1/22",8.317808219,14.40163934,NA,0
"1257","LEN","LEN-1","12/6/05","4/1/14","2/1/22","6/1/20",74,75,0,0,4,0,0,2863,"1/1/22",8.317808219,14.4863388,NA,0
"1258","LEN","LEN-1","12/6/05","4/1/14","2/1/22","7/1/20",75,76,0,0,4,0,0,2863,"1/1/22",8.317808219,14.56830601,NA,0
"1259","LEN","LEN-1","12/6/05","4/1/14","2/1/22","8/1/20",76,77,0,0,3,0,0,2863,"1/1/22",8.317808219,14.65300546,NA,0
"1260","LEN","LEN-1","12/6/05","4/1/14","2/1/22","9/1/20",77,78,0,0,3,0,0,2863,"1/1/22",8.317808219,14.73770492,NA,0
"1261","LEN","LEN-1","12/6/05","4/1/14","2/1/22","10/1/20",78,79,0,0,4,0,0,2863,"1/1/22",8.317808219,14.81967213,NA,0
"1262","LEN","LEN-1","12/6/05","4/1/14","2/1/22","11/1/20",79,80,0,0,4,0,0,2863,"1/1/22",8.317808219,14.90437158,NA,0
"1263","LEN","LEN-1","12/6/05","4/1/14","2/1/22","12/1/20",80,81,0,0,4,0,0,2863,"1/1/22",8.317808219,14.9863388,NA,0
"1264","LEN","LEN-1","12/6/05","4/1/14","2/1/22","1/1/21",81,82,0,0,4,0,0,2863,"1/1/22",8.317808219,15.07123288,NA,0
"1265","LEN","LEN-1","12/6/05","4/1/14","2/1/22","2/1/21",82,83,0,0,4,0,0,2863,"1/1/22",8.317808219,15.15616438,NA,0
"1266","LEN","LEN-1","12/6/05","4/1/14","2/1/22","3/1/21",83,84,0,0,4,0,0,2863,"1/1/22",8.317808219,15.23287671,NA,0
"1267","LEN","LEN-1","12/6/05","4/1/14","2/1/22","4/1/21",84,85,0,0,4,0,0,2863,"1/1/22",8.317808219,15.31780822,NA,0
"1268","LEN","LEN-1","12/6/05","4/1/14","2/1/22","5/1/21",85,86,0,0,4,0,0,2863,"1/1/22",8.317808219,15.4,NA,0
"1269","LEN","LEN-1","12/6/05","4/1/14","2/1/22","6/1/21",86,87,0,0,4,0,0,2863,"1/1/22",8.317808219,15.48493151,NA,0
"1270","LEN","LEN-1","12/6/05","4/1/14","2/1/22","7/1/21",87,88,0,0,4,0,0,2863,"1/1/22",8.317808219,15.56712329,NA,0
"1271","LEN","LEN-1","12/6/05","4/1/14","2/1/22","8/1/21",88,89,0,0,4,0,0,2863,"1/1/22",8.317808219,15.65205479,NA,0
"1272","LEN","LEN-1","12/6/05","4/1/14","2/1/22","9/1/21",89,90,0,0,4,0,0,2863,"1/1/22",8.317808219,15.7369863,NA,0
"1273","LEN","LEN-1","12/6/05","4/1/14","2/1/22","10/1/21",90,91,0,0,4,0,0,2863,"1/1/22",8.317808219,15.81917808,NA,0
"1274","LEN","LEN-1","12/6/05","4/1/14","2/1/22","11/1/21",91,92,0,0,4,0,0,2863,"1/1/22",8.317808219,15.90410959,NA,0
"1275","LEN","LEN-1","12/6/05","4/1/14","2/1/22","12/1/21",92,93,0,0,4,0,0,2863,"1/1/22",8.317808219,15.98630137,NA,0
"1276","LEN","LEN-1","12/6/05","4/1/14","2/1/22","1/1/22",93,94,1,0,4,0,0,2863,"1/1/22",8.317808219,16.07123288,NA,0
"1277","LUP","LUP-1","7/16/06","2/1/16","11/1/19","2/1/16",0,1,0,0,8,0,0,1369,"10/1/19",9.546448087,9.546448087,NA,1
"1278","LUP","LUP-1","7/16/06","2/1/16","11/1/19","3/1/16",1,2,0,0,8,0,0,1369,"10/1/19",9.546448087,9.62568306,NA,1
"1279","LUP","LUP-1","7/16/06","2/1/16","11/1/19","4/1/16",2,3,0,0,8,0,0,1369,"10/1/19",9.546448087,9.710382514,NA,1
"1280","LUP","LUP-1","7/16/06","2/1/16","11/1/19","5/1/16",3,4,0,0,8,0,0,1369,"10/1/19",9.546448087,9.792349727,NA,1
"1281","LUP","LUP-1","7/16/06","2/1/16","11/1/19","6/1/16",4,5,0,0,8,0,0,1369,"10/1/19",9.546448087,9.87704918,NA,1
"1282","LUP","LUP-1","7/16/06","2/1/16","11/1/19","7/1/16",5,6,0,0,8,0,0,1369,"10/1/19",9.546448087,9.959016393,NA,1
"1283","LUP","LUP-1","7/16/06","2/1/16","11/1/19","8/1/16",6,7,0,0,8,0,0,1369,"10/1/19",9.546448087,10.04383562,NA,1
"1284","LUP","LUP-1","7/16/06","2/1/16","11/1/19","9/1/16",7,8,0,0,8,0,0,1369,"10/1/19",9.546448087,10.12876712,NA,1
"1285","LUP","LUP-1","7/16/06","2/1/16","11/1/19","10/1/16",8,9,0,0,8,0,0,1369,"10/1/19",9.546448087,10.2109589,NA,1
"1286","LUP","LUP-1","7/16/06","2/1/16","11/1/19","11/1/16",9,10,0,0,8,0,0,1369,"10/1/19",9.546448087,10.29589041,NA,1
"1287","LUP","LUP-1","7/16/06","2/1/16","11/1/19","12/1/16",10,11,0,0,8,0,0,1369,"10/1/19",9.546448087,10.37808219,NA,1
"1288","LUP","LUP-1","7/16/06","2/1/16","11/1/19","1/1/17",11,12,0,0,8,0,0,1369,"10/1/19",9.546448087,10.4630137,NA,1
"1289","LUP","LUP-1","7/16/06","2/1/16","11/1/19","2/1/17",12,13,0,0,8,0,0,1369,"10/1/19",9.546448087,10.54794521,NA,1
"1290","LUP","LUP-1","7/16/06","2/1/16","11/1/19","3/1/17",13,14,0,0,8,0,0,1369,"10/1/19",9.546448087,10.62465753,NA,1
"1291","LUP","LUP-1","7/16/06","2/1/16","11/1/19","4/1/17",14,15,0,0,7,0,0,1369,"10/1/19",9.546448087,10.70958904,NA,1
"1292","LUP","LUP-1","7/16/06","2/1/16","11/1/19","5/1/17",15,16,0,0,7,0,0,1369,"10/1/19",9.546448087,10.79178082,NA,1
"1293","LUP","LUP-1","7/16/06","2/1/16","11/1/19","6/1/17",16,17,0,0,7,0,0,1369,"10/1/19",9.546448087,10.87671233,NA,1
"1294","LUP","LUP-1","7/16/06","2/1/16","11/1/19","7/1/17",17,18,0,0,7,0,0,1369,"10/1/19",9.546448087,10.95890411,NA,1
"1295","LUP","LUP-1","7/16/06","2/1/16","11/1/19","8/1/17",18,19,0,0,7,0,0,1369,"10/1/19",9.546448087,11.04383562,NA,1
"1296","LUP","LUP-1","7/16/06","2/1/16","11/1/19","9/1/17",19,20,0,0,7,0,0,1369,"10/1/19",9.546448087,11.12876712,NA,1
"1297","LUP","LUP-1","7/16/06","2/1/16","11/1/19","10/1/17",20,21,0,0,7,0,0,1369,"10/1/19",9.546448087,11.2109589,NA,1
"1298","LUP","LUP-1","7/16/06","2/1/16","11/1/19","11/1/17",21,22,0,0,7,0,0,1369,"10/1/19",9.546448087,11.29589041,NA,1
"1299","LUP","LUP-1","7/16/06","2/1/16","11/1/19","12/1/17",22,23,0,0,7,0,0,1369,"10/1/19",9.546448087,11.37808219,NA,1
"1300","LUP","LUP-1","7/16/06","2/1/16","11/1/19","1/1/18",23,24,0,0,7,0,0,1369,"10/1/19",9.546448087,11.4630137,NA,1
"1301","LUP","LUP-1","7/16/06","2/1/16","11/1/19","2/1/18",24,25,0,0,7,0,0,1369,"10/1/19",9.546448087,11.54794521,NA,1
"1302","LUP","LUP-1","7/16/06","2/1/16","11/1/19","3/1/18",25,26,0,0,7,0,0,1369,"10/1/19",9.546448087,11.62465753,NA,1
"1303","LUP","LUP-1","7/16/06","2/1/16","11/1/19","4/1/18",26,27,0,0,7,0,0,1369,"10/1/19",9.546448087,11.70958904,NA,1
"1304","LUP","LUP-1","7/16/06","2/1/16","11/1/19","5/1/18",27,28,0,0,7,0,0,1369,"10/1/19",9.546448087,11.79178082,NA,1
"1305","LUP","LUP-1","7/16/06","2/1/16","11/1/19","6/1/18",28,29,0,0,7,0,0,1369,"10/1/19",9.546448087,11.87671233,NA,1
"1306","LUP","LUP-1","7/16/06","2/1/16","11/1/19","7/1/18",29,30,0,0,6,0,0,1369,"10/1/19",9.546448087,11.95890411,NA,1
"1307","LUP","LUP-1","7/16/06","2/1/16","11/1/19","8/1/18",30,31,0,0,7,0,0,1369,"10/1/19",9.546448087,12.04383562,NA,0
"1308","LUP","LUP-1","7/16/06","2/1/16","11/1/19","9/1/18",31,32,0,0,7,0,0,1369,"10/1/19",9.546448087,12.12876712,NA,0
"1309","LUP","LUP-1","7/16/06","2/1/16","11/1/19","10/1/18",32,33,0,0,7,0,0,1369,"10/1/19",9.546448087,12.2109589,NA,0
"1310","LUP","LUP-1","7/16/06","2/1/16","11/1/19","11/1/18",33,34,0,0,7,0,0,1369,"10/1/19",9.546448087,12.29589041,NA,0
"1311","LUP","LUP-1","7/16/06","2/1/16","11/1/19","12/1/18",34,35,0,0,7,0,0,1369,"10/1/19",9.546448087,12.37808219,NA,0
"1312","LUP","LUP-1","7/16/06","2/1/16","11/1/19","1/1/19",35,36,0,0,7,0,0,1369,"10/1/19",9.546448087,12.4630137,NA,0
"1313","LUP","LUP-1","7/16/06","2/1/16","11/1/19","2/1/19",36,37,0,0,7,0,0,1369,"10/1/19",9.546448087,12.54794521,NA,0
"1314","LUP","LUP-1","7/16/06","2/1/16","11/1/19","3/1/19",37,38,0,0,7,0,0,1369,"10/1/19",9.546448087,12.62465753,NA,0
"1315","LUP","LUP-1","7/16/06","2/1/16","11/1/19","4/1/19",38,39,0,0,5,0,1,1369,"10/1/19",9.546448087,12.70958904,NA,0
"1316","LYP","LYP-1","10/6/07","4/1/18","12/1/19","4/1/18",0,1,0,0,2,0,0,609,"11/1/19",10.48493151,10.48493151,NA,0
"1317","LYP","LYP-1","10/6/07","4/1/18","12/1/19","5/1/18",1,2,0,0,2,0,0,609,"11/1/19",10.48493151,10.56712329,NA,0
"1318","LYP","LYP-1","10/6/07","4/1/18","12/1/19","6/1/18",2,3,0,0,2,0,0,609,"11/1/19",10.48493151,10.65205479,NA,0
"1319","LYP","LYP-1","10/6/07","4/1/18","12/1/19","7/1/18",3,4,0,0,2,0,0,609,"11/1/19",10.48493151,10.73424658,NA,0
"1320","LYP","LYP-1","10/6/07","4/1/18","12/1/19","8/1/18",4,5,0,0,2,0,0,609,"11/1/19",10.48493151,10.81917808,NA,0
"1321","LYP","LYP-1","10/6/07","4/1/18","12/1/19","9/1/18",5,6,0,0,2,0,0,609,"11/1/19",10.48493151,10.90410959,NA,0
"1322","LYP","LYP-1","10/6/07","4/1/18","12/1/19","10/1/18",6,7,0,0,2,0,0,609,"11/1/19",10.48493151,10.98630137,NA,0
"1323","LYP","LYP-1","10/6/07","4/1/18","12/1/19","11/1/18",7,8,0,0,2,0,0,609,"11/1/19",10.48493151,11.07123288,NA,0
"1324","LYP","LYP-1","10/6/07","4/1/18","12/1/19","12/1/18",8,9,0,0,2,0,0,609,"11/1/19",10.48493151,11.15342466,NA,0
"1325","LYP","LYP-1","10/6/07","4/1/18","12/1/19","1/1/19",9,10,0,0,2,0,0,609,"11/1/19",10.48493151,11.23835616,NA,0
"1326","LYP","LYP-1","10/6/07","4/1/18","12/1/19","2/1/19",10,11,0,0,2,0,0,609,"11/1/19",10.48493151,11.32328767,NA,0
"1327","LYP","LYP-1","10/6/07","4/1/18","12/1/19","3/1/19",11,12,0,0,2,0,0,609,"11/1/19",10.48493151,11.4,NA,0
"1328","LYP","LYP-1","10/6/07","4/1/18","12/1/19","4/1/19",12,13,0,0,2,0,0,609,"11/1/19",10.48493151,11.48493151,NA,0
"1329","LYP","LYP-1","10/6/07","4/1/18","12/1/19","5/1/19",13,14,0,0,2,0,0,609,"11/1/19",10.48493151,11.56712329,NA,0
"1330","LYP","LYP-1","10/6/07","4/1/18","12/1/19","6/1/19",14,15,0,0,2,0,0,609,"11/1/19",10.48493151,11.65205479,NA,0
"1331","LYP","LYP-1","10/6/07","4/1/18","12/1/19","7/1/19",15,16,0,0,2,0,0,609,"11/1/19",10.48493151,11.73424658,NA,0
"1332","LYP","LYP-1","10/6/07","4/1/18","12/1/19","8/1/19",16,17,0,0,2,0,0,609,"11/1/19",10.48493151,11.81917808,NA,0
"1333","LYP","LYP-1","10/6/07","4/1/18","12/1/19","9/1/19",17,18,0,0,2,0,0,609,"11/1/19",10.48493151,11.90410959,NA,0
"1334","LYP","LYP-1","10/6/07","4/1/18","12/1/19","10/1/19",18,19,0,0,2,0,0,609,"11/1/19",10.48493151,11.98630137,NA,0
"1335","LYP","LYP-1","10/6/07","4/1/18","12/1/19","11/1/19",19,20,1,0,2,0,0,609,"11/1/19",10.48493151,12.07103825,NA,0
"1336","MAL","MAL-1","7/5/95","2/1/06","6/1/06","2/1/06",0,1,0,0,7,1,0,120,"5/1/06",10.57808219,10.57808219,NA,0
"1337","MAL","MAL-1","7/5/95","2/1/06","6/1/06","3/1/06",1,2,0,0,7,1,0,120,"5/1/06",10.57808219,10.65479452,NA,0
"1338","MAL","MAL-1","7/5/95","2/1/06","6/1/06","4/1/06",2,3,0,0,7,1,0,120,"5/1/06",10.57808219,10.73972603,NA,0
"1339","MAL","MAL-1","7/5/95","2/1/06","6/1/06","5/1/06",3,4,1,0,7,1,0,120,"5/1/06",10.57808219,10.82191781,NA,0
"1340","MAT","MAT-1","4/22/98","6/1/08","2/1/11","6/1/08",0,1,0,0,2,0,0,975,"1/1/11",10.10958904,10.10958904,NA,1
"1341","MAT","MAT-1","4/22/98","6/1/08","2/1/11","7/1/08",1,2,0,0,2,0,0,975,"1/1/11",10.10958904,10.19178082,NA,1
"1342","MAT","MAT-1","4/22/98","6/1/08","2/1/11","8/1/08",2,3,0,0,2,0,0,975,"1/1/11",10.10958904,10.27671233,NA,1
"1343","MAT","MAT-1","4/22/98","6/1/08","2/1/11","9/1/08",3,4,0,0,2,0,0,975,"1/1/11",10.10958904,10.36164384,NA,1
"1344","MAT","MAT-1","4/22/98","6/1/08","2/1/11","10/1/08",4,5,0,0,2,0,0,975,"1/1/11",10.10958904,10.44383562,NA,1
"1345","MAT","MAT-1","4/22/98","6/1/08","2/1/11","11/1/08",5,6,0,0,2,0,0,975,"1/1/11",10.10958904,10.52876712,NA,1
"1346","MAT","MAT-1","4/22/98","6/1/08","2/1/11","12/1/08",6,7,0,0,2,0,0,975,"1/1/11",10.10958904,10.6109589,NA,1
"1347","MAT","MAT-1","4/22/98","6/1/08","2/1/11","1/1/09",7,8,0,0,2,0,0,975,"1/1/11",10.10958904,10.69589041,NA,1
"1348","MAT","MAT-1","4/22/98","6/1/08","2/1/11","2/1/09",8,9,0,0,2,0,0,975,"1/1/11",10.10958904,10.78082192,NA,1
"1349","MAT","MAT-1","4/22/98","6/1/08","2/1/11","3/1/09",9,10,0,0,2,0,0,975,"1/1/11",10.10958904,10.85753425,NA,1
"1350","MAT","MAT-1","4/22/98","6/1/08","2/1/11","4/1/09",10,11,0,0,2,0,0,975,"1/1/11",10.10958904,10.94246575,NA,1
"1351","MAT","MAT-1","4/22/98","6/1/08","2/1/11","5/1/09",11,12,0,0,2,0,0,975,"1/1/11",10.10958904,11.02465753,NA,1
"1352","MAT","MAT-1","4/22/98","6/1/08","2/1/11","6/1/09",12,13,0,0,2,0,0,975,"1/1/11",10.10958904,11.10958904,NA,1
"1353","MAT","MAT-1","4/22/98","6/1/08","2/1/11","7/1/09",13,14,0,0,2,0,0,975,"1/1/11",10.10958904,11.19178082,NA,0
"1354","MAT","MAT-1","4/22/98","6/1/08","2/1/11","8/1/09",14,15,0,0,2,0,0,975,"1/1/11",10.10958904,11.27671233,NA,0
"1355","MAT","MAT-1","4/22/98","6/1/08","2/1/11","9/1/09",15,16,0,0,2,0,0,975,"1/1/11",10.10958904,11.36164384,NA,0
"1356","MAT","MAT-1","4/22/98","6/1/08","2/1/11","10/1/09",16,17,0,0,2,0,0,975,"1/1/11",10.10958904,11.44383562,NA,0
"1357","MAT","MAT-1","4/22/98","6/1/08","2/1/11","11/1/09",17,18,0,0,2,0,0,975,"1/1/11",10.10958904,11.52876712,NA,0
"1358","MAT","MAT-1","4/22/98","6/1/08","2/1/11","12/1/09",18,19,0,0,2,0,0,975,"1/1/11",10.10958904,11.6109589,NA,0
"1359","MAT","MAT-1","4/22/98","6/1/08","2/1/11","1/1/10",19,20,0,0,2,0,0,975,"1/1/11",10.10958904,11.69589041,NA,0
"1360","MAT","MAT-1","4/22/98","6/1/08","2/1/11","2/1/10",20,21,0,0,2,0,0,975,"1/1/11",10.10958904,11.78082192,NA,0
"1361","MAT","MAT-1","4/22/98","6/1/08","2/1/11","3/1/10",21,22,0,0,2,0,0,975,"1/1/11",10.10958904,11.85753425,NA,0
"1362","MAT","MAT-1","4/22/98","6/1/08","2/1/11","4/1/10",22,23,0,0,2,0,0,975,"1/1/11",10.10958904,11.94246575,NA,0
"1363","MAT","MAT-1","4/22/98","6/1/08","2/1/11","5/1/10",23,24,0,0,2,0,0,975,"1/1/11",10.10958904,12.02465753,NA,0
"1364","MAT","MAT-1","4/22/98","6/1/08","2/1/11","6/1/10",24,25,0,0,2,0,0,975,"1/1/11",10.10958904,12.10958904,NA,0
"1365","MAT","MAT-1","4/22/98","6/1/08","2/1/11","7/1/10",25,26,0,0,2,0,0,975,"1/1/11",10.10958904,12.19178082,NA,0
"1366","MAT","MAT-1","4/22/98","6/1/08","2/1/11","8/1/10",26,27,0,0,2,0,0,975,"1/1/11",10.10958904,12.27671233,NA,0
"1367","MAT","MAT-1","4/22/98","6/1/08","2/1/11","9/1/10",27,28,0,0,2,0,0,975,"1/1/11",10.10958904,12.36164384,NA,0
"1368","MAT","MAT-1","4/22/98","6/1/08","2/1/11","10/1/10",28,29,0,0,2,0,0,975,"1/1/11",10.10958904,12.44383562,NA,0
"1369","MAT","MAT-1","4/22/98","6/1/08","2/1/11","11/1/10",29,30,0,0,2,0,0,975,"1/1/11",10.10958904,12.52876712,NA,0
"1370","MAT","MAT-1","4/22/98","6/1/08","2/1/11","12/1/10",30,31,0,0,2,0,0,975,"1/1/11",10.10958904,12.6109589,NA,0
"1371","MAT","MAT-1","4/22/98","6/1/08","2/1/11","1/1/11",31,32,1,0,2,0,0,975,"1/1/11",10.10958904,12.69589041,NA,1
"1372","MHE","MHE-1","3/29/02","4/1/11","11/1/14","4/1/11",0,1,0,0,2,0,0,1310,"10/1/14",9.008196721,9.008196721,NA,2
"1373","MHE","MHE-1","3/29/02","4/1/11","11/1/14","5/1/11",1,2,0,0,2,0,0,1310,"10/1/14",9.008196721,9.090163934,NA,2
"1374","MHE","MHE-1","3/29/02","4/1/11","11/1/14","6/1/11",2,3,0,0,2,0,0,1310,"10/1/14",9.008196721,9.174863388,NA,2
"1375","MHE","MHE-1","3/29/02","4/1/11","11/1/14","7/1/11",3,4,0,0,2,0,0,1310,"10/1/14",9.008196721,9.256830601,NA,2
"1376","MHE","MHE-1","3/29/02","4/1/11","11/1/14","8/1/11",4,5,0,0,2,0,0,1310,"10/1/14",9.008196721,9.341530055,NA,2
"1377","MHE","MHE-1","3/29/02","4/1/11","11/1/14","9/1/11",5,6,0,0,2,0,0,1310,"10/1/14",9.008196721,9.426229508,NA,2
"1378","MHE","MHE-1","3/29/02","4/1/11","11/1/14","10/1/11",6,7,0,0,2,0,0,1310,"10/1/14",9.008196721,9.508196721,NA,2
"1379","MHE","MHE-1","3/29/02","4/1/11","11/1/14","11/1/11",7,8,0,0,2,0,0,1310,"10/1/14",9.008196721,9.592896175,NA,2
"1380","MHE","MHE-1","3/29/02","4/1/11","11/1/14","12/1/11",8,9,0,0,2,0,0,1310,"10/1/14",9.008196721,9.674863388,NA,2
"1381","MHE","MHE-1","3/29/02","4/1/11","11/1/14","1/1/12",9,10,0,0,2,0,0,1310,"10/1/14",9.008196721,9.759562842,NA,2
"1382","MHE","MHE-1","3/29/02","4/1/11","11/1/14","2/1/12",10,11,0,0,2,0,0,1310,"10/1/14",9.008196721,9.844262295,NA,2
"1383","MHE","MHE-1","3/29/02","4/1/11","11/1/14","3/1/12",11,12,0,0,2,0,0,1310,"10/1/14",9.008196721,9.923497268,NA,2
"1384","MHE","MHE-1","3/29/02","4/1/11","11/1/14","4/1/12",12,13,0,0,2,0,0,1310,"10/1/14",9.008196721,10.00821918,NA,2
"1385","MHE","MHE-1","3/29/02","4/1/11","11/1/14","5/1/12",13,14,0,0,2,0,0,1310,"10/1/14",9.008196721,10.09041096,NA,2
"1386","MHE","MHE-1","3/29/02","4/1/11","11/1/14","6/1/12",14,15,0,0,2,0,0,1310,"10/1/14",9.008196721,10.17534247,NA,0
"1387","MHE","MHE-1","3/29/02","4/1/11","11/1/14","7/1/12",15,16,0,0,2,0,0,1310,"10/1/14",9.008196721,10.25753425,NA,0
"1388","MHE","MHE-1","3/29/02","4/1/11","11/1/14","8/1/12",16,17,0,0,2,0,0,1310,"10/1/14",9.008196721,10.34246575,NA,0
"1389","MHE","MHE-1","3/29/02","4/1/11","11/1/14","9/1/12",17,18,0,0,2,0,0,1310,"10/1/14",9.008196721,10.42739726,NA,0
"1390","MHE","MHE-1","3/29/02","4/1/11","11/1/14","10/1/12",18,19,0,0,2,0,0,1310,"10/1/14",9.008196721,10.50958904,NA,0
"1391","MHE","MHE-1","3/29/02","4/1/11","11/1/14","11/1/12",19,20,0,0,2,0,0,1310,"10/1/14",9.008196721,10.59452055,NA,2
"1392","MHE","MHE-1","3/29/02","4/1/11","11/1/14","12/1/12",20,21,0,0,2,0,0,1310,"10/1/14",9.008196721,10.67671233,NA,2
"1393","MHE","MHE-1","3/29/02","4/1/11","11/1/14","1/1/13",21,22,0,0,2,0,0,1310,"10/1/14",9.008196721,10.76164384,NA,2
"1394","MHE","MHE-1","3/29/02","4/1/11","11/1/14","2/1/13",22,23,0,0,2,0,0,1310,"10/1/14",9.008196721,10.84657534,NA,2
"1395","MHE","MHE-1","3/29/02","4/1/11","11/1/14","3/1/13",23,24,0,0,2,0,0,1310,"10/1/14",9.008196721,10.92328767,NA,2
"1396","MHE","MHE-1","3/29/02","4/1/11","11/1/14","4/1/13",24,25,0,0,2,0,0,1310,"10/1/14",9.008196721,11.00821918,NA,2
"1397","MHE","MHE-1","3/29/02","4/1/11","11/1/14","5/1/13",25,26,0,0,2,0,0,1310,"10/1/14",9.008196721,11.09041096,NA,2
"1398","MHE","MHE-1","3/29/02","4/1/11","11/1/14","6/1/13",26,27,0,0,2,0,0,1310,"10/1/14",9.008196721,11.17534247,NA,2
"1399","MHE","MHE-1","3/29/02","4/1/11","11/1/14","7/1/13",27,28,0,0,2,0,0,1310,"10/1/14",9.008196721,11.25753425,NA,2
"1400","MHE","MHE-1","3/29/02","4/1/11","11/1/14","8/1/13",28,29,0,0,2,0,0,1310,"10/1/14",9.008196721,11.34246575,NA,2
"1401","MHE","MHE-1","3/29/02","4/1/11","11/1/14","9/1/13",29,30,0,0,2,0,0,1310,"10/1/14",9.008196721,11.42739726,NA,2
"1402","MHE","MHE-1","3/29/02","4/1/11","11/1/14","10/1/13",30,31,0,0,2,0,0,1310,"10/1/14",9.008196721,11.50958904,NA,2
"1403","MHE","MHE-1","3/29/02","4/1/11","11/1/14","11/1/13",31,32,0,0,2,0,0,1310,"10/1/14",9.008196721,11.59452055,NA,2
"1404","MHE","MHE-1","3/29/02","4/1/11","11/1/14","12/1/13",32,33,0,0,2,0,0,1310,"10/1/14",9.008196721,11.67671233,NA,2
"1405","MHE","MHE-1","3/29/02","4/1/11","11/1/14","1/1/14",33,34,0,0,2,0,0,1310,"10/1/14",9.008196721,11.76164384,NA,2
"1406","MHE","MHE-1","3/29/02","4/1/11","11/1/14","2/1/14",34,35,0,0,2,0,0,1310,"10/1/14",9.008196721,11.84657534,NA,2
"1407","MHE","MHE-1","3/29/02","4/1/11","11/1/14","3/1/14",35,36,0,0,2,0,0,1310,"10/1/14",9.008196721,11.92328767,NA,2
"1408","MHE","MHE-1","3/29/02","4/1/11","11/1/14","4/1/14",36,37,0,0,2,0,0,1310,"10/1/14",9.008196721,12.00821918,NA,2
"1409","MHE","MHE-1","3/29/02","4/1/11","11/1/14","5/1/14",37,38,0,0,2,0,0,1310,"10/1/14",9.008196721,12.09041096,NA,2
"1410","MHE","MHE-1","3/29/02","4/1/11","11/1/14","6/1/14",38,39,0,0,2,0,0,1310,"10/1/14",9.008196721,12.17534247,NA,2
"1411","MHE","MHE-1","3/29/02","4/1/11","11/1/14","7/1/14",39,40,0,0,2,0,0,1310,"10/1/14",9.008196721,12.25753425,NA,2
"1412","MHE","MHE-1","3/29/02","4/1/11","11/1/14","8/1/14",40,41,0,0,2,0,0,1310,"10/1/14",9.008196721,12.34246575,NA,2
"1413","MHE","MHE-1","3/29/02","4/1/11","11/1/14","9/1/14",41,42,0,0,2,0,0,1310,"10/1/14",9.008196721,12.42739726,NA,2
"1414","MHE","MHE-1","3/29/02","4/1/11","11/1/14","10/1/14",42,43,1,0,2,0,0,1310,"10/1/14",9.008196721,12.50958904,NA,2
"1415","MOL","MOL-1","7/5/95","1/1/06","2/1/06","1/1/06",0,1,1,0,5,1,0,31,"1/1/06",10.49315068,10.49315068,NA,1
"1416","MUL","MUL-1","5/30/03","4/1/12","3/1/13","4/1/12",0,1,0,0,8,0,0,334,"2/1/13",8.838797814,8.838797814,NA,2
"1417","MUL","MUL-1","5/30/03","4/1/12","3/1/13","5/1/12",1,2,0,0,8,0,0,334,"2/1/13",8.838797814,8.920765027,NA,2
"1418","MUL","MUL-1","5/30/03","4/1/12","3/1/13","6/1/12",2,3,0,0,8,0,0,334,"2/1/13",8.838797814,9.005479452,NA,2
"1419","MUL","MUL-1","5/30/03","4/1/12","3/1/13","7/1/12",3,4,0,0,8,0,0,334,"2/1/13",8.838797814,9.087671233,NA,2
"1420","MUL","MUL-1","5/30/03","4/1/12","3/1/13","8/1/12",4,5,0,0,8,0,0,334,"2/1/13",8.838797814,9.17260274,NA,2
"1421","MUL","MUL-1","5/30/03","4/1/12","3/1/13","9/1/12",5,6,0,0,8,0,0,334,"2/1/13",8.838797814,9.257534247,NA,2
"1422","MUL","MUL-1","5/30/03","4/1/12","3/1/13","10/1/12",6,7,0,0,8,0,0,334,"2/1/13",8.838797814,9.339726027,NA,2
"1423","MUL","MUL-1","5/30/03","4/1/12","3/1/13","11/1/12",7,8,0,0,8,0,0,334,"2/1/13",8.838797814,9.424657534,NA,2
"1424","MUL","MUL-1","5/30/03","4/1/12","3/1/13","12/1/12",8,9,0,0,8,0,0,334,"2/1/13",8.838797814,9.506849315,NA,2
"1425","MUL","MUL-1","5/30/03","4/1/12","3/1/13","1/1/13",9,10,0,0,8,0,0,334,"2/1/13",8.838797814,9.591780822,NA,2
"1426","MUL","MUL-1","5/30/03","4/1/12","3/1/13","2/1/13",10,11,1,0,8,0,0,334,"2/1/13",8.838797814,9.676712329,NA,2
"1427","MUM","MUM-1","11/13/03","3/1/12","6/1/12","3/1/12",0,1,0,0,8,0,0,92,"5/1/12",8.297814208,8.297814208,NA,8
"1428","MUM","MUM-1","11/13/03","3/1/12","6/1/12","4/1/12",1,2,0,0,8,0,0,92,"5/1/12",8.297814208,8.382513661,NA,6
"1429","MUM","MUM-1","11/13/03","3/1/12","6/1/12","5/1/12",2,3,1,0,8,0,0,92,"5/1/12",8.297814208,8.464480874,NA,11
"1430","NAF","NAF-1","11/24/97","2/1/08","4/1/09","2/1/08",0,1,0,0,10,0,0,425,"3/1/09",10.18852459,10.18852459,NA,6
"1431","NAF","NAF-1","11/24/97","2/1/08","4/1/09","3/1/08",1,2,0,0,8,0,0,425,"3/1/09",10.18852459,10.26775956,NA,5
"1432","NAF","NAF-1","11/24/97","2/1/08","4/1/09","4/1/08",2,3,0,0,7,0,0,425,"3/1/09",10.18852459,10.35245902,NA,6
"1433","NAF","NAF-1","11/24/97","2/1/08","4/1/09","5/1/08",3,4,0,0,7,0,0,425,"3/1/09",10.18852459,10.43442623,NA,5
"1434","NAF","NAF-1","11/24/97","2/1/08","4/1/09","6/1/08",4,5,0,0,5,0,0,425,"3/1/09",10.18852459,10.51912568,NA,5
"1435","NAF","NAF-1","11/24/97","2/1/08","4/1/09","7/1/08",5,6,0,0,5,0,0,425,"3/1/09",10.18852459,10.6010929,NA,2
"1436","NAF","NAF-1","11/24/97","2/1/08","4/1/09","8/1/08",6,7,0,0,5,0,0,425,"3/1/09",10.18852459,10.68579235,NA,2
"1437","NAF","NAF-1","11/24/97","2/1/08","4/1/09","9/1/08",7,8,0,0,5,0,0,425,"3/1/09",10.18852459,10.7704918,NA,1
"1438","NAF","NAF-1","11/24/97","2/1/08","4/1/09","10/1/08",8,9,0,0,6,0,0,425,"3/1/09",10.18852459,10.85245902,NA,0
"1439","NAF","NAF-1","11/24/97","2/1/08","4/1/09","11/1/08",9,10,0,0,6,0,0,425,"3/1/09",10.18852459,10.93715847,NA,0
"1440","NAF","NAF-1","11/24/97","2/1/08","4/1/09","12/1/08",10,11,0,0,6,0,0,425,"3/1/09",10.18852459,11.01917808,NA,0
"1441","NAF","NAF-1","11/24/97","2/1/08","4/1/09","1/1/09",11,12,0,0,6,0,0,425,"3/1/09",10.18852459,11.10410959,NA,0
"1442","NAF","NAF-1","11/24/97","2/1/08","4/1/09","2/1/09",12,13,0,0,6,0,0,425,"3/1/09",10.18852459,11.1890411,NA,0
"1443","NAF","NAF-1","11/24/97","2/1/08","4/1/09","3/1/09",13,14,1,0,6,0,0,425,"3/1/09",10.18852459,11.26575342,NA,0
"1444","NIK","NIK-1","5/25/98","4/1/08","2/1/13","4/1/08",0,1,0,0,10,0,1,1767,"1/1/13",9.852459016,9.852459016,NA,4
"1445","NIK","NIK-1","5/25/98","4/1/08","2/1/13","5/1/08",1,2,0,0,11,0,1,1767,"1/1/13",9.852459016,9.93442623,NA,2
"1446","NIK","NIK-1","5/25/98","4/1/08","2/1/13","6/1/08",2,3,0,0,11,0,1,1767,"1/1/13",9.852459016,10.01917808,NA,2
"1447","NIK","NIK-1","5/25/98","4/1/08","2/1/13","7/1/08",3,4,0,0,3,0,1,1767,"1/1/13",9.852459016,10.10136986,NA,0
"1448","NIK","NIK-1","5/25/98","4/1/08","2/1/13","8/1/08",4,5,0,0,3,0,1,1767,"1/1/13",9.852459016,10.18630137,NA,0
"1449","NIK","NIK-1","5/25/98","4/1/08","2/1/13","9/1/08",5,6,0,0,3,0,1,1767,"1/1/13",9.852459016,10.27123288,NA,0
"1450","NIK","NIK-1","5/25/98","4/1/08","2/1/13","10/1/08",6,7,0,0,3,0,1,1767,"1/1/13",9.852459016,10.35342466,NA,0
"1451","NIK","NIK-1","5/25/98","4/1/08","2/1/13","11/1/08",7,8,0,0,3,0,1,1767,"1/1/13",9.852459016,10.43835616,NA,0
"1452","NIK","NIK-1","5/25/98","4/1/08","2/1/13","12/1/08",8,9,0,0,3,0,1,1767,"1/1/13",9.852459016,10.52054795,NA,0
"1453","NIK","NIK-1","5/25/98","4/1/08","2/1/13","1/1/09",9,10,0,0,3,0,1,1767,"1/1/13",9.852459016,10.60547945,NA,0
"1454","NIK","NIK-1","5/25/98","4/1/08","2/1/13","2/1/09",10,11,0,0,3,0,1,1767,"1/1/13",9.852459016,10.69041096,NA,0
"1455","NIK","NIK-1","5/25/98","4/1/08","2/1/13","3/1/09",11,12,0,0,3,0,1,1767,"1/1/13",9.852459016,10.76712329,NA,0
"1456","NIK","NIK-1","5/25/98","4/1/08","2/1/13","4/1/09",12,13,0,0,3,0,1,1767,"1/1/13",9.852459016,10.85205479,NA,0
"1457","NIK","NIK-1","5/25/98","4/1/08","2/1/13","5/1/09",13,14,0,0,3,0,1,1767,"1/1/13",9.852459016,10.93424658,NA,0
"1458","NIK","NIK-1","5/25/98","4/1/08","2/1/13","6/1/09",14,15,0,0,3,0,1,1767,"1/1/13",9.852459016,11.01917808,NA,0
"1459","NIK","NIK-1","5/25/98","4/1/08","2/1/13","7/1/09",15,16,0,0,3,0,1,1767,"1/1/13",9.852459016,11.10136986,NA,0
"1460","NIK","NIK-1","5/25/98","4/1/08","2/1/13","8/1/09",16,17,0,0,3,0,1,1767,"1/1/13",9.852459016,11.18630137,NA,0
"1461","NIK","NIK-1","5/25/98","4/1/08","2/1/13","9/1/09",17,18,0,0,3,0,1,1767,"1/1/13",9.852459016,11.27123288,NA,0
"1462","NIK","NIK-1","5/25/98","4/1/08","2/1/13","10/1/09",18,19,0,0,3,0,1,1767,"1/1/13",9.852459016,11.35342466,NA,0
"1463","NIK","NIK-1","5/25/98","4/1/08","2/1/13","11/1/09",19,20,0,0,3,0,1,1767,"1/1/13",9.852459016,11.43835616,NA,0
"1464","NIK","NIK-1","5/25/98","4/1/08","2/1/13","12/1/09",20,21,0,0,3,0,1,1767,"1/1/13",9.852459016,11.52054795,NA,0
"1465","NIK","NIK-1","5/25/98","4/1/08","2/1/13","1/1/10",21,22,0,0,3,0,1,1767,"1/1/13",9.852459016,11.60547945,NA,0
"1466","NIK","NIK-1","5/25/98","4/1/08","2/1/13","2/1/10",22,23,0,0,3,0,1,1767,"1/1/13",9.852459016,11.69041096,NA,0
"1467","NIK","NIK-1","5/25/98","4/1/08","2/1/13","3/1/10",23,24,0,0,3,0,1,1767,"1/1/13",9.852459016,11.76712329,NA,0
"1468","NIK","NIK-1","5/25/98","4/1/08","2/1/13","4/1/10",24,25,0,0,3,0,1,1767,"1/1/13",9.852459016,11.85205479,NA,0
"1469","NIK","NIK-1","5/25/98","4/1/08","2/1/13","5/1/10",25,26,0,0,3,0,1,1767,"1/1/13",9.852459016,11.93424658,NA,0
"1470","NIK","NIK-1","5/25/98","4/1/08","2/1/13","6/1/10",26,27,0,0,3,0,1,1767,"1/1/13",9.852459016,12.01917808,NA,0
"1471","NIK","NIK-1","5/25/98","4/1/08","2/1/13","7/1/10",27,28,0,0,3,0,1,1767,"1/1/13",9.852459016,12.10136986,NA,0
"1472","NIK","NIK-1","5/25/98","4/1/08","2/1/13","8/1/10",28,29,0,0,3,0,1,1767,"1/1/13",9.852459016,12.18630137,NA,0
"1473","NIK","NIK-1","5/25/98","4/1/08","2/1/13","9/1/10",29,30,0,0,3,0,1,1767,"1/1/13",9.852459016,12.27123288,NA,0
"1474","NIK","NIK-1","5/25/98","4/1/08","2/1/13","10/1/10",30,31,0,0,3,0,1,1767,"1/1/13",9.852459016,12.35342466,NA,0
"1475","NIK","NIK-1","5/25/98","4/1/08","2/1/13","11/1/10",31,32,0,0,3,0,1,1767,"1/1/13",9.852459016,12.43835616,NA,0
"1476","NIK","NIK-1","5/25/98","4/1/08","2/1/13","12/1/10",32,33,0,0,3,0,1,1767,"1/1/13",9.852459016,12.52054795,NA,0
"1477","NIK","NIK-1","5/25/98","4/1/08","2/1/13","1/1/11",33,34,0,0,3,0,1,1767,"1/1/13",9.852459016,12.60547945,NA,0
"1478","NIK","NIK-1","5/25/98","4/1/08","2/1/13","2/1/11",34,35,0,0,3,0,1,1767,"1/1/13",9.852459016,12.69041096,NA,0
"1479","NIK","NIK-1","5/25/98","4/1/08","2/1/13","3/1/11",35,36,0,0,2,0,1,1767,"1/1/13",9.852459016,12.76712329,NA,0
"1480","NIK","NIK-1","5/25/98","4/1/08","2/1/13","4/1/11",36,37,0,0,2,0,1,1767,"1/1/13",9.852459016,12.85205479,NA,0
"1481","NIK","NIK-1","5/25/98","4/1/08","2/1/13","5/1/11",37,38,0,0,2,0,1,1767,"1/1/13",9.852459016,12.93424658,NA,0
"1482","NIK","NIK-1","5/25/98","4/1/08","2/1/13","6/1/11",38,39,0,0,2,0,1,1767,"1/1/13",9.852459016,13.01912568,NA,0
"1483","NIK","NIK-1","5/25/98","4/1/08","2/1/13","7/1/11",39,40,0,0,2,0,1,1767,"1/1/13",9.852459016,13.1010929,NA,0
"1484","NIK","NIK-1","5/25/98","4/1/08","2/1/13","8/1/11",40,41,0,0,2,0,1,1767,"1/1/13",9.852459016,13.18579235,NA,0
"1485","NIK","NIK-1","5/25/98","4/1/08","2/1/13","9/1/11",41,42,0,0,2,0,1,1767,"1/1/13",9.852459016,13.2704918,NA,0
"1486","NIK","NIK-1","5/25/98","4/1/08","2/1/13","10/1/11",42,43,0,0,2,0,1,1767,"1/1/13",9.852459016,13.35245902,NA,0
"1487","NIK","NIK-1","5/25/98","4/1/08","2/1/13","11/1/11",43,44,0,0,2,0,1,1767,"1/1/13",9.852459016,13.43715847,NA,0
"1488","NIK","NIK-1","5/25/98","4/1/08","2/1/13","12/1/11",44,45,0,0,2,0,1,1767,"1/1/13",9.852459016,13.51912568,NA,0
"1489","NIK","NIK-1","5/25/98","4/1/08","2/1/13","1/1/12",45,46,0,0,2,0,1,1767,"1/1/13",9.852459016,13.60382514,NA,0
"1490","NIK","NIK-1","5/25/98","4/1/08","2/1/13","2/1/12",46,47,0,0,2,0,1,1767,"1/1/13",9.852459016,13.68852459,NA,0
"1491","NIK","NIK-1","5/25/98","4/1/08","2/1/13","3/1/12",47,48,0,0,2,0,1,1767,"1/1/13",9.852459016,13.76775956,NA,0
"1492","NIK","NIK-1","5/25/98","4/1/08","2/1/13","4/1/12",48,49,0,0,2,0,1,1767,"1/1/13",9.852459016,13.85245902,NA,0
"1493","NIK","NIK-1","5/25/98","4/1/08","2/1/13","5/1/12",49,50,0,0,2,0,1,1767,"1/1/13",9.852459016,13.93442623,NA,0
"1494","NIK","NIK-1","5/25/98","4/1/08","2/1/13","6/1/12",50,51,0,0,2,0,1,1767,"1/1/13",9.852459016,14.01917808,NA,0
"1495","NIK","NIK-1","5/25/98","4/1/08","2/1/13","7/1/12",51,52,0,0,2,0,1,1767,"1/1/13",9.852459016,14.10136986,NA,0
"1496","NIK","NIK-1","5/25/98","4/1/08","2/1/13","8/1/12",52,53,0,0,2,0,1,1767,"1/1/13",9.852459016,14.18630137,NA,0
"1497","NIK","NIK-1","5/25/98","4/1/08","2/1/13","9/1/12",53,54,0,0,2,0,1,1767,"1/1/13",9.852459016,14.27123288,NA,0
"1498","NIK","NIK-1","5/25/98","4/1/08","2/1/13","10/1/12",54,55,0,0,2,0,1,1767,"1/1/13",9.852459016,14.35342466,NA,0
"1499","NIK","NIK-1","5/25/98","4/1/08","2/1/13","11/1/12",55,56,0,0,1,0,1,1767,"1/1/13",9.852459016,14.43835616,NA,0
"1500","NIK","NIK-1","5/25/98","4/1/08","2/1/13","12/1/12",56,57,0,0,1,0,1,1767,"1/1/13",9.852459016,14.52054795,NA,0
"1501","NIK","NIK-1","5/25/98","4/1/08","2/1/13","1/1/13",57,58,0,0,1,0,1,1767,"1/1/13",9.852459016,14.60547945,NA,0
"1502","NOH","NOH-1","4/11/03","4/1/11","7/1/16","4/1/11",0,1,0,0,6,0,0,1918,"6/1/16",7.97260274,7.97260274,NA,5
"1503","NOH","NOH-1","4/11/03","4/1/11","7/1/16","5/1/11",1,2,0,0,6,0,0,1918,"6/1/16",7.97260274,8.054644809,NA,2
"1504","NOH","NOH-1","4/11/03","4/1/11","7/1/16","6/1/11",2,3,0,0,6,0,0,1918,"6/1/16",7.97260274,8.139344262,NA,0
"1505","NOH","NOH-1","4/11/03","4/1/11","7/1/16","7/1/11",3,4,0,0,6,0,0,1918,"6/1/16",7.97260274,8.221311475,NA,0
"1506","NOH","NOH-1","4/11/03","4/1/11","7/1/16","8/1/11",4,5,0,0,7,0,0,1918,"6/1/16",7.97260274,8.306010929,NA,0
"1507","NOH","NOH-1","4/11/03","4/1/11","7/1/16","9/1/11",5,6,0,0,7,0,0,1918,"6/1/16",7.97260274,8.390710383,NA,0
"1508","NOH","NOH-1","4/11/03","4/1/11","7/1/16","10/1/11",6,7,0,0,7,0,0,1918,"6/1/16",7.97260274,8.472677596,NA,0
"1509","NOH","NOH-1","4/11/03","4/1/11","7/1/16","11/1/11",7,8,0,0,7,0,0,1918,"6/1/16",7.97260274,8.557377049,NA,0
"1510","NOH","NOH-1","4/11/03","4/1/11","7/1/16","12/1/11",8,9,0,0,7,0,0,1918,"6/1/16",7.97260274,8.639344262,NA,0
"1511","NOH","NOH-1","4/11/03","4/1/11","7/1/16","1/1/12",9,10,0,0,7,0,0,1918,"6/1/16",7.97260274,8.724043716,NA,0
"1512","NOH","NOH-1","4/11/03","4/1/11","7/1/16","2/1/12",10,11,0,0,7,0,0,1918,"6/1/16",7.97260274,8.808743169,NA,0
"1513","NOH","NOH-1","4/11/03","4/1/11","7/1/16","3/1/12",11,12,0,0,7,0,0,1918,"6/1/16",7.97260274,8.887978142,NA,0
"1514","NOH","NOH-1","4/11/03","4/1/11","7/1/16","4/1/12",12,13,0,0,7,0,0,1918,"6/1/16",7.97260274,8.972677596,NA,0
"1515","NOH","NOH-1","4/11/03","4/1/11","7/1/16","5/1/12",13,14,0,0,7,0,0,1918,"6/1/16",7.97260274,9.054794521,NA,0
"1516","NOH","NOH-1","4/11/03","4/1/11","7/1/16","6/1/12",14,15,0,0,7,0,0,1918,"6/1/16",7.97260274,9.139726027,NA,0
"1517","NOH","NOH-1","4/11/03","4/1/11","7/1/16","7/1/12",15,16,0,0,7,0,0,1918,"6/1/16",7.97260274,9.221917808,NA,0
"1518","NOH","NOH-1","4/11/03","4/1/11","7/1/16","8/1/12",16,17,0,0,7,0,0,1918,"6/1/16",7.97260274,9.306849315,NA,0
"1519","NOH","NOH-1","4/11/03","4/1/11","7/1/16","9/1/12",17,18,0,0,7,0,0,1918,"6/1/16",7.97260274,9.391780822,NA,0
"1520","NOH","NOH-1","4/11/03","4/1/11","7/1/16","10/1/12",18,19,0,0,8,0,0,1918,"6/1/16",7.97260274,9.473972603,NA,0
"1521","NOH","NOH-1","4/11/03","4/1/11","7/1/16","11/1/12",19,20,0,0,8,0,0,1918,"6/1/16",7.97260274,9.55890411,NA,0
"1522","NOH","NOH-1","4/11/03","4/1/11","7/1/16","12/1/12",20,21,0,0,8,0,0,1918,"6/1/16",7.97260274,9.64109589,NA,0
"1523","NOH","NOH-1","4/11/03","4/1/11","7/1/16","1/1/13",21,22,0,0,8,0,0,1918,"6/1/16",7.97260274,9.726027397,NA,0
"1524","NOH","NOH-1","4/11/03","4/1/11","7/1/16","2/1/13",22,23,0,0,8,0,0,1918,"6/1/16",7.97260274,9.810958904,NA,0
"1525","NOH","NOH-1","4/11/03","4/1/11","7/1/16","3/1/13",23,24,0,0,8,0,0,1918,"6/1/16",7.97260274,9.887671233,NA,0
"1526","NOH","NOH-1","4/11/03","4/1/11","7/1/16","4/1/13",24,25,0,0,8,0,0,1918,"6/1/16",7.97260274,9.97260274,NA,0
"1527","NOH","NOH-1","4/11/03","4/1/11","7/1/16","5/1/13",25,26,0,0,7,0,0,1918,"6/1/16",7.97260274,10.05479452,NA,0
"1528","NOH","NOH-1","4/11/03","4/1/11","7/1/16","6/1/13",26,27,0,0,7,0,0,1918,"6/1/16",7.97260274,10.13972603,NA,0
"1529","NOH","NOH-1","4/11/03","4/1/11","7/1/16","7/1/13",27,28,0,0,7,0,0,1918,"6/1/16",7.97260274,10.22191781,NA,0
"1530","NOH","NOH-1","4/11/03","4/1/11","7/1/16","8/1/13",28,29,0,0,7,0,0,1918,"6/1/16",7.97260274,10.30684932,NA,0
"1531","NOH","NOH-1","4/11/03","4/1/11","7/1/16","9/1/13",29,30,0,0,7,0,0,1918,"6/1/16",7.97260274,10.39178082,NA,0
"1532","NOH","NOH-1","4/11/03","4/1/11","7/1/16","10/1/13",30,31,0,0,7,0,0,1918,"6/1/16",7.97260274,10.4739726,NA,0
"1533","NOH","NOH-1","4/11/03","4/1/11","7/1/16","11/1/13",31,32,0,0,7,0,0,1918,"6/1/16",7.97260274,10.55890411,NA,0
"1534","NOH","NOH-1","4/11/03","4/1/11","7/1/16","12/1/13",32,33,0,0,7,0,0,1918,"6/1/16",7.97260274,10.64109589,NA,0
"1535","NOH","NOH-1","4/11/03","4/1/11","7/1/16","1/1/14",33,34,0,0,7,0,0,1918,"6/1/16",7.97260274,10.7260274,NA,0
"1536","NOH","NOH-1","4/11/03","4/1/11","7/1/16","2/1/14",34,35,0,0,7,0,0,1918,"6/1/16",7.97260274,10.8109589,NA,0
"1537","NOH","NOH-1","4/11/03","4/1/11","7/1/16","3/1/14",35,36,0,0,7,0,0,1918,"6/1/16",7.97260274,10.88767123,NA,0
"1538","NOH","NOH-1","4/11/03","4/1/11","7/1/16","4/1/14",36,37,0,0,7,0,0,1918,"6/1/16",7.97260274,10.97260274,NA,0
"1539","NOH","NOH-1","4/11/03","4/1/11","7/1/16","5/1/14",37,38,0,0,7,0,0,1918,"6/1/16",7.97260274,11.05479452,NA,0
"1540","NOH","NOH-1","4/11/03","4/1/11","7/1/16","6/1/14",38,39,0,0,7,0,0,1918,"6/1/16",7.97260274,11.13972603,NA,0
"1541","NOH","NOH-1","4/11/03","4/1/11","7/1/16","7/1/14",39,40,0,0,7,0,0,1918,"6/1/16",7.97260274,11.22191781,NA,0
"1542","NOH","NOH-1","4/11/03","4/1/11","7/1/16","8/1/14",40,41,0,0,7,0,0,1918,"6/1/16",7.97260274,11.30684932,NA,0
"1543","NOH","NOH-1","4/11/03","4/1/11","7/1/16","9/1/14",41,42,0,0,7,0,0,1918,"6/1/16",7.97260274,11.39178082,NA,0
"1544","NOH","NOH-1","4/11/03","4/1/11","7/1/16","10/1/14",42,43,0,0,7,0,0,1918,"6/1/16",7.97260274,11.4739726,NA,0
"1545","NOH","NOH-1","4/11/03","4/1/11","7/1/16","11/1/14",43,44,0,0,7,0,0,1918,"6/1/16",7.97260274,11.55890411,NA,0
"1546","NOH","NOH-1","4/11/03","4/1/11","7/1/16","12/1/14",44,45,0,0,7,0,0,1918,"6/1/16",7.97260274,11.64109589,NA,0
"1547","NOH","NOH-1","4/11/03","4/1/11","7/1/16","1/1/15",45,46,0,0,7,0,0,1918,"6/1/16",7.97260274,11.7260274,NA,0
"1548","NOH","NOH-1","4/11/03","4/1/11","7/1/16","2/1/15",46,47,0,0,7,0,0,1918,"6/1/16",7.97260274,11.8109589,NA,0
"1549","NOH","NOH-1","4/11/03","4/1/11","7/1/16","3/1/15",47,48,0,0,7,0,0,1918,"6/1/16",7.97260274,11.88767123,NA,0
"1550","NOH","NOH-1","4/11/03","4/1/11","7/1/16","4/1/15",48,49,0,0,7,0,0,1918,"6/1/16",7.97260274,11.97260274,NA,0
"1551","NOH","NOH-1","4/11/03","4/1/11","7/1/16","5/1/15",49,50,0,0,7,0,0,1918,"6/1/16",7.97260274,12.05464481,NA,0
"1552","NOH","NOH-1","4/11/03","4/1/11","7/1/16","6/1/15",50,51,0,0,7,0,0,1918,"6/1/16",7.97260274,12.13934426,NA,0
"1553","NOH","NOH-1","4/11/03","4/1/11","7/1/16","7/1/15",51,52,0,0,7,0,0,1918,"6/1/16",7.97260274,12.22131148,NA,0
"1554","NOH","NOH-1","4/11/03","4/1/11","7/1/16","8/1/15",52,53,0,0,7,0,0,1918,"6/1/16",7.97260274,12.30601093,NA,0
"1555","NOH","NOH-1","4/11/03","4/1/11","7/1/16","9/1/15",53,54,0,0,7,0,0,1918,"6/1/16",7.97260274,12.39071038,NA,0
"1556","NOH","NOH-1","4/11/03","4/1/11","7/1/16","10/1/15",54,55,0,0,7,0,0,1918,"6/1/16",7.97260274,12.4726776,NA,0
"1557","NOH","NOH-1","4/11/03","4/1/11","7/1/16","11/1/15",55,56,0,0,7,0,0,1918,"6/1/16",7.97260274,12.55737705,NA,0
"1558","NOH","NOH-1","4/11/03","4/1/11","7/1/16","12/1/15",56,57,0,0,7,0,0,1918,"6/1/16",7.97260274,12.63934426,NA,0
"1559","NOH","NOH-1","4/11/03","4/1/11","7/1/16","1/1/16",57,58,0,0,7,0,0,1918,"6/1/16",7.97260274,12.72404372,NA,0
"1560","NOH","NOH-1","4/11/03","4/1/11","7/1/16","2/1/16",58,59,0,0,7,0,0,1918,"6/1/16",7.97260274,12.80874317,NA,0
"1561","NOH","NOH-1","4/11/03","4/1/11","7/1/16","3/1/16",59,60,0,0,7,0,0,1918,"6/1/16",7.97260274,12.88797814,NA,0
"1562","NOH","NOH-1","4/11/03","4/1/11","7/1/16","4/1/16",60,61,0,0,7,0,0,1918,"6/1/16",7.97260274,12.9726776,NA,0
"1563","NOH","NOH-1","4/11/03","4/1/11","7/1/16","5/1/16",61,62,0,0,7,0,0,1918,"6/1/16",7.97260274,13.05479452,NA,0
"1564","NOH","NOH-1","4/11/03","4/1/11","7/1/16","6/1/16",62,63,1,0,7,0,0,1918,"6/1/16",7.97260274,13.13972603,NA,0
"1565","NYA","NYA-1","11/1/01","12/1/11","3/1/12","12/1/11",0,1,0,0,8,0,0,91,"2/1/12",10.08196721,10.08196721,NA,6
"1566","NYA","NYA-1","11/1/01","12/1/11","3/1/12","1/1/12",1,2,0,0,8,0,0,91,"2/1/12",10.08196721,10.16666667,NA,6
"1567","NYA","NYA-1","11/1/01","12/1/11","3/1/12","2/1/12",2,3,1,0,8,0,0,91,"2/1/12",10.08196721,10.25136612,NA,6
"1568","OBE","OBE-1","3/20/06","4/1/15","4/1/16","4/1/15",0,1,0,0,5,0,0,366,"3/1/16",9.032786885,9.032786885,NA,2
"1569","OBE","OBE-1","3/20/06","4/1/15","4/1/16","5/1/15",1,2,0,0,5,0,0,366,"3/1/16",9.032786885,9.114754098,NA,2
"1570","OBE","OBE-1","3/20/06","4/1/15","4/1/16","6/1/15",2,3,0,0,5,0,0,366,"3/1/16",9.032786885,9.199453552,NA,2
"1571","OBE","OBE-1","3/20/06","4/1/15","4/1/16","7/1/15",3,4,0,0,5,0,0,366,"3/1/16",9.032786885,9.281420765,NA,2
"1572","OBE","OBE-1","3/20/06","4/1/15","4/1/16","8/1/15",4,5,0,0,5,0,0,366,"3/1/16",9.032786885,9.366120219,NA,2
"1573","OBE","OBE-1","3/20/06","4/1/15","4/1/16","9/1/15",5,6,0,0,5,0,0,366,"3/1/16",9.032786885,9.450819672,NA,2
"1574","OBE","OBE-1","3/20/06","4/1/15","4/1/16","10/1/15",6,7,0,0,5,0,0,366,"3/1/16",9.032786885,9.532786885,NA,2
"1575","OBE","OBE-1","3/20/06","4/1/15","4/1/16","11/1/15",7,8,0,0,5,0,0,366,"3/1/16",9.032786885,9.617486339,NA,2
"1576","OBE","OBE-1","3/20/06","4/1/15","4/1/16","12/1/15",8,9,0,0,5,0,0,366,"3/1/16",9.032786885,9.699453552,NA,2
"1577","OBE","OBE-1","3/20/06","4/1/15","4/1/16","1/1/16",9,10,0,0,5,0,0,366,"3/1/16",9.032786885,9.784153005,NA,3
"1578","OBE","OBE-1","3/20/06","4/1/15","4/1/16","2/1/16",10,11,0,0,6,0,0,366,"3/1/16",9.032786885,9.868852459,NA,3
"1579","OBE","OBE-1","3/20/06","4/1/15","4/1/16","3/1/16",11,12,1,0,6,0,0,366,"3/1/16",9.032786885,9.948087432,NA,3
"1580","OLA","OLA-1","3/1/02","3/1/10","10/1/10","3/1/10",0,1,0,0,4,0,1,214,"9/1/10",8,8,NA,4
"1581","OLA","OLA-1","3/1/02","3/1/10","10/1/10","4/1/10",1,2,0,0,4,0,1,214,"9/1/10",8,8.084931507,NA,4
"1582","OLA","OLA-1","3/1/02","3/1/10","10/1/10","5/1/10",2,3,0,0,5,0,1,214,"9/1/10",8,8.167123288,NA,4
"1583","OLA","OLA-1","3/1/02","3/1/10","10/1/10","6/1/10",3,4,0,0,5,0,1,214,"9/1/10",8,8.252054795,NA,2
"1584","OLA","OLA-1","3/1/02","3/1/10","10/1/10","7/1/10",4,5,0,0,5,0,1,214,"9/1/10",8,8.334246575,NA,2
"1585","OLA","OLA-1","3/1/02","3/1/10","10/1/10","8/1/10",5,6,0,0,5,0,1,214,"9/1/10",8,8.419178082,NA,2
"1586","OLA","OLA-1","3/1/02","3/1/10","10/1/10","9/1/10",6,7,0,0,5,0,1,214,"9/1/10",8,8.504109589,NA,2
"1587","OPT","OPT-1","4/19/01","3/1/10","3/1/12","3/1/10",0,1,0,0,8,0,0,731,"2/1/12",8.865753425,8.865753425,NA,5
"1588","OPT","OPT-1","4/19/01","3/1/10","3/1/12","4/1/10",1,2,0,0,8,0,0,731,"2/1/12",8.865753425,8.950684932,NA,7
"1589","OPT","OPT-1","4/19/01","3/1/10","3/1/12","5/1/10",2,3,0,0,9,0,0,731,"2/1/12",8.865753425,9.032876712,NA,7
"1590","OPT","OPT-1","4/19/01","3/1/10","3/1/12","6/1/10",3,4,0,0,9,0,0,731,"2/1/12",8.865753425,9.117808219,NA,6
"1591","OPT","OPT-1","4/19/01","3/1/10","3/1/12","7/1/10",4,5,0,0,8,0,0,731,"2/1/12",8.865753425,9.2,NA,6
"1592","OPT","OPT-1","4/19/01","3/1/10","3/1/12","8/1/10",5,6,0,0,8,0,0,731,"2/1/12",8.865753425,9.284931507,NA,6
"1593","OPT","OPT-1","4/19/01","3/1/10","3/1/12","9/1/10",6,7,0,0,8,0,0,731,"2/1/12",8.865753425,9.369863014,NA,6
"1594","OPT","OPT-1","4/19/01","3/1/10","3/1/12","10/1/10",7,8,0,0,8,0,0,731,"2/1/12",8.865753425,9.452054795,NA,6
"1595","OPT","OPT-1","4/19/01","3/1/10","3/1/12","11/1/10",8,9,0,0,8,0,0,731,"2/1/12",8.865753425,9.536986301,NA,5
"1596","OPT","OPT-1","4/19/01","3/1/10","3/1/12","12/1/10",9,10,0,0,8,0,0,731,"2/1/12",8.865753425,9.619178082,NA,5
"1597","OPT","OPT-1","4/19/01","3/1/10","3/1/12","1/1/11",10,11,0,0,8,0,0,731,"2/1/12",8.865753425,9.704109589,NA,5
"1598","OPT","OPT-1","4/19/01","3/1/10","3/1/12","2/1/11",11,12,0,0,8,0,0,731,"2/1/12",8.865753425,9.789041096,NA,4
"1599","OPT","OPT-1","4/19/01","3/1/10","3/1/12","3/1/11",12,13,0,0,8,0,0,731,"2/1/12",8.865753425,9.865753425,NA,4
"1600","OPT","OPT-1","4/19/01","3/1/10","3/1/12","4/1/11",13,14,0,0,8,0,0,731,"2/1/12",8.865753425,9.950684932,NA,4
"1601","OPT","OPT-1","4/19/01","3/1/10","3/1/12","5/1/11",14,15,0,0,8,0,0,731,"2/1/12",8.865753425,10.03278689,NA,4
"1602","OPT","OPT-1","4/19/01","3/1/10","3/1/12","6/1/11",15,16,0,0,8,0,0,731,"2/1/12",8.865753425,10.11748634,NA,3
"1603","OPT","OPT-1","4/19/01","3/1/10","3/1/12","7/1/11",16,17,0,0,9,0,0,731,"2/1/12",8.865753425,10.19945355,NA,3
"1604","OPT","OPT-1","4/19/01","3/1/10","3/1/12","8/1/11",17,18,0,0,9,0,0,731,"2/1/12",8.865753425,10.28415301,NA,3
"1605","OPT","OPT-1","4/19/01","3/1/10","3/1/12","9/1/11",18,19,0,0,9,0,0,731,"2/1/12",8.865753425,10.36885246,NA,3
"1606","OPT","OPT-1","4/19/01","3/1/10","3/1/12","10/1/11",19,20,0,0,10,0,0,731,"2/1/12",8.865753425,10.45081967,NA,3
"1607","OPT","OPT-1","4/19/01","3/1/10","3/1/12","11/1/11",20,21,0,0,10,0,0,731,"2/1/12",8.865753425,10.53551913,NA,3
"1608","OPT","OPT-1","4/19/01","3/1/10","3/1/12","12/1/11",21,22,0,0,10,0,0,731,"2/1/12",8.865753425,10.61748634,NA,1
"1609","OPT","OPT-1","4/19/01","3/1/10","3/1/12","1/1/12",22,23,0,0,10,0,0,731,"2/1/12",8.865753425,10.70218579,NA,0
"1610","OPT","OPT-1","4/19/01","3/1/10","3/1/12","2/1/12",23,24,1,0,10,0,0,731,"2/1/12",8.865753425,10.78688525,NA,0
"1611","ORI","ORI-1","1/3/97","1/1/06","2/1/08","1/1/06",0,1,0,0,7,1,0,761,"1/1/08",8.994520548,8.994520548,NA,1
"1612","ORI","ORI-1","1/3/97","1/1/06","2/1/08","2/1/06",1,2,0,0,7,1,0,761,"1/1/08",8.994520548,9.079452055,NA,1
"1613","ORI","ORI-1","1/3/97","1/1/06","2/1/08","3/1/06",2,3,0,0,7,1,0,761,"1/1/08",8.994520548,9.156164384,NA,1
"1614","ORI","ORI-1","1/3/97","1/1/06","2/1/08","4/1/06",3,4,0,0,7,1,0,761,"1/1/08",8.994520548,9.24109589,NA,1
"1615","ORI","ORI-1","1/3/97","1/1/06","2/1/08","5/1/06",4,5,0,0,7,1,0,761,"1/1/08",8.994520548,9.323287671,NA,1
"1616","ORI","ORI-1","1/3/97","1/1/06","2/1/08","6/1/06",5,6,0,0,7,1,0,761,"1/1/08",8.994520548,9.408219178,NA,1
"1617","ORI","ORI-1","1/3/97","1/1/06","2/1/08","7/1/06",6,7,0,0,7,1,0,761,"1/1/08",8.994520548,9.490410959,NA,1
"1618","ORI","ORI-1","1/3/97","1/1/06","2/1/08","8/1/06",7,8,0,0,7,1,0,761,"1/1/08",8.994520548,9.575342466,NA,1
"1619","ORI","ORI-1","1/3/97","1/1/06","2/1/08","9/1/06",8,9,0,0,7,1,0,761,"1/1/08",8.994520548,9.660273973,NA,1
"1620","ORI","ORI-1","1/3/97","1/1/06","2/1/08","10/1/06",9,10,0,0,6,1,0,761,"1/1/08",8.994520548,9.742465753,NA,1
"1621","ORI","ORI-1","1/3/97","1/1/06","2/1/08","11/1/06",10,11,0,0,6,1,0,761,"1/1/08",8.994520548,9.82739726,NA,1
"1622","ORI","ORI-1","1/3/97","1/1/06","2/1/08","12/1/06",11,12,0,0,6,1,0,761,"1/1/08",8.994520548,9.909589041,NA,1
"1623","ORI","ORI-1","1/3/97","1/1/06","2/1/08","1/1/07",12,13,0,0,6,1,0,761,"1/1/08",8.994520548,9.994520548,NA,1
"1624","ORI","ORI-1","1/3/97","1/1/06","2/1/08","2/1/07",13,14,0,0,6,1,0,761,"1/1/08",8.994520548,10.07945205,NA,1
"1625","ORI","ORI-1","1/3/97","1/1/06","2/1/08","3/1/07",14,15,0,0,7,1,0,761,"1/1/08",8.994520548,10.15616438,NA,1
"1626","ORI","ORI-1","1/3/97","1/1/06","2/1/08","4/1/07",15,16,0,0,7,1,0,761,"1/1/08",8.994520548,10.24109589,NA,1
"1627","ORI","ORI-1","1/3/97","1/1/06","2/1/08","5/1/07",16,17,0,0,8,1,0,761,"1/1/08",8.994520548,10.32328767,NA,1
"1628","ORI","ORI-1","1/3/97","1/1/06","2/1/08","6/1/07",17,18,0,0,9,1,0,761,"1/1/08",8.994520548,10.40821918,NA,1
"1629","ORI","ORI-1","1/3/97","1/1/06","2/1/08","7/1/07",18,19,0,0,9,1,0,761,"1/1/08",8.994520548,10.49041096,NA,1
"1630","ORI","ORI-1","1/3/97","1/1/06","2/1/08","8/1/07",19,20,0,0,9,1,0,761,"1/1/08",8.994520548,10.57534247,NA,1
"1631","ORI","ORI-1","1/3/97","1/1/06","2/1/08","9/1/07",20,21,0,0,9,1,0,761,"1/1/08",8.994520548,10.66027397,NA,1
"1632","ORI","ORI-1","1/3/97","1/1/06","2/1/08","10/1/07",21,22,0,0,9,1,0,761,"1/1/08",8.994520548,10.74246575,NA,1
"1633","ORI","ORI-1","1/3/97","1/1/06","2/1/08","11/1/07",22,23,0,0,9,1,0,761,"1/1/08",8.994520548,10.82739726,NA,1
"1634","ORI","ORI-1","1/3/97","1/1/06","2/1/08","12/1/07",23,24,0,0,9,1,0,761,"1/1/08",8.994520548,10.90958904,NA,1
"1635","ORI","ORI-1","1/3/97","1/1/06","2/1/08","1/1/08",24,25,1,0,9,1,0,761,"1/1/08",8.994520548,10.99452055,NA,4
"1636","OSC","OSC-1","4/30/03","9/1/11","7/1/13","9/1/11",0,1,0,0,10,0,0,669,"6/1/13",8.338797814,8.338797814,NA,2
"1637","OSC","OSC-1","4/30/03","9/1/11","7/1/13","10/1/11",1,2,0,0,11,0,0,669,"6/1/13",8.338797814,8.420765027,NA,2
"1638","OSC","OSC-1","4/30/03","9/1/11","7/1/13","11/1/11",2,3,0,0,3,0,0,669,"6/1/13",8.338797814,8.505464481,NA,0
"1639","OSC","OSC-1","4/30/03","9/1/11","7/1/13","12/1/11",3,4,0,0,3,0,0,669,"6/1/13",8.338797814,8.587431694,NA,0
"1640","OSC","OSC-1","4/30/03","9/1/11","7/1/13","1/1/12",4,5,0,0,3,0,0,669,"6/1/13",8.338797814,8.672131148,NA,0
"1641","OSC","OSC-1","4/30/03","9/1/11","7/1/13","2/1/12",5,6,0,0,3,0,0,669,"6/1/13",8.338797814,8.756830601,NA,0
"1642","OSC","OSC-1","4/30/03","9/1/11","7/1/13","3/1/12",6,7,0,0,3,0,0,669,"6/1/13",8.338797814,8.836065574,NA,0
"1643","OSC","OSC-1","4/30/03","9/1/11","7/1/13","4/1/12",7,8,0,0,3,0,0,669,"6/1/13",8.338797814,8.920765027,NA,0
"1644","OSC","OSC-1","4/30/03","9/1/11","7/1/13","5/1/12",8,9,0,0,3,0,0,669,"6/1/13",8.338797814,9.002739726,NA,0
"1645","OSC","OSC-1","4/30/03","9/1/11","7/1/13","6/1/12",9,10,0,0,3,0,0,669,"6/1/13",8.338797814,9.087671233,NA,0
"1646","OSC","OSC-1","4/30/03","9/1/11","7/1/13","7/1/12",10,11,0,0,3,0,0,669,"6/1/13",8.338797814,9.169863014,NA,0
"1647","OSC","OSC-1","4/30/03","9/1/11","7/1/13","8/1/12",11,12,0,0,3,0,0,669,"6/1/13",8.338797814,9.254794521,NA,0
"1648","OSC","OSC-1","4/30/03","9/1/11","7/1/13","9/1/12",12,13,0,0,3,0,0,669,"6/1/13",8.338797814,9.339726027,NA,0
"1649","OSC","OSC-1","4/30/03","9/1/11","7/1/13","10/1/12",13,14,0,0,3,0,0,669,"6/1/13",8.338797814,9.421917808,NA,0
"1650","OSC","OSC-1","4/30/03","9/1/11","7/1/13","11/1/12",14,15,0,0,3,0,0,669,"6/1/13",8.338797814,9.506849315,NA,0
"1651","OSC","OSC-1","4/30/03","9/1/11","7/1/13","12/1/12",15,16,0,0,3,0,0,669,"6/1/13",8.338797814,9.589041096,NA,0
"1652","OSC","OSC-1","4/30/03","9/1/11","7/1/13","1/1/13",16,17,0,0,3,0,0,669,"6/1/13",8.338797814,9.673972603,NA,0
"1653","OSC","OSC-1","4/30/03","9/1/11","7/1/13","2/1/13",17,18,0,0,3,0,0,669,"6/1/13",8.338797814,9.75890411,NA,0
"1654","OSC","OSC-1","4/30/03","9/1/11","7/1/13","3/1/13",18,19,0,0,10,0,0,669,"6/1/13",8.338797814,9.835616438,NA,1
"1655","OSC","OSC-1","4/30/03","9/1/11","7/1/13","4/1/13",19,20,0,0,10,0,0,669,"6/1/13",8.338797814,9.920547945,NA,1
"1656","OSC","OSC-1","4/30/03","9/1/11","7/1/13","5/1/13",20,21,0,0,3,0,0,669,"6/1/13",8.338797814,10.00273973,NA,0
"1657","OSC","OSC-1","4/30/03","9/1/11","7/1/13","6/1/13",21,22,1,0,3,0,0,669,"6/1/13",8.338797814,10.08767123,NA,0
"1658","OTA","OTA-1","4/15/04","12/1/12","4/1/13","12/1/12",0,1,0,0,3,0,0,121,"3/1/13",8.630136986,8.630136986,NA,2
"1659","OTA","OTA-1","4/15/04","12/1/12","4/1/13","1/1/13",1,2,0,0,3,0,0,121,"3/1/13",8.630136986,8.715068493,NA,2
"1660","OTA","OTA-1","4/15/04","12/1/12","4/1/13","2/1/13",2,3,0,0,3,0,0,121,"3/1/13",8.630136986,8.8,NA,2
"1661","OTA","OTA-1","4/15/04","12/1/12","4/1/13","3/1/13",3,4,1,0,3,0,0,121,"3/1/13",8.630136986,8.876712329,NA,4
"1662","PAO","PAO-1","7/14/07","7/1/16","8/1/22","7/1/16",0,1,0,0,7,0,0,2222,"7/1/22",8.964480874,8.964480874,NA,2
"1663","PAO","PAO-1","7/14/07","7/1/16","8/1/22","8/1/16",1,2,0,0,8,0,0,2222,"7/1/22",8.964480874,9.049315068,NA,4
"1664","PAO","PAO-1","7/14/07","7/1/16","8/1/22","9/1/16",2,3,0,0,8,0,0,2222,"7/1/22",8.964480874,9.134246575,NA,4
"1665","PAO","PAO-1","7/14/07","7/1/16","8/1/22","10/1/16",3,4,0,0,8,0,0,2222,"7/1/22",8.964480874,9.216438356,NA,2
"1666","PAO","PAO-1","7/14/07","7/1/16","8/1/22","11/1/16",4,5,0,0,8,0,0,2222,"7/1/22",8.964480874,9.301369863,NA,2
"1667","PAO","PAO-1","7/14/07","7/1/16","8/1/22","12/1/16",5,6,0,0,8,0,0,2222,"7/1/22",8.964480874,9.383561644,NA,2
"1668","PAO","PAO-1","7/14/07","7/1/16","8/1/22","1/1/17",6,7,0,0,8,0,0,2222,"7/1/22",8.964480874,9.468493151,NA,2
"1669","PAO","PAO-1","7/14/07","7/1/16","8/1/22","2/1/17",7,8,0,0,8,0,0,2222,"7/1/22",8.964480874,9.553424658,NA,2
"1670","PAO","PAO-1","7/14/07","7/1/16","8/1/22","3/1/17",8,9,0,0,8,0,0,2222,"7/1/22",8.964480874,9.630136986,NA,2
"1671","PAO","PAO-1","7/14/07","7/1/16","8/1/22","4/1/17",9,10,0,0,8,0,0,2222,"7/1/22",8.964480874,9.715068493,NA,2
"1672","PAO","PAO-1","7/14/07","7/1/16","8/1/22","5/1/17",10,11,0,0,8,0,0,2222,"7/1/22",8.964480874,9.797260274,NA,2
"1673","PAO","PAO-1","7/14/07","7/1/16","8/1/22","6/1/17",11,12,0,0,7,0,0,2222,"7/1/22",8.964480874,9.882191781,NA,2
"1674","PAO","PAO-1","7/14/07","7/1/16","8/1/22","7/1/17",12,13,0,0,6,0,0,2222,"7/1/22",8.964480874,9.964383562,NA,2
"1675","PAO","PAO-1","7/14/07","7/1/16","8/1/22","8/1/17",13,14,0,0,6,0,0,2222,"7/1/22",8.964480874,10.04931507,NA,2
"1676","PAO","PAO-1","7/14/07","7/1/16","8/1/22","9/1/17",14,15,0,0,6,0,0,2222,"7/1/22",8.964480874,10.13424658,NA,2
"1677","PAO","PAO-1","7/14/07","7/1/16","8/1/22","10/1/17",15,16,0,0,6,0,0,2222,"7/1/22",8.964480874,10.21643836,NA,1
"1678","PAO","PAO-1","7/14/07","7/1/16","8/1/22","11/1/17",16,17,0,0,6,0,0,2222,"7/1/22",8.964480874,10.30136986,NA,1
"1679","PAO","PAO-1","7/14/07","7/1/16","8/1/22","12/1/17",17,18,0,0,6,0,0,2222,"7/1/22",8.964480874,10.38356164,NA,1
"1680","PAO","PAO-1","7/14/07","7/1/16","8/1/22","1/1/18",18,19,0,0,6,0,0,2222,"7/1/22",8.964480874,10.46849315,NA,1
"1681","PAO","PAO-1","7/14/07","7/1/16","8/1/22","2/1/18",19,20,0,0,6,0,0,2222,"7/1/22",8.964480874,10.55342466,NA,1
"1682","PAO","PAO-1","7/14/07","7/1/16","8/1/22","3/1/18",20,21,0,0,6,0,0,2222,"7/1/22",8.964480874,10.63013699,NA,1
"1683","PAO","PAO-1","7/14/07","7/1/16","8/1/22","4/1/18",21,22,0,0,6,0,0,2222,"7/1/22",8.964480874,10.71506849,NA,1
"1684","PAO","PAO-1","7/14/07","7/1/16","8/1/22","5/1/18",22,23,0,0,6,0,0,2222,"7/1/22",8.964480874,10.79726027,NA,1
"1685","PAO","PAO-1","7/14/07","7/1/16","8/1/22","6/1/18",23,24,0,0,6,0,0,2222,"7/1/22",8.964480874,10.88219178,NA,1
"1686","PAO","PAO-1","7/14/07","7/1/16","8/1/22","7/1/18",24,25,0,0,6,0,0,2222,"7/1/22",8.964480874,10.96438356,NA,1
"1687","PAO","PAO-1","7/14/07","7/1/16","8/1/22","8/1/18",25,26,0,0,6,0,0,2222,"7/1/22",8.964480874,11.04931507,NA,0
"1688","PAO","PAO-1","7/14/07","7/1/16","8/1/22","9/1/18",26,27,0,0,6,0,0,2222,"7/1/22",8.964480874,11.13424658,NA,0
"1689","PAO","PAO-1","7/14/07","7/1/16","8/1/22","10/1/18",27,28,0,0,6,0,0,2222,"7/1/22",8.964480874,11.21643836,NA,0
"1690","PAO","PAO-1","7/14/07","7/1/16","8/1/22","11/1/18",28,29,0,0,6,0,0,2222,"7/1/22",8.964480874,11.30136986,NA,0
"1691","PAO","PAO-1","7/14/07","7/1/16","8/1/22","12/1/18",29,30,0,0,6,0,0,2222,"7/1/22",8.964480874,11.38356164,NA,0
"1692","PAO","PAO-1","7/14/07","7/1/16","8/1/22","1/1/19",30,31,0,0,6,0,0,2222,"7/1/22",8.964480874,11.46849315,NA,0
"1693","PAO","PAO-1","7/14/07","7/1/16","8/1/22","2/1/19",31,32,0,0,6,0,0,2222,"7/1/22",8.964480874,11.55342466,NA,0
"1694","PAO","PAO-1","7/14/07","7/1/16","8/1/22","3/1/19",32,33,0,0,6,0,0,2222,"7/1/22",8.964480874,11.63013699,NA,0
"1695","PAO","PAO-1","7/14/07","7/1/16","8/1/22","4/1/19",33,34,0,0,6,0,0,2222,"7/1/22",8.964480874,11.71506849,NA,0
"1696","PAO","PAO-1","7/14/07","7/1/16","8/1/22","5/1/19",34,35,0,0,6,0,0,2222,"7/1/22",8.964480874,11.79726027,NA,0
"1697","PAO","PAO-1","7/14/07","7/1/16","8/1/22","6/1/19",35,36,0,0,7,0,0,2222,"7/1/22",8.964480874,11.88219178,NA,0
"1698","PAO","PAO-1","7/14/07","7/1/16","8/1/22","7/1/19",36,37,0,0,8,0,0,2222,"7/1/22",8.964480874,11.96438356,NA,0
"1699","PAO","PAO-1","7/14/07","7/1/16","8/1/22","8/1/19",37,38,0,0,8,0,0,2222,"7/1/22",8.964480874,12.04918033,NA,0
"1700","PAO","PAO-1","7/14/07","7/1/16","8/1/22","9/1/19",38,39,0,0,8,0,0,2222,"7/1/22",8.964480874,12.13387978,NA,0
"1701","PAO","PAO-1","7/14/07","7/1/16","8/1/22","10/1/19",39,40,0,0,8,0,0,2222,"7/1/22",8.964480874,12.21584699,NA,0
"1702","PAO","PAO-1","7/14/07","7/1/16","8/1/22","11/1/19",40,41,0,0,8,0,0,2222,"7/1/22",8.964480874,12.30054645,NA,0
"1703","PAO","PAO-1","7/14/07","7/1/16","8/1/22","12/1/19",41,42,0,0,8,0,0,2222,"7/1/22",8.964480874,12.38251366,NA,0
"1704","PAO","PAO-1","7/14/07","7/1/16","8/1/22","1/1/20",42,43,0,0,8,0,0,2222,"7/1/22",8.964480874,12.46721311,NA,0
"1705","PAO","PAO-1","7/14/07","7/1/16","8/1/22","2/1/20",43,44,0,0,8,0,0,2222,"7/1/22",8.964480874,12.55191257,NA,0
"1706","PAO","PAO-1","7/14/07","7/1/16","8/1/22","3/1/20",44,45,0,0,8,0,0,2222,"7/1/22",8.964480874,12.63114754,NA,0
"1707","PAO","PAO-1","7/14/07","7/1/16","8/1/22","4/1/20",45,46,0,0,8,0,0,2222,"7/1/22",8.964480874,12.71584699,NA,0
"1708","PAO","PAO-1","7/14/07","7/1/16","8/1/22","5/1/20",46,47,0,0,8,0,0,2222,"7/1/22",8.964480874,12.79781421,NA,0
"1709","PAO","PAO-1","7/14/07","7/1/16","8/1/22","6/1/20",47,48,0,0,8,0,0,2222,"7/1/22",8.964480874,12.88251366,NA,0
"1710","PAO","PAO-1","7/14/07","7/1/16","8/1/22","7/1/20",48,49,0,0,8,0,0,2222,"7/1/22",8.964480874,12.96448087,NA,0
"1711","PAO","PAO-1","7/14/07","7/1/16","8/1/22","8/1/20",49,50,0,0,8,0,0,2222,"7/1/22",8.964480874,13.04931507,NA,0
"1712","PAO","PAO-1","7/14/07","7/1/16","8/1/22","9/1/20",50,51,0,0,8,0,0,2222,"7/1/22",8.964480874,13.13424658,NA,0
"1713","PAO","PAO-1","7/14/07","7/1/16","8/1/22","10/1/20",51,52,0,0,11,0,0,2222,"7/1/22",8.964480874,13.21643836,NA,0
"1714","PAO","PAO-1","7/14/07","7/1/16","8/1/22","11/1/20",52,53,0,0,11,0,0,2222,"7/1/22",8.964480874,13.30136986,NA,0
"1715","PAO","PAO-1","7/14/07","7/1/16","8/1/22","12/1/20",53,54,0,0,11,0,0,2222,"7/1/22",8.964480874,13.38356164,NA,0
"1716","PAO","PAO-1","7/14/07","7/1/16","8/1/22","1/1/21",54,55,0,0,11,0,0,2222,"7/1/22",8.964480874,13.46849315,NA,0
"1717","PAO","PAO-1","7/14/07","7/1/16","8/1/22","2/1/21",55,56,0,0,11,0,0,2222,"7/1/22",8.964480874,13.55342466,NA,0
"1718","PAO","PAO-1","7/14/07","7/1/16","8/1/22","3/1/21",56,57,0,0,11,0,0,2222,"7/1/22",8.964480874,13.63013699,NA,0
"1719","PAO","PAO-1","7/14/07","7/1/16","8/1/22","4/1/21",57,58,0,0,11,0,0,2222,"7/1/22",8.964480874,13.71506849,NA,0
"1720","PAO","PAO-1","7/14/07","7/1/16","8/1/22","5/1/21",58,59,0,0,11,0,0,2222,"7/1/22",8.964480874,13.79726027,NA,0
"1721","PAO","PAO-1","7/14/07","7/1/16","8/1/22","6/1/21",59,60,0,0,11,0,0,2222,"7/1/22",8.964480874,13.88219178,NA,0
"1722","PAO","PAO-1","7/14/07","7/1/16","8/1/22","7/1/21",60,61,0,0,11,0,0,2222,"7/1/22",8.964480874,13.96438356,NA,0
"1723","PAO","PAO-1","7/14/07","7/1/16","8/1/22","8/1/21",61,62,0,0,10,0,0,2222,"7/1/22",8.964480874,14.04931507,NA,0
"1724","PAO","PAO-1","7/14/07","7/1/16","8/1/22","9/1/21",62,63,0,0,10,0,0,2222,"7/1/22",8.964480874,14.13424658,NA,0
"1725","PAO","PAO-1","7/14/07","7/1/16","8/1/22","10/1/21",63,64,0,0,10,0,0,2222,"7/1/22",8.964480874,14.21643836,NA,0
"1726","PAO","PAO-1","7/14/07","7/1/16","8/1/22","11/1/21",64,65,0,0,10,0,0,2222,"7/1/22",8.964480874,14.30136986,NA,0
"1727","PAO","PAO-1","7/14/07","7/1/16","8/1/22","12/1/21",65,66,0,0,10,0,0,2222,"7/1/22",8.964480874,14.38356164,NA,0
"1728","PAO","PAO-1","7/14/07","7/1/16","8/1/22","1/1/22",66,67,0,0,10,0,0,2222,"7/1/22",8.964480874,14.46849315,NA,0
"1729","PAO","PAO-1","7/14/07","7/1/16","8/1/22","2/1/22",67,68,0,0,10,0,0,2222,"7/1/22",8.964480874,14.55342466,NA,0
"1730","PAO","PAO-1","7/14/07","7/1/16","8/1/22","3/1/22",68,69,0,0,10,0,0,2222,"7/1/22",8.964480874,14.63013699,NA,0
"1731","PAO","PAO-1","7/14/07","7/1/16","8/1/22","4/1/22",69,70,0,0,10,0,0,2222,"7/1/22",8.964480874,14.71506849,NA,0
"1732","PAO","PAO-1","7/14/07","7/1/16","8/1/22","5/1/22",70,71,0,0,10,0,0,2222,"7/1/22",8.964480874,14.79726027,NA,0
"1733","PAO","PAO-1","7/14/07","7/1/16","8/1/22","6/1/22",71,72,0,0,10,0,0,2222,"7/1/22",8.964480874,14.88219178,NA,0
"1734","PAO","PAO-1","7/14/07","7/1/16","8/1/22","7/1/22",72,73,1,0,10,0,0,2222,"7/1/22",8.964480874,14.96438356,NA,0
"1735","PEE","PEE-1","1/31/09","8/1/18","12/1/18","8/1/18",0,1,0,0,8,0,0,122,"11/1/18",9.498630137,9.498630137,NA,2
"1736","PEE","PEE-1","1/31/09","8/1/18","12/1/18","9/1/18",1,2,0,0,4,0,0,122,"11/1/18",9.498630137,9.583561644,NA,0
"1737","PEE","PEE-1","1/31/09","8/1/18","12/1/18","10/1/18",2,3,0,0,4,0,0,122,"11/1/18",9.498630137,9.665753425,NA,0
"1738","PEE","PEE-1","1/31/09","8/1/18","12/1/18","11/1/18",3,4,1,0,4,0,0,122,"11/1/18",9.498630137,9.750684932,NA,0
"1739","POL","POL-1","3/25/05","4/1/16","7/1/21","4/1/16",0,1,0,0,6,0,1,1917,"6/1/21",11.01917808,11.01917808,NA,2
"1740","POL","POL-1","3/25/05","4/1/16","7/1/21","5/1/16",1,2,0,0,6,0,1,1917,"6/1/21",11.01917808,11.10136986,NA,2
"1741","POL","POL-1","3/25/05","4/1/16","7/1/21","6/1/16",2,3,0,0,6,0,1,1917,"6/1/21",11.01917808,11.18630137,NA,2
"1742","POL","POL-1","3/25/05","4/1/16","7/1/21","7/1/16",3,4,0,0,6,0,1,1917,"6/1/21",11.01917808,11.26849315,NA,2
"1743","POL","POL-1","3/25/05","4/1/16","7/1/21","8/1/16",4,5,0,0,6,0,1,1917,"6/1/21",11.01917808,11.35342466,NA,2
"1744","POL","POL-1","3/25/05","4/1/16","7/1/21","9/1/16",5,6,0,0,6,0,1,1917,"6/1/21",11.01917808,11.43835616,NA,2
"1745","POL","POL-1","3/25/05","4/1/16","7/1/21","10/1/16",6,7,0,0,6,0,1,1917,"6/1/21",11.01917808,11.52054795,NA,2
"1746","POL","POL-1","3/25/05","4/1/16","7/1/21","11/1/16",7,8,0,0,6,0,1,1917,"6/1/21",11.01917808,11.60547945,NA,2
"1747","POL","POL-1","3/25/05","4/1/16","7/1/21","12/1/16",8,9,0,0,6,0,1,1917,"6/1/21",11.01917808,11.68767123,NA,2
"1748","POL","POL-1","3/25/05","4/1/16","7/1/21","1/1/17",9,10,0,0,6,0,1,1917,"6/1/21",11.01917808,11.77260274,NA,2
"1749","POL","POL-1","3/25/05","4/1/16","7/1/21","2/1/17",10,11,0,0,7,0,1,1917,"6/1/21",11.01917808,11.85753425,NA,2
"1750","POL","POL-1","3/25/05","4/1/16","7/1/21","3/1/17",11,12,0,0,7,0,1,1917,"6/1/21",11.01917808,11.93424658,NA,2
"1751","POL","POL-1","3/25/05","4/1/16","7/1/21","4/1/17",12,13,0,0,7,0,1,1917,"6/1/21",11.01917808,12.01917808,NA,2
"1752","POL","POL-1","3/25/05","4/1/16","7/1/21","5/1/17",13,14,0,0,7,0,1,1917,"6/1/21",11.01917808,12.10136986,NA,2
"1753","POL","POL-1","3/25/05","4/1/16","7/1/21","6/1/17",14,15,0,0,7,0,1,1917,"6/1/21",11.01917808,12.18630137,NA,2
"1754","POL","POL-1","3/25/05","4/1/16","7/1/21","7/1/17",15,16,0,0,7,0,1,1917,"6/1/21",11.01917808,12.26849315,NA,2
"1755","POL","POL-1","3/25/05","4/1/16","7/1/21","8/1/17",16,17,0,0,7,0,1,1917,"6/1/21",11.01917808,12.35342466,NA,2
"1756","POL","POL-1","3/25/05","4/1/16","7/1/21","9/1/17",17,18,0,0,7,0,1,1917,"6/1/21",11.01917808,12.43835616,NA,2
"1757","POL","POL-1","3/25/05","4/1/16","7/1/21","10/1/17",18,19,0,0,7,0,1,1917,"6/1/21",11.01917808,12.52054795,NA,2
"1758","POL","POL-1","3/25/05","4/1/16","7/1/21","11/1/17",19,20,0,0,7,0,1,1917,"6/1/21",11.01917808,12.60547945,NA,2
"1759","POL","POL-1","3/25/05","4/1/16","7/1/21","12/1/17",20,21,0,0,7,0,1,1917,"6/1/21",11.01917808,12.68767123,NA,2
"1760","POL","POL-1","3/25/05","4/1/16","7/1/21","1/1/18",21,22,0,0,7,0,1,1917,"6/1/21",11.01917808,12.77260274,NA,2
"1761","POL","POL-1","3/25/05","4/1/16","7/1/21","2/1/18",22,23,0,0,6,0,1,1917,"6/1/21",11.01917808,12.85753425,NA,2
"1762","POL","POL-1","3/25/05","4/1/16","7/1/21","3/1/18",23,24,0,0,6,0,1,1917,"6/1/21",11.01917808,12.93424658,NA,2
"1763","POL","POL-1","3/25/05","4/1/16","7/1/21","4/1/18",24,25,0,0,6,0,1,1917,"6/1/21",11.01917808,13.01917808,NA,2
"1764","POL","POL-1","3/25/05","4/1/16","7/1/21","5/1/18",25,26,0,0,6,0,1,1917,"6/1/21",11.01917808,13.10136986,NA,2
"1765","POL","POL-1","3/25/05","4/1/16","7/1/21","6/1/18",26,27,0,0,6,0,1,1917,"6/1/21",11.01917808,13.18630137,NA,2
"1766","POL","POL-1","3/25/05","4/1/16","7/1/21","7/1/18",27,28,0,0,6,0,1,1917,"6/1/21",11.01917808,13.26849315,NA,2
"1767","POL","POL-1","3/25/05","4/1/16","7/1/21","8/1/18",28,29,0,0,6,0,1,1917,"6/1/21",11.01917808,13.35342466,NA,0
"1768","POL","POL-1","3/25/05","4/1/16","7/1/21","9/1/18",29,30,0,0,6,0,1,1917,"6/1/21",11.01917808,13.43835616,NA,0
"1769","POL","POL-1","3/25/05","4/1/16","7/1/21","10/1/18",30,31,0,0,6,0,1,1917,"6/1/21",11.01917808,13.52054795,NA,0
"1770","POL","POL-1","3/25/05","4/1/16","7/1/21","11/1/18",31,32,0,0,6,0,1,1917,"6/1/21",11.01917808,13.60547945,NA,0
"1771","POL","POL-1","3/25/05","4/1/16","7/1/21","12/1/18",32,33,0,0,6,0,1,1917,"6/1/21",11.01917808,13.68767123,NA,0
"1772","POL","POL-1","3/25/05","4/1/16","7/1/21","1/1/19",33,34,0,0,6,0,1,1917,"6/1/21",11.01917808,13.77260274,NA,0
"1773","POL","POL-1","3/25/05","4/1/16","7/1/21","2/1/19",34,35,0,0,6,0,1,1917,"6/1/21",11.01917808,13.85753425,NA,0
"1774","POL","POL-1","3/25/05","4/1/16","7/1/21","3/1/19",35,36,0,0,6,0,1,1917,"6/1/21",11.01917808,13.93424658,NA,0
"1775","POL","POL-1","3/25/05","4/1/16","7/1/21","4/1/19",36,37,0,0,6,0,1,1917,"6/1/21",11.01917808,14.01912568,NA,0
"1776","POL","POL-1","3/25/05","4/1/16","7/1/21","5/1/19",37,38,0,0,6,0,1,1917,"6/1/21",11.01917808,14.1010929,NA,0
"1777","POL","POL-1","3/25/05","4/1/16","7/1/21","6/1/19",38,39,0,0,6,0,1,1917,"6/1/21",11.01917808,14.18579235,NA,0
"1778","POL","POL-1","3/25/05","4/1/16","7/1/21","7/1/19",39,40,0,0,6,0,1,1917,"6/1/21",11.01917808,14.26775956,NA,0
"1779","POL","POL-1","3/25/05","4/1/16","7/1/21","8/1/19",40,41,0,0,6,0,1,1917,"6/1/21",11.01917808,14.35245902,NA,0
"1780","POL","POL-1","3/25/05","4/1/16","7/1/21","9/1/19",41,42,0,0,6,0,1,1917,"6/1/21",11.01917808,14.43715847,NA,0
"1781","POL","POL-1","3/25/05","4/1/16","7/1/21","10/1/19",42,43,0,0,6,0,1,1917,"6/1/21",11.01917808,14.51912568,NA,0
"1782","POL","POL-1","3/25/05","4/1/16","7/1/21","11/1/19",43,44,0,0,6,0,1,1917,"6/1/21",11.01917808,14.60382514,NA,0
"1783","POL","POL-1","3/25/05","4/1/16","7/1/21","12/1/19",44,45,0,0,6,0,1,1917,"6/1/21",11.01917808,14.68579235,NA,0
"1784","POL","POL-1","3/25/05","4/1/16","7/1/21","1/1/20",45,46,0,0,6,0,1,1917,"6/1/21",11.01917808,14.7704918,NA,0
"1785","POL","POL-1","3/25/05","4/1/16","7/1/21","2/1/20",46,47,0,0,6,0,1,1917,"6/1/21",11.01917808,14.85519126,NA,0
"1786","POL","POL-1","3/25/05","4/1/16","7/1/21","3/1/20",47,48,0,0,6,0,1,1917,"6/1/21",11.01917808,14.93442623,NA,0
"1787","POL","POL-1","3/25/05","4/1/16","7/1/21","4/1/20",48,49,0,0,6,0,1,1917,"6/1/21",11.01917808,15.01917808,NA,0
"1788","POL","POL-1","3/25/05","4/1/16","7/1/21","5/1/20",49,50,0,0,6,0,1,1917,"6/1/21",11.01917808,15.10136986,NA,0
"1789","POL","POL-1","3/25/05","4/1/16","7/1/21","6/1/20",50,51,0,0,6,0,1,1917,"6/1/21",11.01917808,15.18630137,NA,0
"1790","POL","POL-1","3/25/05","4/1/16","7/1/21","7/1/20",51,52,0,0,6,0,1,1917,"6/1/21",11.01917808,15.26849315,NA,0
"1791","POL","POL-1","3/25/05","4/1/16","7/1/21","8/1/20",52,53,0,0,6,0,1,1917,"6/1/21",11.01917808,15.35342466,NA,0
"1792","POL","POL-1","3/25/05","4/1/16","7/1/21","9/1/20",53,54,0,0,6,0,1,1917,"6/1/21",11.01917808,15.43835616,NA,0
"1793","POL","POL-1","3/25/05","4/1/16","7/1/21","10/1/20",54,55,0,0,6,0,1,1917,"6/1/21",11.01917808,15.52054795,NA,0
"1794","POL","POL-1","3/25/05","4/1/16","7/1/21","11/1/20",55,56,0,0,6,0,1,1917,"6/1/21",11.01917808,15.60547945,NA,0
"1795","POL","POL-1","3/25/05","4/1/16","7/1/21","12/1/20",56,57,0,0,6,0,1,1917,"6/1/21",11.01917808,15.68767123,NA,0
"1796","POL","POL-1","3/25/05","4/1/16","7/1/21","1/1/21",57,58,0,0,5,0,1,1917,"6/1/21",11.01917808,15.77260274,NA,0
"1797","POL","POL-1","3/25/05","4/1/16","7/1/21","2/1/21",58,59,0,0,5,0,1,1917,"6/1/21",11.01917808,15.85753425,NA,0
"1798","POL","POL-1","3/25/05","4/1/16","7/1/21","3/1/21",59,60,0,0,5,0,1,1917,"6/1/21",11.01917808,15.93424658,NA,0
"1799","POL","POL-1","3/25/05","4/1/16","7/1/21","4/1/21",60,61,0,0,5,0,1,1917,"6/1/21",11.01917808,16.01917808,NA,0
"1800","POL","POL-1","3/25/05","4/1/16","7/1/21","5/1/21",61,62,0,0,5,0,1,1917,"6/1/21",11.01917808,16.10136986,NA,0
"1801","POL","POL-1","3/25/05","4/1/16","7/1/21","6/1/21",62,63,0,0,5,0,1,1917,"6/1/21",11.01917808,16.18630137,NA,0
"1802","QUA","QUA-1","9/22/01","3/1/11","4/1/11","3/1/11",0,1,1,1,6,0,0,31,"3/1/11",9.438356164,9.438356164,"10/1/10",2
"1803","QUI","QUI-1","8/18/00","1/1/10","8/1/11","1/1/10",0,1,0,0,9,0,0,577,"7/1/11",9.37260274,9.37260274,NA,1
"1804","QUI","QUI-1","8/18/00","1/1/10","8/1/11","2/1/10",1,2,0,0,9,0,0,577,"7/1/11",9.37260274,9.457534247,NA,2
"1805","QUI","QUI-1","8/18/00","1/1/10","8/1/11","3/1/10",2,3,0,0,9,0,0,577,"7/1/11",9.37260274,9.534246575,NA,2
"1806","QUI","QUI-1","8/18/00","1/1/10","8/1/11","4/1/10",3,4,0,0,9,0,0,577,"7/1/11",9.37260274,9.619178082,NA,2
"1807","QUI","QUI-1","8/18/00","1/1/10","8/1/11","5/1/10",4,5,0,0,9,0,0,577,"7/1/11",9.37260274,9.701369863,NA,2
"1808","QUI","QUI-1","8/18/00","1/1/10","8/1/11","6/1/10",5,6,0,0,9,0,0,577,"7/1/11",9.37260274,9.78630137,NA,2
"1809","QUI","QUI-1","8/18/00","1/1/10","8/1/11","7/1/10",6,7,0,0,9,0,0,577,"7/1/11",9.37260274,9.868493151,NA,2
"1810","QUI","QUI-1","8/18/00","1/1/10","8/1/11","8/1/10",7,8,0,0,9,0,0,577,"7/1/11",9.37260274,9.953424658,NA,2
"1811","QUI","QUI-1","8/18/00","1/1/10","8/1/11","9/1/10",8,9,0,0,9,0,0,577,"7/1/11",9.37260274,10.03835616,NA,2
"1812","QUI","QUI-1","8/18/00","1/1/10","8/1/11","10/1/10",9,10,0,0,10,0,0,577,"7/1/11",9.37260274,10.12054795,NA,2
"1813","QUI","QUI-1","8/18/00","1/1/10","8/1/11","11/1/10",10,11,0,0,10,0,0,577,"7/1/11",9.37260274,10.20547945,NA,2
"1814","QUI","QUI-1","8/18/00","1/1/10","8/1/11","12/1/10",11,12,0,0,10,0,0,577,"7/1/11",9.37260274,10.28767123,NA,2
"1815","QUI","QUI-1","8/18/00","1/1/10","8/1/11","1/1/11",12,13,0,0,10,0,0,577,"7/1/11",9.37260274,10.37260274,NA,2
"1816","QUI","QUI-1","8/18/00","1/1/10","8/1/11","2/1/11",13,14,0,0,10,0,0,577,"7/1/11",9.37260274,10.45753425,NA,2
"1817","QUI","QUI-1","8/18/00","1/1/10","8/1/11","3/1/11",14,15,0,0,10,0,0,577,"7/1/11",9.37260274,10.53424658,NA,0
"1818","QUI","QUI-1","8/18/00","1/1/10","8/1/11","4/1/11",15,16,0,0,10,0,0,577,"7/1/11",9.37260274,10.61917808,NA,1
"1819","QUI","QUI-1","8/18/00","1/1/10","8/1/11","5/1/11",16,17,0,0,10,0,0,577,"7/1/11",9.37260274,10.70136986,NA,1
"1820","QUI","QUI-1","8/18/00","1/1/10","8/1/11","6/1/11",17,18,0,0,10,0,0,577,"7/1/11",9.37260274,10.78630137,NA,0
"1821","QUI","QUI-1","8/18/00","1/1/10","8/1/11","7/1/11",18,19,1,0,10,0,0,577,"7/1/11",9.37260274,10.86849315,NA,0
"1822","QUI","QUI-2","8/18/00","11/1/11","4/1/12","11/1/11",0,1,0,0,8,0,0,152,"3/1/12",11.20491803,11.20491803,NA,0
"1823","QUI","QUI-2","8/18/00","11/1/11","4/1/12","12/1/11",1,2,0,0,8,0,0,152,"3/1/12",11.20491803,11.28688525,NA,0
"1824","QUI","QUI-2","8/18/00","11/1/11","4/1/12","1/1/12",2,3,0,0,8,0,0,152,"3/1/12",11.20491803,11.3715847,NA,0
"1825","QUI","QUI-2","8/18/00","11/1/11","4/1/12","2/1/12",3,4,0,0,8,0,0,152,"3/1/12",11.20491803,11.45628415,NA,0
"1826","QUI","QUI-2","8/18/00","11/1/11","4/1/12","3/1/12",4,5,1,0,8,0,0,152,"3/1/12",11.20491803,11.53551913,NA,0
"1827","RAM","RAM-1","7/31/09","12/1/18","4/1/22","12/1/18",0,1,0,0,4,0,0,1217,"3/1/22",9.336986301,9.336986301,NA,2
"1828","RAM","RAM-1","7/31/09","12/1/18","4/1/22","1/1/19",1,2,0,0,4,0,0,1217,"3/1/22",9.336986301,9.421917808,NA,2
"1829","RAM","RAM-1","7/31/09","12/1/18","4/1/22","2/1/19",2,3,0,0,4,0,0,1217,"3/1/22",9.336986301,9.506849315,NA,2
"1830","RAM","RAM-1","7/31/09","12/1/18","4/1/22","3/1/19",3,4,0,0,4,0,0,1217,"3/1/22",9.336986301,9.583561644,NA,2
"1831","RAM","RAM-1","7/31/09","12/1/18","4/1/22","4/1/19",4,5,0,0,4,0,0,1217,"3/1/22",9.336986301,9.668493151,NA,2
"1832","RAM","RAM-1","7/31/09","12/1/18","4/1/22","5/1/19",5,6,0,0,4,0,0,1217,"3/1/22",9.336986301,9.750684932,NA,2
"1833","RAM","RAM-1","7/31/09","12/1/18","4/1/22","6/1/19",6,7,0,0,4,0,0,1217,"3/1/22",9.336986301,9.835616438,NA,0
"1834","RAM","RAM-1","7/31/09","12/1/18","4/1/22","7/1/19",7,8,0,0,4,0,0,1217,"3/1/22",9.336986301,9.917808219,NA,0
"1835","RAM","RAM-1","7/31/09","12/1/18","4/1/22","8/1/19",8,9,0,0,4,0,0,1217,"3/1/22",9.336986301,10.00273224,NA,0
"1836","RAM","RAM-1","7/31/09","12/1/18","4/1/22","9/1/19",9,10,0,0,3,0,0,1217,"3/1/22",9.336986301,10.08743169,NA,0
"1837","RAM","RAM-1","7/31/09","12/1/18","4/1/22","10/1/19",10,11,0,0,3,0,0,1217,"3/1/22",9.336986301,10.16939891,NA,0
"1838","RAM","RAM-1","7/31/09","12/1/18","4/1/22","11/1/19",11,12,0,0,3,0,0,1217,"3/1/22",9.336986301,10.25409836,NA,0
"1839","RAM","RAM-1","7/31/09","12/1/18","4/1/22","12/1/19",12,13,0,0,3,0,0,1217,"3/1/22",9.336986301,10.33606557,NA,0
"1840","RAM","RAM-1","7/31/09","12/1/18","4/1/22","1/1/20",13,14,0,0,3,0,0,1217,"3/1/22",9.336986301,10.42076503,NA,0
"1841","RAM","RAM-1","7/31/09","12/1/18","4/1/22","2/1/20",14,15,0,0,3,0,0,1217,"3/1/22",9.336986301,10.50546448,NA,0
"1842","RAM","RAM-1","7/31/09","12/1/18","4/1/22","3/1/20",15,16,0,0,3,0,0,1217,"3/1/22",9.336986301,10.58469945,NA,0
"1843","RAM","RAM-1","7/31/09","12/1/18","4/1/22","4/1/20",16,17,0,0,3,0,0,1217,"3/1/22",9.336986301,10.66939891,NA,0
"1844","RAM","RAM-1","7/31/09","12/1/18","4/1/22","5/1/20",17,18,0,0,3,0,0,1217,"3/1/22",9.336986301,10.75136612,NA,0
"1845","RAM","RAM-1","7/31/09","12/1/18","4/1/22","6/1/20",18,19,0,0,3,0,0,1217,"3/1/22",9.336986301,10.83606557,NA,0
"1846","RAM","RAM-1","7/31/09","12/1/18","4/1/22","7/1/20",19,20,0,0,3,0,0,1217,"3/1/22",9.336986301,10.91803279,NA,0
"1847","RAM","RAM-1","7/31/09","12/1/18","4/1/22","8/1/20",20,21,0,0,3,0,0,1217,"3/1/22",9.336986301,11.00273973,NA,0
"1848","RAM","RAM-1","7/31/09","12/1/18","4/1/22","9/1/20",21,22,0,0,2,0,0,1217,"3/1/22",9.336986301,11.08767123,NA,0
"1849","RAM","RAM-1","7/31/09","12/1/18","4/1/22","10/1/20",22,23,0,0,2,0,0,1217,"3/1/22",9.336986301,11.16986301,NA,0
"1850","RAM","RAM-1","7/31/09","12/1/18","4/1/22","11/1/20",23,24,0,0,2,0,0,1217,"3/1/22",9.336986301,11.25479452,NA,0
"1851","RAM","RAM-1","7/31/09","12/1/18","4/1/22","12/1/20",24,25,0,0,2,0,0,1217,"3/1/22",9.336986301,11.3369863,NA,0
"1852","RAM","RAM-1","7/31/09","12/1/18","4/1/22","1/1/21",25,26,0,0,2,0,0,1217,"3/1/22",9.336986301,11.42191781,NA,0
"1853","RAM","RAM-1","7/31/09","12/1/18","4/1/22","2/1/21",26,27,0,0,2,0,0,1217,"3/1/22",9.336986301,11.50684932,NA,0
"1854","RAM","RAM-1","7/31/09","12/1/18","4/1/22","3/1/21",27,28,0,0,6,0,0,1217,"3/1/22",9.336986301,11.58356164,NA,0
"1855","RAM","RAM-1","7/31/09","12/1/18","4/1/22","4/1/21",28,29,0,0,4,0,0,1217,"3/1/22",9.336986301,11.66849315,NA,0
"1856","RAM","RAM-1","7/31/09","12/1/18","4/1/22","5/1/21",29,30,0,0,4,0,0,1217,"3/1/22",9.336986301,11.75068493,NA,0
"1857","RAM","RAM-1","7/31/09","12/1/18","4/1/22","6/1/21",30,31,0,0,3,0,0,1217,"3/1/22",9.336986301,11.83561644,NA,0
"1858","RAM","RAM-1","7/31/09","12/1/18","4/1/22","7/1/21",31,32,0,0,3,0,0,1217,"3/1/22",9.336986301,11.91780822,NA,0
"1859","RAM","RAM-1","7/31/09","12/1/18","4/1/22","8/1/21",32,33,0,0,3,0,0,1217,"3/1/22",9.336986301,12.00273973,NA,0
"1860","RAM","RAM-1","7/31/09","12/1/18","4/1/22","9/1/21",33,34,0,0,3,0,0,1217,"3/1/22",9.336986301,12.08767123,NA,0
"1861","RAM","RAM-1","7/31/09","12/1/18","4/1/22","10/1/21",34,35,0,0,3,0,0,1217,"3/1/22",9.336986301,12.16986301,NA,0
"1862","RAM","RAM-1","7/31/09","12/1/18","4/1/22","11/1/21",35,36,0,0,3,0,0,1217,"3/1/22",9.336986301,12.25479452,NA,0
"1863","RAM","RAM-1","7/31/09","12/1/18","4/1/22","12/1/21",36,37,0,0,3,0,0,1217,"3/1/22",9.336986301,12.3369863,NA,0
"1864","RAM","RAM-1","7/31/09","12/1/18","4/1/22","1/1/22",37,38,0,0,3,0,0,1217,"3/1/22",9.336986301,12.42191781,NA,0
"1865","RAM","RAM-1","7/31/09","12/1/18","4/1/22","2/1/22",38,39,0,0,3,0,0,1217,"3/1/22",9.336986301,12.50684932,NA,0
"1866","RAM","RAM-1","7/31/09","12/1/18","4/1/22","3/1/22",39,40,1,0,3,0,0,1217,"3/1/22",9.336986301,12.58356164,NA,0
"1867","RAZ","RAZ-1","3/16/03","3/1/12","6/1/12","3/1/12",0,1,0,0,8,0,0,92,"5/1/12",8.959016393,8.959016393,NA,3
"1868","RAZ","RAZ-1","3/16/03","3/1/12","6/1/12","4/1/12",1,2,0,0,8,0,0,92,"5/1/12",8.959016393,9.043835616,NA,1
"1869","RAZ","RAZ-1","3/16/03","3/1/12","6/1/12","5/1/12",2,3,1,0,8,0,0,92,"5/1/12",8.959016393,9.126027397,NA,1
"1870","ROD","ROD-1","4/27/08","11/1/17","2/1/18","11/1/17",0,1,0,0,10,0,0,92,"1/1/18",9.515068493,9.515068493,NA,6
"1871","ROD","ROD-1","4/27/08","11/1/17","2/1/18","12/1/17",1,2,0,0,10,0,0,92,"1/1/18",9.515068493,9.597260274,NA,4
"1872","ROD","ROD-1","4/27/08","11/1/17","2/1/18","1/1/18",2,3,1,0,10,0,0,92,"1/1/18",9.515068493,9.682191781,NA,6
"1873","ROM","ROM-1","2/18/03","6/1/11","2/1/13","6/1/11",0,1,0,0,6,0,1,611,"1/1/13",8.282191781,8.282191781,NA,0
"1874","ROM","ROM-1","2/18/03","6/1/11","2/1/13","7/1/11",1,2,0,0,6,0,1,611,"1/1/13",8.282191781,8.364383562,NA,0
"1875","ROM","ROM-1","2/18/03","6/1/11","2/1/13","8/1/11",2,3,0,0,9,0,1,611,"1/1/13",8.282191781,8.449315068,NA,0
"1876","ROM","ROM-1","2/18/03","6/1/11","2/1/13","9/1/11",3,4,0,0,9,0,1,611,"1/1/13",8.282191781,8.534246575,NA,0
"1877","ROM","ROM-1","2/18/03","6/1/11","2/1/13","10/1/11",4,5,0,0,9,0,1,611,"1/1/13",8.282191781,8.616438356,NA,0
"1878","ROM","ROM-1","2/18/03","6/1/11","2/1/13","11/1/11",5,6,0,0,9,0,1,611,"1/1/13",8.282191781,8.701369863,NA,0
"1879","ROM","ROM-1","2/18/03","6/1/11","2/1/13","12/1/11",6,7,0,0,9,0,1,611,"1/1/13",8.282191781,8.783561644,NA,0
"1880","ROM","ROM-1","2/18/03","6/1/11","2/1/13","1/1/12",7,8,0,0,9,0,1,611,"1/1/13",8.282191781,8.868493151,NA,0
"1881","ROM","ROM-1","2/18/03","6/1/11","2/1/13","2/1/12",8,9,0,0,9,0,1,611,"1/1/13",8.282191781,8.953424658,NA,0
"1882","ROM","ROM-1","2/18/03","6/1/11","2/1/13","3/1/12",9,10,0,0,9,0,1,611,"1/1/13",8.282191781,9.032786885,NA,0
"1883","ROM","ROM-1","2/18/03","6/1/11","2/1/13","4/1/12",10,11,0,0,9,0,1,611,"1/1/13",8.282191781,9.117486339,NA,0
"1884","ROM","ROM-1","2/18/03","6/1/11","2/1/13","5/1/12",11,12,0,0,9,0,1,611,"1/1/13",8.282191781,9.199453552,NA,0
"1885","ROM","ROM-1","2/18/03","6/1/11","2/1/13","6/1/12",12,13,0,0,9,0,1,611,"1/1/13",8.282191781,9.284153005,NA,0
"1886","ROM","ROM-1","2/18/03","6/1/11","2/1/13","7/1/12",13,14,0,0,9,0,1,611,"1/1/13",8.282191781,9.366120219,NA,0
"1887","ROM","ROM-1","2/18/03","6/1/11","2/1/13","8/1/12",14,15,0,0,9,0,1,611,"1/1/13",8.282191781,9.450819672,NA,0
"1888","ROM","ROM-1","2/18/03","6/1/11","2/1/13","9/1/12",15,16,0,0,9,0,1,611,"1/1/13",8.282191781,9.535519126,NA,0
"1889","ROM","ROM-1","2/18/03","6/1/11","2/1/13","10/1/12",16,17,0,0,9,0,1,611,"1/1/13",8.282191781,9.617486339,NA,0
"1890","ROM","ROM-1","2/18/03","6/1/11","2/1/13","11/1/12",17,18,0,0,9,0,1,611,"1/1/13",8.282191781,9.702185792,NA,0
"1891","ROM","ROM-1","2/18/03","6/1/11","2/1/13","12/1/12",18,19,0,0,9,0,1,611,"1/1/13",8.282191781,9.784153005,NA,0
"1892","ROM","ROM-1","2/18/03","6/1/11","2/1/13","1/1/13",19,20,0,0,9,0,1,611,"1/1/13",8.282191781,9.868852459,NA,0
"1893","ROY","ROY-1","12/10/97","4/1/06","3/1/07","4/1/06",0,1,0,0,10,0,0,334,"2/1/07",8.306849315,8.306849315,NA,2
"1894","ROY","ROY-1","12/10/97","4/1/06","3/1/07","5/1/06",1,2,0,0,10,0,0,334,"2/1/07",8.306849315,8.389041096,NA,2
"1895","ROY","ROY-1","12/10/97","4/1/06","3/1/07","6/1/06",2,3,0,0,10,0,0,334,"2/1/07",8.306849315,8.473972603,NA,2
"1896","ROY","ROY-1","12/10/97","4/1/06","3/1/07","7/1/06",3,4,0,0,10,0,0,334,"2/1/07",8.306849315,8.556164384,NA,2
"1897","ROY","ROY-1","12/10/97","4/1/06","3/1/07","8/1/06",4,5,0,0,10,0,0,334,"2/1/07",8.306849315,8.64109589,NA,2
"1898","ROY","ROY-1","12/10/97","4/1/06","3/1/07","9/1/06",5,6,0,0,10,0,0,334,"2/1/07",8.306849315,8.726027397,NA,2
"1899","ROY","ROY-1","12/10/97","4/1/06","3/1/07","10/1/06",6,7,0,0,10,0,0,334,"2/1/07",8.306849315,8.808219178,NA,2
"1900","ROY","ROY-1","12/10/97","4/1/06","3/1/07","11/1/06",7,8,0,0,10,0,0,334,"2/1/07",8.306849315,8.893150685,NA,2
"1901","ROY","ROY-1","12/10/97","4/1/06","3/1/07","12/1/06",8,9,0,0,10,0,0,334,"2/1/07",8.306849315,8.975342466,NA,2
"1902","ROY","ROY-1","12/10/97","4/1/06","3/1/07","1/1/07",9,10,0,0,10,0,0,334,"2/1/07",8.306849315,9.060273973,NA,2
"1903","ROY","ROY-1","12/10/97","4/1/06","3/1/07","2/1/07",10,11,1,0,10,0,0,334,"2/1/07",8.306849315,9.145205479,NA,4
"1904","RWA","RWA-1","1/4/96","1/1/06","5/1/09","1/1/06",0,1,0,0,3,1,0,1216,"4/1/09",9.991780822,9.991780822,NA,0
"1905","RWA","RWA-1","1/4/96","1/1/06","5/1/09","2/1/06",1,2,0,0,3,1,0,1216,"4/1/09",9.991780822,10.07671233,NA,0
"1906","RWA","RWA-1","1/4/96","1/1/06","5/1/09","3/1/06",2,3,0,0,3,1,0,1216,"4/1/09",9.991780822,10.15342466,NA,0
"1907","RWA","RWA-1","1/4/96","1/1/06","5/1/09","4/1/06",3,4,0,0,3,1,0,1216,"4/1/09",9.991780822,10.23835616,NA,0
"1908","RWA","RWA-1","1/4/96","1/1/06","5/1/09","5/1/06",4,5,0,0,3,1,0,1216,"4/1/09",9.991780822,10.32054795,NA,0
"1909","RWA","RWA-1","1/4/96","1/1/06","5/1/09","6/1/06",5,6,0,0,4,1,0,1216,"4/1/09",9.991780822,10.40547945,NA,0
"1910","RWA","RWA-1","1/4/96","1/1/06","5/1/09","7/1/06",6,7,0,0,4,1,0,1216,"4/1/09",9.991780822,10.48767123,NA,0
"1911","RWA","RWA-1","1/4/96","1/1/06","5/1/09","8/1/06",7,8,0,0,4,1,0,1216,"4/1/09",9.991780822,10.57260274,NA,0
"1912","RWA","RWA-1","1/4/96","1/1/06","5/1/09","9/1/06",8,9,0,0,3,1,0,1216,"4/1/09",9.991780822,10.65753425,NA,0
"1913","RWA","RWA-1","1/4/96","1/1/06","5/1/09","10/1/06",9,10,0,0,3,1,0,1216,"4/1/09",9.991780822,10.73972603,NA,0
"1914","RWA","RWA-1","1/4/96","1/1/06","5/1/09","11/1/06",10,11,0,0,3,1,0,1216,"4/1/09",9.991780822,10.82465753,NA,0
"1915","RWA","RWA-1","1/4/96","1/1/06","5/1/09","12/1/06",11,12,0,0,3,1,0,1216,"4/1/09",9.991780822,10.90684932,NA,0
"1916","RWA","RWA-1","1/4/96","1/1/06","5/1/09","1/1/07",12,13,0,0,3,1,0,1216,"4/1/09",9.991780822,10.99178082,NA,0
"1917","RWA","RWA-1","1/4/96","1/1/06","5/1/09","2/1/07",13,14,0,0,2,1,0,1216,"4/1/09",9.991780822,11.07671233,NA,0
"1918","RWA","RWA-1","1/4/96","1/1/06","5/1/09","3/1/07",14,15,0,0,2,1,0,1216,"4/1/09",9.991780822,11.15342466,NA,0
"1919","RWA","RWA-1","1/4/96","1/1/06","5/1/09","4/1/07",15,16,0,0,2,1,0,1216,"4/1/09",9.991780822,11.23835616,NA,0
"1920","RWA","RWA-1","1/4/96","1/1/06","5/1/09","5/1/07",16,17,0,0,2,1,0,1216,"4/1/09",9.991780822,11.32054795,NA,0
"1921","RWA","RWA-1","1/4/96","1/1/06","5/1/09","6/1/07",17,18,0,0,2,1,0,1216,"4/1/09",9.991780822,11.40547945,NA,0
"1922","RWA","RWA-1","1/4/96","1/1/06","5/1/09","7/1/07",18,19,0,0,2,1,0,1216,"4/1/09",9.991780822,11.48767123,NA,0
"1923","RWA","RWA-1","1/4/96","1/1/06","5/1/09","8/1/07",19,20,0,0,2,1,0,1216,"4/1/09",9.991780822,11.57260274,NA,0
"1924","RWA","RWA-1","1/4/96","1/1/06","5/1/09","9/1/07",20,21,0,0,2,1,0,1216,"4/1/09",9.991780822,11.65753425,NA,0
"1925","RWA","RWA-1","1/4/96","1/1/06","5/1/09","10/1/07",21,22,0,0,2,1,0,1216,"4/1/09",9.991780822,11.73972603,NA,0
"1926","RWA","RWA-1","1/4/96","1/1/06","5/1/09","11/1/07",22,23,0,0,2,1,0,1216,"4/1/09",9.991780822,11.82465753,NA,0
"1927","RWA","RWA-1","1/4/96","1/1/06","5/1/09","12/1/07",23,24,0,0,2,1,0,1216,"4/1/09",9.991780822,11.90684932,NA,0
"1928","RWA","RWA-1","1/4/96","1/1/06","5/1/09","1/1/08",24,25,0,0,2,1,0,1216,"4/1/09",9.991780822,11.99178082,NA,0
"1929","RWA","RWA-1","1/4/96","1/1/06","5/1/09","2/1/08",25,26,0,0,2,1,0,1216,"4/1/09",9.991780822,12.07650273,NA,0
"1930","RWA","RWA-1","1/4/96","1/1/06","5/1/09","3/1/08",26,27,0,0,2,1,0,1216,"4/1/09",9.991780822,12.1557377,NA,0
"1931","RWA","RWA-1","1/4/96","1/1/06","5/1/09","4/1/08",27,28,0,0,1,1,0,1216,"4/1/09",9.991780822,12.24043716,NA,0
"1932","RWA","RWA-1","1/4/96","1/1/06","5/1/09","5/1/08",28,29,0,0,1,1,0,1216,"4/1/09",9.991780822,12.32240437,NA,0
"1933","RWA","RWA-1","1/4/96","1/1/06","5/1/09","6/1/08",29,30,0,0,2,1,0,1216,"4/1/09",9.991780822,12.40710383,NA,0
"1934","RWA","RWA-1","1/4/96","1/1/06","5/1/09","7/1/08",30,31,0,0,2,1,0,1216,"4/1/09",9.991780822,12.48907104,NA,0
"1935","RWA","RWA-1","1/4/96","1/1/06","5/1/09","8/1/08",31,32,0,0,2,1,0,1216,"4/1/09",9.991780822,12.57377049,NA,0
"1936","RWA","RWA-1","1/4/96","1/1/06","5/1/09","9/1/08",32,33,0,0,2,1,0,1216,"4/1/09",9.991780822,12.65846995,NA,0
"1937","RWA","RWA-1","1/4/96","1/1/06","5/1/09","10/1/08",33,34,0,0,2,1,0,1216,"4/1/09",9.991780822,12.74043716,NA,0
"1938","RWA","RWA-1","1/4/96","1/1/06","5/1/09","11/1/08",34,35,0,0,2,1,0,1216,"4/1/09",9.991780822,12.82513661,NA,0
"1939","RWA","RWA-1","1/4/96","1/1/06","5/1/09","12/1/08",35,36,0,0,2,1,0,1216,"4/1/09",9.991780822,12.90710383,NA,0
"1940","RWA","RWA-1","1/4/96","1/1/06","5/1/09","1/1/09",36,37,0,0,2,1,0,1216,"4/1/09",9.991780822,12.99180328,NA,0
"1941","RWA","RWA-1","1/4/96","1/1/06","5/1/09","2/1/09",37,38,0,0,2,1,0,1216,"4/1/09",9.991780822,13.07671233,NA,0
"1942","RWA","RWA-1","1/4/96","1/1/06","5/1/09","3/1/09",38,39,0,0,2,1,0,1216,"4/1/09",9.991780822,13.15342466,NA,0
"1943","RWA","RWA-1","1/4/96","1/1/06","5/1/09","4/1/09",39,40,1,0,3,1,0,1216,"4/1/09",9.991780822,13.23835616,NA,2
"1944","SAA","SAA-1","1/3/97","1/1/06","7/1/09","1/1/06",0,1,0,0,5,1,0,1277,"6/1/09",8.994520548,8.994520548,"2/1/08",0
"1945","SAA","SAA-1","1/3/97","1/1/06","7/1/09","2/1/06",1,2,0,0,5,1,0,1277,"6/1/09",8.994520548,9.079452055,"2/1/08",0
"1946","SAA","SAA-1","1/3/97","1/1/06","7/1/09","3/1/06",2,3,0,0,5,1,0,1277,"6/1/09",8.994520548,9.156164384,"2/1/08",0
"1947","SAA","SAA-1","1/3/97","1/1/06","7/1/09","4/1/06",3,4,0,0,5,1,0,1277,"6/1/09",8.994520548,9.24109589,"2/1/08",0
"1948","SAA","SAA-1","1/3/97","1/1/06","7/1/09","5/1/06",4,5,0,0,5,1,0,1277,"6/1/09",8.994520548,9.323287671,"2/1/08",0
"1949","SAA","SAA-1","1/3/97","1/1/06","7/1/09","6/1/06",5,6,0,0,5,1,0,1277,"6/1/09",8.994520548,9.408219178,"2/1/08",0
"1950","SAA","SAA-1","1/3/97","1/1/06","7/1/09","7/1/06",6,7,0,0,5,1,0,1277,"6/1/09",8.994520548,9.490410959,"2/1/08",0
"1951","SAA","SAA-1","1/3/97","1/1/06","7/1/09","8/1/06",7,8,0,0,5,1,0,1277,"6/1/09",8.994520548,9.575342466,"2/1/08",0
"1952","SAA","SAA-1","1/3/97","1/1/06","7/1/09","9/1/06",8,9,0,0,5,1,0,1277,"6/1/09",8.994520548,9.660273973,"2/1/08",0
"1953","SAA","SAA-1","1/3/97","1/1/06","7/1/09","10/1/06",9,10,0,0,5,1,0,1277,"6/1/09",8.994520548,9.742465753,"2/1/08",0
"1954","SAA","SAA-1","1/3/97","1/1/06","7/1/09","11/1/06",10,11,0,0,5,1,0,1277,"6/1/09",8.994520548,9.82739726,"2/1/08",0
"1955","SAA","SAA-1","1/3/97","1/1/06","7/1/09","12/1/06",11,12,0,0,5,1,0,1277,"6/1/09",8.994520548,9.909589041,"2/1/08",0
"1956","SAA","SAA-1","1/3/97","1/1/06","7/1/09","1/1/07",12,13,0,0,5,1,0,1277,"6/1/09",8.994520548,9.994520548,"2/1/08",0
"1957","SAA","SAA-1","1/3/97","1/1/06","7/1/09","2/1/07",13,14,0,0,5,1,0,1277,"6/1/09",8.994520548,10.07945205,"2/1/08",0
"1958","SAA","SAA-1","1/3/97","1/1/06","7/1/09","3/1/07",14,15,0,0,5,1,0,1277,"6/1/09",8.994520548,10.15616438,"2/1/08",0
"1959","SAA","SAA-1","1/3/97","1/1/06","7/1/09","4/1/07",15,16,0,0,5,1,0,1277,"6/1/09",8.994520548,10.24109589,"2/1/08",0
"1960","SAA","SAA-1","1/3/97","1/1/06","7/1/09","5/1/07",16,17,0,0,5,1,0,1277,"6/1/09",8.994520548,10.32328767,"2/1/08",0
"1961","SAA","SAA-1","1/3/97","1/1/06","7/1/09","6/1/07",17,18,0,0,5,1,0,1277,"6/1/09",8.994520548,10.40821918,"2/1/08",0
"1962","SAA","SAA-1","1/3/97","1/1/06","7/1/09","7/1/07",18,19,0,0,5,1,0,1277,"6/1/09",8.994520548,10.49041096,"2/1/08",0
"1963","SAA","SAA-1","1/3/97","1/1/06","7/1/09","8/1/07",19,20,0,0,5,1,0,1277,"6/1/09",8.994520548,10.57534247,"2/1/08",0
"1964","SAA","SAA-1","1/3/97","1/1/06","7/1/09","9/1/07",20,21,0,0,4,1,0,1277,"6/1/09",8.994520548,10.66027397,"2/1/08",0
"1965","SAA","SAA-1","1/3/97","1/1/06","7/1/09","10/1/07",21,22,0,0,4,1,0,1277,"6/1/09",8.994520548,10.74246575,"2/1/08",0
"1966","SAA","SAA-1","1/3/97","1/1/06","7/1/09","11/1/07",22,23,0,0,4,1,0,1277,"6/1/09",8.994520548,10.82739726,"2/1/08",0
"1967","SAA","SAA-1","1/3/97","1/1/06","7/1/09","12/1/07",23,24,0,0,4,1,0,1277,"6/1/09",8.994520548,10.90958904,"2/1/08",0
"1968","SAA","SAA-1","1/3/97","1/1/06","7/1/09","1/1/08",24,25,0,0,4,1,0,1277,"6/1/09",8.994520548,10.99452055,"2/1/08",0
"1969","SAA","SAA-1","1/3/97","1/1/06","7/1/09","2/1/08",25,26,0,1,4,1,0,1277,"6/1/09",8.994520548,11.07923497,"2/1/08",0
"1970","SAA","SAA-1","1/3/97","1/1/06","7/1/09","3/1/08",26,27,0,1,4,1,0,1277,"6/1/09",8.994520548,11.15846995,"2/1/08",0
"1971","SAA","SAA-1","1/3/97","1/1/06","7/1/09","4/1/08",27,28,0,1,4,1,0,1277,"6/1/09",8.994520548,11.2431694,"2/1/08",0
"1972","SAA","SAA-1","1/3/97","1/1/06","7/1/09","5/1/08",28,29,0,1,4,1,0,1277,"6/1/09",8.994520548,11.32513661,"2/1/08",0
"1973","SAA","SAA-1","1/3/97","1/1/06","7/1/09","6/1/08",29,30,0,1,4,1,0,1277,"6/1/09",8.994520548,11.40983607,"2/1/08",0
"1974","SAA","SAA-1","1/3/97","1/1/06","7/1/09","7/1/08",30,31,0,1,4,1,0,1277,"6/1/09",8.994520548,11.49180328,"2/1/08",0
"1975","SAA","SAA-1","1/3/97","1/1/06","7/1/09","8/1/08",31,32,0,1,4,1,0,1277,"6/1/09",8.994520548,11.57650273,"2/1/08",0
"1976","SAA","SAA-1","1/3/97","1/1/06","7/1/09","9/1/08",32,33,0,1,4,1,0,1277,"6/1/09",8.994520548,11.66120219,"2/1/08",0
"1977","SAA","SAA-1","1/3/97","1/1/06","7/1/09","10/1/08",33,34,0,1,4,1,0,1277,"6/1/09",8.994520548,11.7431694,"2/1/08",0
"1978","SAA","SAA-1","1/3/97","1/1/06","7/1/09","11/1/08",34,35,0,1,4,1,0,1277,"6/1/09",8.994520548,11.82786885,"2/1/08",0
"1979","SAA","SAA-1","1/3/97","1/1/06","7/1/09","12/1/08",35,36,0,1,4,1,0,1277,"6/1/09",8.994520548,11.90983607,"2/1/08",0
"1980","SAA","SAA-1","1/3/97","1/1/06","7/1/09","1/1/09",36,37,0,1,4,1,0,1277,"6/1/09",8.994520548,11.99453552,"2/1/08",0
"1981","SAA","SAA-1","1/3/97","1/1/06","7/1/09","2/1/09",37,38,0,1,4,1,0,1277,"6/1/09",8.994520548,12.07945205,"2/1/08",0
"1982","SAA","SAA-1","1/3/97","1/1/06","7/1/09","3/1/09",38,39,0,1,4,1,0,1277,"6/1/09",8.994520548,12.15616438,"2/1/08",0
"1983","SAA","SAA-1","1/3/97","1/1/06","7/1/09","4/1/09",39,40,0,1,4,1,0,1277,"6/1/09",8.994520548,12.24109589,"2/1/08",0
"1984","SAA","SAA-1","1/3/97","1/1/06","7/1/09","5/1/09",40,41,0,1,4,1,0,1277,"6/1/09",8.994520548,12.32328767,"2/1/08",0
"1985","SAA","SAA-1","1/3/97","1/1/06","7/1/09","6/1/09",41,42,1,1,5,1,0,1277,"6/1/09",8.994520548,12.40821918,"2/1/08",2
"1986","SAW","SAW-1","2/7/99","4/1/07","4/1/11","4/1/07",0,1,0,0,3,0,0,1461,"3/1/11",8.145205479,8.145205479,NA,0
"1987","SAW","SAW-1","2/7/99","4/1/07","4/1/11","5/1/07",1,2,0,0,3,0,0,1461,"3/1/11",8.145205479,8.22739726,NA,0
"1988","SAW","SAW-1","2/7/99","4/1/07","4/1/11","6/1/07",2,3,0,0,3,0,0,1461,"3/1/11",8.145205479,8.312328767,NA,0
"1989","SAW","SAW-1","2/7/99","4/1/07","4/1/11","7/1/07",3,4,0,0,3,0,0,1461,"3/1/11",8.145205479,8.394520548,NA,0
"1990","SAW","SAW-1","2/7/99","4/1/07","4/1/11","8/1/07",4,5,0,0,3,0,0,1461,"3/1/11",8.145205479,8.479452055,NA,0
"1991","SAW","SAW-1","2/7/99","4/1/07","4/1/11","9/1/07",5,6,0,0,3,0,0,1461,"3/1/11",8.145205479,8.564383562,NA,0
"1992","SAW","SAW-1","2/7/99","4/1/07","4/1/11","10/1/07",6,7,0,0,3,0,0,1461,"3/1/11",8.145205479,8.646575342,NA,0
"1993","SAW","SAW-1","2/7/99","4/1/07","4/1/11","11/1/07",7,8,0,0,3,0,0,1461,"3/1/11",8.145205479,8.731506849,NA,0
"1994","SAW","SAW-1","2/7/99","4/1/07","4/1/11","12/1/07",8,9,0,0,3,0,0,1461,"3/1/11",8.145205479,8.81369863,NA,0
"1995","SAW","SAW-1","2/7/99","4/1/07","4/1/11","1/1/08",9,10,0,0,3,0,0,1461,"3/1/11",8.145205479,8.898630137,NA,0
"1996","SAW","SAW-1","2/7/99","4/1/07","4/1/11","2/1/08",10,11,0,0,3,0,0,1461,"3/1/11",8.145205479,8.983561644,NA,0
"1997","SAW","SAW-1","2/7/99","4/1/07","4/1/11","3/1/08",11,12,0,0,3,0,0,1461,"3/1/11",8.145205479,9.06284153,NA,0
"1998","SAW","SAW-1","2/7/99","4/1/07","4/1/11","4/1/08",12,13,0,0,3,0,0,1461,"3/1/11",8.145205479,9.147540984,NA,0
"1999","SAW","SAW-1","2/7/99","4/1/07","4/1/11","5/1/08",13,14,0,0,3,0,0,1461,"3/1/11",8.145205479,9.229508197,NA,0
"2000","SAW","SAW-1","2/7/99","4/1/07","4/1/11","6/1/08",14,15,0,0,3,0,0,1461,"3/1/11",8.145205479,9.31420765,NA,0
"2001","SAW","SAW-1","2/7/99","4/1/07","4/1/11","7/1/08",15,16,0,0,3,0,0,1461,"3/1/11",8.145205479,9.396174863,NA,0
"2002","SAW","SAW-1","2/7/99","4/1/07","4/1/11","8/1/08",16,17,0,0,3,0,0,1461,"3/1/11",8.145205479,9.480874317,NA,0
"2003","SAW","SAW-1","2/7/99","4/1/07","4/1/11","9/1/08",17,18,0,0,3,0,0,1461,"3/1/11",8.145205479,9.56557377,NA,0
"2004","SAW","SAW-1","2/7/99","4/1/07","4/1/11","10/1/08",18,19,0,0,3,0,0,1461,"3/1/11",8.145205479,9.647540984,NA,0
"2005","SAW","SAW-1","2/7/99","4/1/07","4/1/11","11/1/08",19,20,0,0,3,0,0,1461,"3/1/11",8.145205479,9.732240437,NA,0
"2006","SAW","SAW-1","2/7/99","4/1/07","4/1/11","12/1/08",20,21,0,0,3,0,0,1461,"3/1/11",8.145205479,9.81420765,NA,0
"2007","SAW","SAW-1","2/7/99","4/1/07","4/1/11","1/1/09",21,22,0,0,3,0,0,1461,"3/1/11",8.145205479,9.898907104,NA,0
"2008","SAW","SAW-1","2/7/99","4/1/07","4/1/11","2/1/09",22,23,0,0,3,0,0,1461,"3/1/11",8.145205479,9.983606557,NA,0
"2009","SAW","SAW-1","2/7/99","4/1/07","4/1/11","3/1/09",23,24,0,0,3,0,0,1461,"3/1/11",8.145205479,10.06027397,NA,0
"2010","SAW","SAW-1","2/7/99","4/1/07","4/1/11","4/1/09",24,25,0,0,3,0,0,1461,"3/1/11",8.145205479,10.14520548,NA,0
"2011","SAW","SAW-1","2/7/99","4/1/07","4/1/11","5/1/09",25,26,0,0,3,0,0,1461,"3/1/11",8.145205479,10.22739726,NA,0
"2012","SAW","SAW-1","2/7/99","4/1/07","4/1/11","6/1/09",26,27,0,0,3,0,0,1461,"3/1/11",8.145205479,10.31232877,NA,0
"2013","SAW","SAW-1","2/7/99","4/1/07","4/1/11","7/1/09",27,28,0,0,3,0,0,1461,"3/1/11",8.145205479,10.39452055,NA,0
"2014","SAW","SAW-1","2/7/99","4/1/07","4/1/11","8/1/09",28,29,0,0,3,0,0,1461,"3/1/11",8.145205479,10.47945205,NA,0
"2015","SAW","SAW-1","2/7/99","4/1/07","4/1/11","9/1/09",29,30,0,0,3,0,0,1461,"3/1/11",8.145205479,10.56438356,NA,0
"2016","SAW","SAW-1","2/7/99","4/1/07","4/1/11","10/1/09",30,31,0,0,3,0,0,1461,"3/1/11",8.145205479,10.64657534,NA,0
"2017","SAW","SAW-1","2/7/99","4/1/07","4/1/11","11/1/09",31,32,0,0,3,0,0,1461,"3/1/11",8.145205479,10.73150685,NA,0
"2018","SAW","SAW-1","2/7/99","4/1/07","4/1/11","12/1/09",32,33,0,0,3,0,0,1461,"3/1/11",8.145205479,10.81369863,NA,0
"2019","SAW","SAW-1","2/7/99","4/1/07","4/1/11","1/1/10",33,34,0,0,3,0,0,1461,"3/1/11",8.145205479,10.89863014,NA,0
"2020","SAW","SAW-1","2/7/99","4/1/07","4/1/11","2/1/10",34,35,0,0,3,0,0,1461,"3/1/11",8.145205479,10.98356164,NA,0
"2021","SAW","SAW-1","2/7/99","4/1/07","4/1/11","3/1/10",35,36,0,0,3,0,0,1461,"3/1/11",8.145205479,11.06027397,NA,0
"2022","SAW","SAW-1","2/7/99","4/1/07","4/1/11","4/1/10",36,37,0,0,3,0,0,1461,"3/1/11",8.145205479,11.14520548,NA,0
"2023","SAW","SAW-1","2/7/99","4/1/07","4/1/11","5/1/10",37,38,0,0,2,0,0,1461,"3/1/11",8.145205479,11.22739726,NA,0
"2024","SAW","SAW-1","2/7/99","4/1/07","4/1/11","6/1/10",38,39,0,0,2,0,0,1461,"3/1/11",8.145205479,11.31232877,NA,0
"2025","SAW","SAW-1","2/7/99","4/1/07","4/1/11","7/1/10",39,40,0,0,2,0,0,1461,"3/1/11",8.145205479,11.39452055,NA,0
"2026","SAW","SAW-1","2/7/99","4/1/07","4/1/11","8/1/10",40,41,0,0,2,0,0,1461,"3/1/11",8.145205479,11.47945205,NA,0
"2027","SAW","SAW-1","2/7/99","4/1/07","4/1/11","9/1/10",41,42,0,0,2,0,0,1461,"3/1/11",8.145205479,11.56438356,NA,0
"2028","SAW","SAW-1","2/7/99","4/1/07","4/1/11","10/1/10",42,43,0,0,2,0,0,1461,"3/1/11",8.145205479,11.64657534,NA,0
"2029","SAW","SAW-1","2/7/99","4/1/07","4/1/11","11/1/10",43,44,0,0,2,0,0,1461,"3/1/11",8.145205479,11.73150685,NA,0
"2030","SAW","SAW-1","2/7/99","4/1/07","4/1/11","12/1/10",44,45,0,0,2,0,0,1461,"3/1/11",8.145205479,11.81369863,NA,0
"2031","SAW","SAW-1","2/7/99","4/1/07","4/1/11","1/1/11",45,46,0,0,2,0,0,1461,"3/1/11",8.145205479,11.89863014,NA,0
"2032","SAW","SAW-1","2/7/99","4/1/07","4/1/11","2/1/11",46,47,0,0,2,0,0,1461,"3/1/11",8.145205479,11.98356164,NA,0
"2033","SAW","SAW-1","2/7/99","4/1/07","4/1/11","3/1/11",47,48,1,0,2,0,0,1461,"3/1/11",8.145205479,12.06027397,NA,0
"2034","SCH","SCH-1",NA,"6/1/12","2/1/13","6/1/12",0,1,0,0,8,0,1,245,"1/1/13",NA,NA,NA,1
"2035","SCH","SCH-1",NA,"6/1/12","2/1/13","7/1/12",1,2,0,0,8,0,1,245,"1/1/13",NA,NA,NA,1
"2036","SCH","SCH-1",NA,"6/1/12","2/1/13","8/1/12",2,3,0,0,8,0,1,245,"1/1/13",NA,NA,NA,1
"2037","SCH","SCH-1",NA,"6/1/12","2/1/13","9/1/12",3,4,0,0,8,0,1,245,"1/1/13",NA,NA,NA,1
"2038","SCH","SCH-1",NA,"6/1/12","2/1/13","10/1/12",4,5,0,0,8,0,1,245,"1/1/13",NA,NA,NA,1
"2039","SCH","SCH-1",NA,"6/1/12","2/1/13","11/1/12",5,6,0,0,8,0,1,245,"1/1/13",NA,NA,NA,1
"2040","SCH","SCH-1",NA,"6/1/12","2/1/13","12/1/12",6,7,0,0,8,0,1,245,"1/1/13",NA,NA,NA,1
"2041","SCH","SCH-1",NA,"6/1/12","2/1/13","1/1/13",7,8,0,0,8,0,1,245,"1/1/13",NA,NA,NA,1
"2042","SEG","SEG-1","8/17/04","8/1/13","5/1/22","8/1/13",0,1,0,0,4,0,0,3195,"4/1/22",8.956164384,8.956164384,NA,3
"2043","SEG","SEG-1","8/17/04","8/1/13","5/1/22","9/1/13",1,2,0,0,4,0,0,3195,"4/1/22",8.956164384,9.04109589,NA,2
"2044","SEG","SEG-1","8/17/04","8/1/13","5/1/22","10/1/13",2,3,0,0,4,0,0,3195,"4/1/22",8.956164384,9.123287671,NA,2
"2045","SEG","SEG-1","8/17/04","8/1/13","5/1/22","11/1/13",3,4,0,0,4,0,0,3195,"4/1/22",8.956164384,9.208219178,NA,2
"2046","SEG","SEG-1","8/17/04","8/1/13","5/1/22","12/1/13",4,5,0,0,4,0,0,3195,"4/1/22",8.956164384,9.290410959,NA,2
"2047","SEG","SEG-1","8/17/04","8/1/13","5/1/22","1/1/14",5,6,0,0,4,0,0,3195,"4/1/22",8.956164384,9.375342466,NA,2
"2048","SEG","SEG-1","8/17/04","8/1/13","5/1/22","2/1/14",6,7,0,0,4,0,0,3195,"4/1/22",8.956164384,9.460273973,NA,2
"2049","SEG","SEG-1","8/17/04","8/1/13","5/1/22","3/1/14",7,8,0,0,4,0,0,3195,"4/1/22",8.956164384,9.536986301,NA,2
"2050","SEG","SEG-1","8/17/04","8/1/13","5/1/22","4/1/14",8,9,0,0,4,0,0,3195,"4/1/22",8.956164384,9.621917808,NA,0
"2051","SEG","SEG-1","8/17/04","8/1/13","5/1/22","5/1/14",9,10,0,0,4,0,0,3195,"4/1/22",8.956164384,9.704109589,NA,0
"2052","SEG","SEG-1","8/17/04","8/1/13","5/1/22","6/1/14",10,11,0,0,4,0,0,3195,"4/1/22",8.956164384,9.789041096,NA,0
"2053","SEG","SEG-1","8/17/04","8/1/13","5/1/22","7/1/14",11,12,0,0,4,0,0,3195,"4/1/22",8.956164384,9.871232877,NA,0
"2054","SEG","SEG-1","8/17/04","8/1/13","5/1/22","8/1/14",12,13,0,0,4,0,0,3195,"4/1/22",8.956164384,9.956164384,NA,0
"2055","SEG","SEG-1","8/17/04","8/1/13","5/1/22","9/1/14",13,14,0,0,4,0,0,3195,"4/1/22",8.956164384,10.04109589,NA,0
"2056","SEG","SEG-1","8/17/04","8/1/13","5/1/22","10/1/14",14,15,0,0,4,0,0,3195,"4/1/22",8.956164384,10.12328767,NA,0
"2057","SEG","SEG-1","8/17/04","8/1/13","5/1/22","11/1/14",15,16,0,0,4,0,0,3195,"4/1/22",8.956164384,10.20821918,NA,0
"2058","SEG","SEG-1","8/17/04","8/1/13","5/1/22","12/1/14",16,17,0,0,4,0,0,3195,"4/1/22",8.956164384,10.29041096,NA,0
"2059","SEG","SEG-1","8/17/04","8/1/13","5/1/22","1/1/15",17,18,0,0,4,0,0,3195,"4/1/22",8.956164384,10.37534247,NA,0
"2060","SEG","SEG-1","8/17/04","8/1/13","5/1/22","2/1/15",18,19,0,0,4,0,0,3195,"4/1/22",8.956164384,10.46027397,NA,0
"2061","SEG","SEG-1","8/17/04","8/1/13","5/1/22","3/1/15",19,20,0,0,4,0,0,3195,"4/1/22",8.956164384,10.5369863,NA,0
"2062","SEG","SEG-1","8/17/04","8/1/13","5/1/22","4/1/15",20,21,0,0,5,0,0,3195,"4/1/22",8.956164384,10.62191781,NA,0
"2063","SEG","SEG-1","8/17/04","8/1/13","5/1/22","5/1/15",21,22,0,0,5,0,0,3195,"4/1/22",8.956164384,10.70410959,NA,0
"2064","SEG","SEG-1","8/17/04","8/1/13","5/1/22","6/1/15",22,23,0,0,5,0,0,3195,"4/1/22",8.956164384,10.7890411,NA,0
"2065","SEG","SEG-1","8/17/04","8/1/13","5/1/22","7/1/15",23,24,0,0,5,0,0,3195,"4/1/22",8.956164384,10.87123288,NA,0
"2066","SEG","SEG-1","8/17/04","8/1/13","5/1/22","8/1/15",24,25,0,0,5,0,0,3195,"4/1/22",8.956164384,10.95616438,NA,0
"2067","SEG","SEG-1","8/17/04","8/1/13","5/1/22","9/1/15",25,26,0,0,5,0,0,3195,"4/1/22",8.956164384,11.04098361,NA,0
"2068","SEG","SEG-1","8/17/04","8/1/13","5/1/22","10/1/15",26,27,0,0,5,0,0,3195,"4/1/22",8.956164384,11.12295082,NA,0
"2069","SEG","SEG-1","8/17/04","8/1/13","5/1/22","11/1/15",27,28,0,0,5,0,0,3195,"4/1/22",8.956164384,11.20765027,NA,0
"2070","SEG","SEG-1","8/17/04","8/1/13","5/1/22","12/1/15",28,29,0,0,5,0,0,3195,"4/1/22",8.956164384,11.28961749,NA,0
"2071","SEG","SEG-1","8/17/04","8/1/13","5/1/22","1/1/16",29,30,0,0,5,0,0,3195,"4/1/22",8.956164384,11.37431694,NA,0
"2072","SEG","SEG-1","8/17/04","8/1/13","5/1/22","2/1/16",30,31,0,0,5,0,0,3195,"4/1/22",8.956164384,11.45901639,NA,0
"2073","SEG","SEG-1","8/17/04","8/1/13","5/1/22","3/1/16",31,32,0,0,5,0,0,3195,"4/1/22",8.956164384,11.53825137,NA,0
"2074","SEG","SEG-1","8/17/04","8/1/13","5/1/22","4/1/16",32,33,0,0,5,0,0,3195,"4/1/22",8.956164384,11.62295082,NA,0
"2075","SEG","SEG-1","8/17/04","8/1/13","5/1/22","5/1/16",33,34,0,0,5,0,0,3195,"4/1/22",8.956164384,11.70491803,NA,0
"2076","SEG","SEG-1","8/17/04","8/1/13","5/1/22","6/1/16",34,35,0,0,5,0,0,3195,"4/1/22",8.956164384,11.78961749,NA,0
"2077","SEG","SEG-1","8/17/04","8/1/13","5/1/22","7/1/16",35,36,0,0,5,0,0,3195,"4/1/22",8.956164384,11.8715847,NA,0
"2078","SEG","SEG-1","8/17/04","8/1/13","5/1/22","8/1/16",36,37,0,0,5,0,0,3195,"4/1/22",8.956164384,11.95628415,NA,0
"2079","SEG","SEG-1","8/17/04","8/1/13","5/1/22","9/1/16",37,38,0,0,5,0,0,3195,"4/1/22",8.956164384,12.04109589,NA,0
"2080","SEG","SEG-1","8/17/04","8/1/13","5/1/22","10/1/16",38,39,0,0,4,0,0,3195,"4/1/22",8.956164384,12.12328767,NA,0
"2081","SEG","SEG-1","8/17/04","8/1/13","5/1/22","11/1/16",39,40,0,0,4,0,0,3195,"4/1/22",8.956164384,12.20821918,NA,0
"2082","SEG","SEG-1","8/17/04","8/1/13","5/1/22","12/1/16",40,41,0,0,4,0,0,3195,"4/1/22",8.956164384,12.29041096,NA,0
"2083","SEG","SEG-1","8/17/04","8/1/13","5/1/22","1/1/17",41,42,0,0,4,0,0,3195,"4/1/22",8.956164384,12.37534247,NA,0
"2084","SEG","SEG-1","8/17/04","8/1/13","5/1/22","2/1/17",42,43,0,0,5,0,0,3195,"4/1/22",8.956164384,12.46027397,NA,0
"2085","SEG","SEG-1","8/17/04","8/1/13","5/1/22","3/1/17",43,44,0,0,5,0,0,3195,"4/1/22",8.956164384,12.5369863,NA,0
"2086","SEG","SEG-1","8/17/04","8/1/13","5/1/22","4/1/17",44,45,0,0,5,0,0,3195,"4/1/22",8.956164384,12.62191781,NA,0
"2087","SEG","SEG-1","8/17/04","8/1/13","5/1/22","5/1/17",45,46,0,0,5,0,0,3195,"4/1/22",8.956164384,12.70410959,NA,0
"2088","SEG","SEG-1","8/17/04","8/1/13","5/1/22","6/1/17",46,47,0,0,5,0,0,3195,"4/1/22",8.956164384,12.7890411,NA,0
"2089","SEG","SEG-1","8/17/04","8/1/13","5/1/22","7/1/17",47,48,0,0,5,0,0,3195,"4/1/22",8.956164384,12.87123288,NA,0
"2090","SEG","SEG-1","8/17/04","8/1/13","5/1/22","8/1/17",48,49,0,0,5,0,0,3195,"4/1/22",8.956164384,12.95616438,NA,0
"2091","SEG","SEG-1","8/17/04","8/1/13","5/1/22","9/1/17",49,50,0,0,5,0,0,3195,"4/1/22",8.956164384,13.04109589,NA,0
"2092","SEG","SEG-1","8/17/04","8/1/13","5/1/22","10/1/17",50,51,0,0,5,0,0,3195,"4/1/22",8.956164384,13.12328767,NA,0
"2093","SEG","SEG-1","8/17/04","8/1/13","5/1/22","11/1/17",51,52,0,0,5,0,0,3195,"4/1/22",8.956164384,13.20821918,NA,0
"2094","SEG","SEG-1","8/17/04","8/1/13","5/1/22","12/1/17",52,53,0,0,5,0,0,3195,"4/1/22",8.956164384,13.29041096,NA,0
"2095","SEG","SEG-1","8/17/04","8/1/13","5/1/22","1/1/18",53,54,0,0,5,0,0,3195,"4/1/22",8.956164384,13.37534247,NA,0
"2096","SEG","SEG-1","8/17/04","8/1/13","5/1/22","2/1/18",54,55,0,0,5,0,0,3195,"4/1/22",8.956164384,13.46027397,NA,0
"2097","SEG","SEG-1","8/17/04","8/1/13","5/1/22","3/1/18",55,56,0,0,5,0,0,3195,"4/1/22",8.956164384,13.5369863,NA,0
"2098","SEG","SEG-1","8/17/04","8/1/13","5/1/22","4/1/18",56,57,0,0,5,0,0,3195,"4/1/22",8.956164384,13.62191781,NA,0
"2099","SEG","SEG-1","8/17/04","8/1/13","5/1/22","5/1/18",57,58,0,0,5,0,0,3195,"4/1/22",8.956164384,13.70410959,NA,0
"2100","SEG","SEG-1","8/17/04","8/1/13","5/1/22","6/1/18",58,59,0,0,4,0,0,3195,"4/1/22",8.956164384,13.7890411,NA,0
"2101","SEG","SEG-1","8/17/04","8/1/13","5/1/22","7/1/18",59,60,0,0,4,0,0,3195,"4/1/22",8.956164384,13.87123288,NA,0
"2102","SEG","SEG-1","8/17/04","8/1/13","5/1/22","8/1/18",60,61,0,0,4,0,0,3195,"4/1/22",8.956164384,13.95616438,NA,0
"2103","SEG","SEG-1","8/17/04","8/1/13","5/1/22","9/1/18",61,62,0,0,4,0,0,3195,"4/1/22",8.956164384,14.04109589,NA,0
"2104","SEG","SEG-1","8/17/04","8/1/13","5/1/22","10/1/18",62,63,0,0,4,0,0,3195,"4/1/22",8.956164384,14.12328767,NA,0
"2105","SEG","SEG-1","8/17/04","8/1/13","5/1/22","11/1/18",63,64,0,0,4,0,0,3195,"4/1/22",8.956164384,14.20821918,NA,0
"2106","SEG","SEG-1","8/17/04","8/1/13","5/1/22","12/1/18",64,65,0,0,4,0,0,3195,"4/1/22",8.956164384,14.29041096,NA,0
"2107","SEG","SEG-1","8/17/04","8/1/13","5/1/22","1/1/19",65,66,0,0,4,0,0,3195,"4/1/22",8.956164384,14.37534247,NA,0
"2108","SEG","SEG-1","8/17/04","8/1/13","5/1/22","2/1/19",66,67,0,0,4,0,0,3195,"4/1/22",8.956164384,14.46027397,NA,0
"2109","SEG","SEG-1","8/17/04","8/1/13","5/1/22","3/1/19",67,68,0,0,4,0,0,3195,"4/1/22",8.956164384,14.5369863,NA,0
"2110","SEG","SEG-1","8/17/04","8/1/13","5/1/22","4/1/19",68,69,0,0,4,0,0,3195,"4/1/22",8.956164384,14.62191781,NA,0
"2111","SEG","SEG-1","8/17/04","8/1/13","5/1/22","5/1/19",69,70,0,0,4,0,0,3195,"4/1/22",8.956164384,14.70410959,NA,0
"2112","SEG","SEG-1","8/17/04","8/1/13","5/1/22","6/1/19",70,71,0,0,4,0,0,3195,"4/1/22",8.956164384,14.7890411,NA,0
"2113","SEG","SEG-1","8/17/04","8/1/13","5/1/22","7/1/19",71,72,0,0,4,0,0,3195,"4/1/22",8.956164384,14.87123288,NA,0
"2114","SEG","SEG-1","8/17/04","8/1/13","5/1/22","8/1/19",72,73,0,0,4,0,0,3195,"4/1/22",8.956164384,14.95616438,NA,0
"2115","SEG","SEG-1","8/17/04","8/1/13","5/1/22","9/1/19",73,74,0,0,4,0,0,3195,"4/1/22",8.956164384,15.04098361,NA,0
"2116","SEG","SEG-1","8/17/04","8/1/13","5/1/22","10/1/19",74,75,0,0,4,0,0,3195,"4/1/22",8.956164384,15.12295082,NA,0
"2117","SEG","SEG-1","8/17/04","8/1/13","5/1/22","11/1/19",75,76,0,0,4,0,0,3195,"4/1/22",8.956164384,15.20765027,NA,0
"2118","SEG","SEG-1","8/17/04","8/1/13","5/1/22","12/1/19",76,77,0,0,4,0,0,3195,"4/1/22",8.956164384,15.28961749,NA,0
"2119","SEG","SEG-1","8/17/04","8/1/13","5/1/22","1/1/20",77,78,0,0,4,0,0,3195,"4/1/22",8.956164384,15.37431694,NA,0
"2120","SEG","SEG-1","8/17/04","8/1/13","5/1/22","2/1/20",78,79,0,0,4,0,0,3195,"4/1/22",8.956164384,15.45901639,NA,0
"2121","SEG","SEG-1","8/17/04","8/1/13","5/1/22","3/1/20",79,80,0,0,4,0,0,3195,"4/1/22",8.956164384,15.53825137,NA,0
"2122","SEG","SEG-1","8/17/04","8/1/13","5/1/22","4/1/20",80,81,0,0,5,0,0,3195,"4/1/22",8.956164384,15.62295082,NA,0
"2123","SEG","SEG-1","8/17/04","8/1/13","5/1/22","5/1/20",81,82,0,0,5,0,0,3195,"4/1/22",8.956164384,15.70491803,NA,0
"2124","SEG","SEG-1","8/17/04","8/1/13","5/1/22","6/1/20",82,83,0,0,5,0,0,3195,"4/1/22",8.956164384,15.78961749,NA,0
"2125","SEG","SEG-1","8/17/04","8/1/13","5/1/22","7/1/20",83,84,0,0,5,0,0,3195,"4/1/22",8.956164384,15.8715847,NA,0
"2126","SEG","SEG-1","8/17/04","8/1/13","5/1/22","8/1/20",84,85,0,0,5,0,0,3195,"4/1/22",8.956164384,15.95628415,NA,0
"2127","SEG","SEG-1","8/17/04","8/1/13","5/1/22","9/1/20",85,86,0,0,5,0,0,3195,"4/1/22",8.956164384,16.04109589,NA,0
"2128","SEG","SEG-1","8/17/04","8/1/13","5/1/22","10/1/20",86,87,0,0,5,0,0,3195,"4/1/22",8.956164384,16.12328767,NA,0
"2129","SEG","SEG-1","8/17/04","8/1/13","5/1/22","11/1/20",87,88,0,0,4,0,0,3195,"4/1/22",8.956164384,16.20821918,NA,0
"2130","SEG","SEG-1","8/17/04","8/1/13","5/1/22","12/1/20",88,89,0,0,4,0,0,3195,"4/1/22",8.956164384,16.29041096,NA,0
"2131","SEG","SEG-1","8/17/04","8/1/13","5/1/22","1/1/21",89,90,0,0,4,0,0,3195,"4/1/22",8.956164384,16.37534247,NA,0
"2132","SEG","SEG-1","8/17/04","8/1/13","5/1/22","2/1/21",90,91,0,0,4,0,0,3195,"4/1/22",8.956164384,16.46027397,NA,0
"2133","SEG","SEG-1","8/17/04","8/1/13","5/1/22","3/1/21",91,92,0,0,4,0,0,3195,"4/1/22",8.956164384,16.5369863,NA,0
"2134","SEG","SEG-1","8/17/04","8/1/13","5/1/22","4/1/21",92,93,0,0,4,0,0,3195,"4/1/22",8.956164384,16.62191781,NA,0
"2135","SEG","SEG-1","8/17/04","8/1/13","5/1/22","5/1/21",93,94,0,0,4,0,0,3195,"4/1/22",8.956164384,16.70410959,NA,0
"2136","SEG","SEG-1","8/17/04","8/1/13","5/1/22","6/1/21",94,95,0,0,4,0,0,3195,"4/1/22",8.956164384,16.7890411,NA,0
"2137","SEG","SEG-1","8/17/04","8/1/13","5/1/22","7/1/21",95,96,0,0,4,0,0,3195,"4/1/22",8.956164384,16.87123288,NA,0
"2138","SEG","SEG-1","8/17/04","8/1/13","5/1/22","8/1/21",96,97,0,0,3,0,0,3195,"4/1/22",8.956164384,16.95616438,NA,0
"2139","SEG","SEG-1","8/17/04","8/1/13","5/1/22","9/1/21",97,98,0,0,3,0,0,3195,"4/1/22",8.956164384,17.04109589,NA,0
"2140","SEG","SEG-1","8/17/04","8/1/13","5/1/22","10/1/21",98,99,0,0,3,0,0,3195,"4/1/22",8.956164384,17.12328767,NA,0
"2141","SEG","SEG-1","8/17/04","8/1/13","5/1/22","11/1/21",99,100,0,0,3,0,0,3195,"4/1/22",8.956164384,17.20821918,NA,0
"2142","SEG","SEG-1","8/17/04","8/1/13","5/1/22","12/1/21",100,101,0,0,3,0,0,3195,"4/1/22",8.956164384,17.29041096,NA,0
"2143","SEG","SEG-1","8/17/04","8/1/13","5/1/22","1/1/22",101,102,0,0,4,0,0,3195,"4/1/22",8.956164384,17.37534247,NA,0
"2144","SEG","SEG-1","8/17/04","8/1/13","5/1/22","2/1/22",102,103,0,0,3,0,0,3195,"4/1/22",8.956164384,17.46027397,NA,0
"2145","SEG","SEG-1","8/17/04","8/1/13","5/1/22","3/1/22",103,104,0,0,3,0,0,3195,"4/1/22",8.956164384,17.5369863,NA,0
"2146","SEG","SEG-1","8/17/04","8/1/13","5/1/22","4/1/22",104,105,1,0,3,0,0,3195,"4/1/22",8.956164384,17.62191781,NA,0
"2147","SEV","SEV-1","1/29/06","2/1/16","11/1/19","2/1/16",0,1,0,0,5,0,1,1369,"10/1/19",10.00819672,10.00819672,NA,1
"2148","SEV","SEV-1","1/29/06","2/1/16","11/1/19","3/1/16",1,2,0,0,5,0,1,1369,"10/1/19",10.00819672,10.08743169,NA,1
"2149","SEV","SEV-1","1/29/06","2/1/16","11/1/19","4/1/16",2,3,0,0,5,0,1,1369,"10/1/19",10.00819672,10.17213115,NA,1
"2150","SEV","SEV-1","1/29/06","2/1/16","11/1/19","5/1/16",3,4,0,0,5,0,1,1369,"10/1/19",10.00819672,10.25409836,NA,1
"2151","SEV","SEV-1","1/29/06","2/1/16","11/1/19","6/1/16",4,5,0,0,5,0,1,1369,"10/1/19",10.00819672,10.33879781,NA,1
"2152","SEV","SEV-1","1/29/06","2/1/16","11/1/19","7/1/16",5,6,0,0,5,0,1,1369,"10/1/19",10.00819672,10.42076503,NA,1
"2153","SEV","SEV-1","1/29/06","2/1/16","11/1/19","8/1/16",6,7,0,0,5,0,1,1369,"10/1/19",10.00819672,10.50546448,NA,1
"2154","SEV","SEV-1","1/29/06","2/1/16","11/1/19","9/1/16",7,8,0,0,5,0,1,1369,"10/1/19",10.00819672,10.59016393,NA,1
"2155","SEV","SEV-1","1/29/06","2/1/16","11/1/19","10/1/16",8,9,0,0,5,0,1,1369,"10/1/19",10.00819672,10.67213115,NA,1
"2156","SEV","SEV-1","1/29/06","2/1/16","11/1/19","11/1/16",9,10,0,0,5,0,1,1369,"10/1/19",10.00819672,10.7568306,NA,1
"2157","SEV","SEV-1","1/29/06","2/1/16","11/1/19","12/1/16",10,11,0,0,5,0,1,1369,"10/1/19",10.00819672,10.83879781,NA,1
"2158","SEV","SEV-1","1/29/06","2/1/16","11/1/19","1/1/17",11,12,0,0,5,0,1,1369,"10/1/19",10.00819672,10.92349727,NA,1
"2159","SEV","SEV-1","1/29/06","2/1/16","11/1/19","2/1/17",12,13,0,0,5,0,1,1369,"10/1/19",10.00819672,11.00821918,NA,1
"2160","SEV","SEV-1","1/29/06","2/1/16","11/1/19","3/1/17",13,14,0,0,5,0,1,1369,"10/1/19",10.00819672,11.08493151,NA,1
"2161","SEV","SEV-1","1/29/06","2/1/16","11/1/19","4/1/17",14,15,0,0,5,0,1,1369,"10/1/19",10.00819672,11.16986301,NA,1
"2162","SEV","SEV-1","1/29/06","2/1/16","11/1/19","5/1/17",15,16,0,0,5,0,1,1369,"10/1/19",10.00819672,11.25205479,NA,1
"2163","SEV","SEV-1","1/29/06","2/1/16","11/1/19","6/1/17",16,17,0,0,5,0,1,1369,"10/1/19",10.00819672,11.3369863,NA,1
"2164","SEV","SEV-1","1/29/06","2/1/16","11/1/19","7/1/17",17,18,0,0,5,0,1,1369,"10/1/19",10.00819672,11.41917808,NA,1
"2165","SEV","SEV-1","1/29/06","2/1/16","11/1/19","8/1/17",18,19,0,0,5,0,1,1369,"10/1/19",10.00819672,11.50410959,NA,1
"2166","SEV","SEV-1","1/29/06","2/1/16","11/1/19","9/1/17",19,20,0,0,5,0,1,1369,"10/1/19",10.00819672,11.5890411,NA,1
"2167","SEV","SEV-1","1/29/06","2/1/16","11/1/19","10/1/17",20,21,0,0,5,0,1,1369,"10/1/19",10.00819672,11.67123288,NA,1
"2168","SEV","SEV-1","1/29/06","2/1/16","11/1/19","11/1/17",21,22,0,0,5,0,1,1369,"10/1/19",10.00819672,11.75616438,NA,1
"2169","SEV","SEV-1","1/29/06","2/1/16","11/1/19","12/1/17",22,23,0,0,5,0,1,1369,"10/1/19",10.00819672,11.83835616,NA,1
"2170","SEV","SEV-1","1/29/06","2/1/16","11/1/19","1/1/18",23,24,0,0,5,0,1,1369,"10/1/19",10.00819672,11.92328767,NA,1
"2171","SEV","SEV-1","1/29/06","2/1/16","11/1/19","2/1/18",24,25,0,0,5,0,1,1369,"10/1/19",10.00819672,12.00821918,NA,1
"2172","SEV","SEV-1","1/29/06","2/1/16","11/1/19","3/1/18",25,26,0,0,5,0,1,1369,"10/1/19",10.00819672,12.08493151,NA,1
"2173","SEV","SEV-1","1/29/06","2/1/16","11/1/19","4/1/18",26,27,0,0,5,0,1,1369,"10/1/19",10.00819672,12.16986301,NA,1
"2174","SEV","SEV-1","1/29/06","2/1/16","11/1/19","5/1/18",27,28,0,0,5,0,1,1369,"10/1/19",10.00819672,12.25205479,NA,1
"2175","SEV","SEV-1","1/29/06","2/1/16","11/1/19","6/1/18",28,29,0,0,5,0,1,1369,"10/1/19",10.00819672,12.3369863,NA,1
"2176","SHI","SHI-1","9/15/97","1/1/06","3/1/08","1/1/06",0,1,0,0,7,1,0,790,"2/1/08",8.295890411,8.295890411,NA,NA
"2177","SHI","SHI-1","9/15/97","1/1/06","3/1/08","2/1/06",1,2,0,0,7,1,0,790,"2/1/08",8.295890411,8.380821918,NA,NA
"2178","SHI","SHI-1","9/15/97","1/1/06","3/1/08","3/1/06",2,3,0,0,7,1,0,790,"2/1/08",8.295890411,8.457534247,NA,NA
"2179","SHI","SHI-1","9/15/97","1/1/06","3/1/08","4/1/06",3,4,0,0,7,1,0,790,"2/1/08",8.295890411,8.542465753,NA,NA
"2180","SHI","SHI-1","9/15/97","1/1/06","3/1/08","5/1/06",4,5,0,0,7,1,0,790,"2/1/08",8.295890411,8.624657534,NA,NA
"2181","SHI","SHI-1","9/15/97","1/1/06","3/1/08","6/1/06",5,6,0,0,8,1,0,790,"2/1/08",8.295890411,8.709589041,NA,NA
"2182","SHI","SHI-1","9/15/97","1/1/06","3/1/08","7/1/06",6,7,0,0,8,1,0,790,"2/1/08",8.295890411,8.791780822,NA,NA
"2183","SHI","SHI-1","9/15/97","1/1/06","3/1/08","8/1/06",7,8,0,0,8,1,0,790,"2/1/08",8.295890411,8.876712329,NA,NA
"2184","SHI","SHI-1","9/15/97","1/1/06","3/1/08","9/1/06",8,9,0,0,8,1,0,790,"2/1/08",8.295890411,8.961643836,NA,NA
"2185","SHI","SHI-1","9/15/97","1/1/06","3/1/08","10/1/06",9,10,0,0,7,1,0,790,"2/1/08",8.295890411,9.043835616,NA,NA
"2186","SHI","SHI-1","9/15/97","1/1/06","3/1/08","11/1/06",10,11,0,0,7,1,0,790,"2/1/08",8.295890411,9.128767123,NA,NA
"2187","SHI","SHI-1","9/15/97","1/1/06","3/1/08","12/1/06",11,12,0,0,7,1,0,790,"2/1/08",8.295890411,9.210958904,NA,NA
"2188","SHI","SHI-1","9/15/97","1/1/06","3/1/08","1/1/07",12,13,0,0,7,1,0,790,"2/1/08",8.295890411,9.295890411,NA,NA
"2189","SHI","SHI-1","9/15/97","1/1/06","3/1/08","2/1/07",13,14,0,0,7,1,0,790,"2/1/08",8.295890411,9.380821918,NA,NA
"2190","SHI","SHI-1","9/15/97","1/1/06","3/1/08","3/1/07",14,15,0,0,7,1,0,790,"2/1/08",8.295890411,9.457534247,NA,NA
"2191","SHI","SHI-1","9/15/97","1/1/06","3/1/08","4/1/07",15,16,0,0,7,1,0,790,"2/1/08",8.295890411,9.542465753,NA,NA
"2192","SHI","SHI-1","9/15/97","1/1/06","3/1/08","5/1/07",16,17,0,0,7,1,0,790,"2/1/08",8.295890411,9.624657534,NA,NA
"2193","SHI","SHI-1","9/15/97","1/1/06","3/1/08","6/1/07",17,18,0,0,7,1,0,790,"2/1/08",8.295890411,9.709589041,NA,NA
"2194","SHI","SHI-1","9/15/97","1/1/06","3/1/08","7/1/07",18,19,0,0,7,1,0,790,"2/1/08",8.295890411,9.791780822,NA,NA
"2195","SHI","SHI-1","9/15/97","1/1/06","3/1/08","8/1/07",19,20,0,0,7,1,0,790,"2/1/08",8.295890411,9.876712329,NA,NA
"2196","SHI","SHI-1","9/15/97","1/1/06","3/1/08","9/1/07",20,21,0,0,7,1,0,790,"2/1/08",8.295890411,9.961643836,NA,NA
"2197","SHI","SHI-1","9/15/97","1/1/06","3/1/08","10/1/07",21,22,0,0,7,1,0,790,"2/1/08",8.295890411,10.04371585,NA,NA
"2198","SHI","SHI-1","9/15/97","1/1/06","3/1/08","11/1/07",22,23,0,0,7,1,0,790,"2/1/08",8.295890411,10.1284153,NA,NA
"2199","SHI","SHI-1","9/15/97","1/1/06","3/1/08","12/1/07",23,24,0,0,7,1,0,790,"2/1/08",8.295890411,10.21038251,NA,NA
"2200","SHI","SHI-1","9/15/97","1/1/06","3/1/08","1/1/08",24,25,0,0,7,1,0,790,"2/1/08",8.295890411,10.29508197,NA,NA
"2201","SHI","SHI-1","9/15/97","1/1/06","3/1/08","2/1/08",25,26,1,0,7,1,0,790,"2/1/08",8.295890411,10.37978142,NA,NA
"2202","SHM","SHM-1","12/5/03","4/1/12","5/1/12","4/1/12",0,1,1,0,2,0,0,30,"4/1/12",8.322404372,8.322404372,NA,1
"2203","SHW","SHW-1","4/6/09","4/1/18","12/1/19","4/1/18",0,1,0,0,2,0,0,609,"11/1/19",8.98630137,8.98630137,NA,2
"2204","SHW","SHW-1","4/6/09","4/1/18","12/1/19","5/1/18",1,2,0,0,2,0,0,609,"11/1/19",8.98630137,9.068493151,NA,2
"2205","SHW","SHW-1","4/6/09","4/1/18","12/1/19","6/1/18",2,3,0,0,4,0,0,609,"11/1/19",8.98630137,9.153424658,NA,2
"2206","SHW","SHW-1","4/6/09","4/1/18","12/1/19","7/1/18",3,4,0,0,2,0,0,609,"11/1/19",8.98630137,9.235616438,NA,1
"2207","SHW","SHW-1","4/6/09","4/1/18","12/1/19","8/1/18",4,5,0,0,2,0,0,609,"11/1/19",8.98630137,9.320547945,NA,1
"2208","SHW","SHW-1","4/6/09","4/1/18","12/1/19","9/1/18",5,6,0,0,2,0,0,609,"11/1/19",8.98630137,9.405479452,NA,1
"2209","SHW","SHW-1","4/6/09","4/1/18","12/1/19","10/1/18",6,7,0,0,2,0,0,609,"11/1/19",8.98630137,9.487671233,NA,1
"2210","SHW","SHW-1","4/6/09","4/1/18","12/1/19","11/1/18",7,8,0,0,2,0,0,609,"11/1/19",8.98630137,9.57260274,NA,1
"2211","SHW","SHW-1","4/6/09","4/1/18","12/1/19","12/1/18",8,9,0,0,2,0,0,609,"11/1/19",8.98630137,9.654794521,NA,0
"2212","SHW","SHW-1","4/6/09","4/1/18","12/1/19","1/1/19",9,10,0,0,2,0,0,609,"11/1/19",8.98630137,9.739726027,NA,0
"2213","SHW","SHW-1","4/6/09","4/1/18","12/1/19","2/1/19",10,11,0,0,2,0,0,609,"11/1/19",8.98630137,9.824657534,NA,0
"2214","SHW","SHW-1","4/6/09","4/1/18","12/1/19","3/1/19",11,12,0,0,2,0,0,609,"11/1/19",8.98630137,9.901369863,NA,0
"2215","SHW","SHW-1","4/6/09","4/1/18","12/1/19","4/1/19",12,13,0,0,2,0,0,609,"11/1/19",8.98630137,9.98630137,NA,0
"2216","SHW","SHW-1","4/6/09","4/1/18","12/1/19","5/1/19",13,14,0,0,2,0,0,609,"11/1/19",8.98630137,10.06830601,NA,0
"2217","SHW","SHW-1","4/6/09","4/1/18","12/1/19","6/1/19",14,15,0,0,2,0,0,609,"11/1/19",8.98630137,10.15300546,NA,0
"2218","SHW","SHW-1","4/6/09","4/1/18","12/1/19","7/1/19",15,16,0,0,2,0,0,609,"11/1/19",8.98630137,10.23497268,NA,0
"2219","SHW","SHW-1","4/6/09","4/1/18","12/1/19","8/1/19",16,17,0,0,2,0,0,609,"11/1/19",8.98630137,10.31967213,NA,0
"2220","SHW","SHW-1","4/6/09","4/1/18","12/1/19","9/1/19",17,18,0,0,2,0,0,609,"11/1/19",8.98630137,10.40437158,NA,0
"2221","SHW","SHW-1","4/6/09","4/1/18","12/1/19","10/1/19",18,19,0,0,2,0,0,609,"11/1/19",8.98630137,10.4863388,NA,0
"2222","SHW","SHW-1","4/6/09","4/1/18","12/1/19","11/1/19",19,20,1,0,2,0,0,609,"11/1/19",8.98630137,10.57103825,NA,0
"2223","SID","SID-1","1/16/09","10/1/17","11/1/17","10/1/17",0,1,1,0,10,0,0,31,"10/1/17",8.706849315,8.706849315,NA,6
"2224","SOL","SOL-1","12/27/04","4/1/13","2/1/16","4/1/13",0,1,0,0,11,0,0,1036,"1/1/16",8.260273973,8.260273973,NA,3
"2225","SOL","SOL-1","12/27/04","4/1/13","2/1/16","5/1/13",1,2,0,0,12,0,0,1036,"1/1/16",8.260273973,8.342465753,NA,3
"2226","SOL","SOL-1","12/27/04","4/1/13","2/1/16","6/1/13",2,3,0,0,12,0,0,1036,"1/1/16",8.260273973,8.42739726,NA,4
"2227","SOL","SOL-1","12/27/04","4/1/13","2/1/16","7/1/13",3,4,0,0,12,0,0,1036,"1/1/16",8.260273973,8.509589041,NA,4
"2228","SOL","SOL-1","12/27/04","4/1/13","2/1/16","8/1/13",4,5,0,0,12,0,0,1036,"1/1/16",8.260273973,8.594520548,NA,5
"2229","SOL","SOL-1","12/27/04","4/1/13","2/1/16","9/1/13",5,6,0,0,12,0,0,1036,"1/1/16",8.260273973,8.679452055,NA,5
"2230","SOL","SOL-1","12/27/04","4/1/13","2/1/16","10/1/13",6,7,0,0,9,0,0,1036,"1/1/16",8.260273973,8.761643836,NA,4
"2231","SOL","SOL-1","12/27/04","4/1/13","2/1/16","11/1/13",7,8,0,0,9,0,0,1036,"1/1/16",8.260273973,8.846575342,NA,4
"2232","SOL","SOL-1","12/27/04","4/1/13","2/1/16","12/1/13",8,9,0,0,9,0,0,1036,"1/1/16",8.260273973,8.928767123,NA,3
"2233","SOL","SOL-1","12/27/04","4/1/13","2/1/16","1/1/14",9,10,0,0,8,0,0,1036,"1/1/16",8.260273973,9.01369863,NA,3
"2234","SOL","SOL-1","12/27/04","4/1/13","2/1/16","2/1/14",10,11,0,0,8,0,0,1036,"1/1/16",8.260273973,9.098630137,NA,3
"2235","SOL","SOL-1","12/27/04","4/1/13","2/1/16","3/1/14",11,12,0,0,8,0,0,1036,"1/1/16",8.260273973,9.175342466,NA,3
"2236","SOL","SOL-1","12/27/04","4/1/13","2/1/16","4/1/14",12,13,0,0,8,0,0,1036,"1/1/16",8.260273973,9.260273973,NA,3
"2237","SOL","SOL-1","12/27/04","4/1/13","2/1/16","5/1/14",13,14,0,0,8,0,0,1036,"1/1/16",8.260273973,9.342465753,NA,3
"2238","SOL","SOL-1","12/27/04","4/1/13","2/1/16","6/1/14",14,15,0,0,8,0,0,1036,"1/1/16",8.260273973,9.42739726,NA,3
"2239","SOL","SOL-1","12/27/04","4/1/13","2/1/16","7/1/14",15,16,0,0,8,0,0,1036,"1/1/16",8.260273973,9.509589041,NA,3
"2240","SOL","SOL-1","12/27/04","4/1/13","2/1/16","8/1/14",16,17,0,0,8,0,0,1036,"1/1/16",8.260273973,9.594520548,NA,3
"2241","SOL","SOL-1","12/27/04","4/1/13","2/1/16","9/1/14",17,18,0,0,9,0,0,1036,"1/1/16",8.260273973,9.679452055,NA,3
"2242","SOL","SOL-1","12/27/04","4/1/13","2/1/16","10/1/14",18,19,0,0,9,0,0,1036,"1/1/16",8.260273973,9.761643836,NA,3
"2243","SOL","SOL-1","12/27/04","4/1/13","2/1/16","11/1/14",19,20,0,0,9,0,0,1036,"1/1/16",8.260273973,9.846575342,NA,3
"2244","SOL","SOL-1","12/27/04","4/1/13","2/1/16","12/1/14",20,21,0,0,9,0,0,1036,"1/1/16",8.260273973,9.928767123,NA,3
"2245","SOL","SOL-1","12/27/04","4/1/13","2/1/16","1/1/15",21,22,0,0,9,0,0,1036,"1/1/16",8.260273973,10.01369863,NA,3
"2246","SOL","SOL-1","12/27/04","4/1/13","2/1/16","2/1/15",22,23,0,0,10,0,0,1036,"1/1/16",8.260273973,10.09863014,NA,3
"2247","SOL","SOL-1","12/27/04","4/1/13","2/1/16","3/1/15",23,24,0,0,10,0,0,1036,"1/1/16",8.260273973,10.17534247,NA,3
"2248","SOL","SOL-1","12/27/04","4/1/13","2/1/16","4/1/15",24,25,0,0,10,0,0,1036,"1/1/16",8.260273973,10.26027397,NA,3
"2249","SOL","SOL-1","12/27/04","4/1/13","2/1/16","5/1/15",25,26,0,0,11,0,0,1036,"1/1/16",8.260273973,10.34246575,NA,0
"2250","SOL","SOL-1","12/27/04","4/1/13","2/1/16","6/1/15",26,27,0,0,11,0,0,1036,"1/1/16",8.260273973,10.42739726,NA,0
"2251","SOL","SOL-1","12/27/04","4/1/13","2/1/16","7/1/15",27,28,0,0,11,0,0,1036,"1/1/16",8.260273973,10.50958904,NA,0
"2252","SOL","SOL-1","12/27/04","4/1/13","2/1/16","8/1/15",28,29,0,0,11,0,0,1036,"1/1/16",8.260273973,10.59452055,NA,0
"2253","SOL","SOL-1","12/27/04","4/1/13","2/1/16","9/1/15",29,30,0,0,11,0,0,1036,"1/1/16",8.260273973,10.67945205,NA,0
"2254","SOL","SOL-1","12/27/04","4/1/13","2/1/16","10/1/15",30,31,0,0,11,0,0,1036,"1/1/16",8.260273973,10.76164384,NA,0
"2255","SOL","SOL-1","12/27/04","4/1/13","2/1/16","11/1/15",31,32,0,0,11,0,0,1036,"1/1/16",8.260273973,10.84657534,NA,0
"2256","SOL","SOL-1","12/27/04","4/1/13","2/1/16","12/1/15",32,33,0,0,11,0,0,1036,"1/1/16",8.260273973,10.92876712,NA,0
"2257","SOL","SOL-1","12/27/04","4/1/13","2/1/16","1/1/16",33,34,1,0,11,0,0,1036,"1/1/16",8.260273973,11.0136612,NA,2
"2258","SON","SON-1","5/1/98","6/1/08","2/1/13","6/1/08",0,1,0,0,9,0,1,1706,"1/1/13",10.08493151,10.08493151,NA,2
"2259","SON","SON-1","5/1/98","6/1/08","2/1/13","7/1/08",1,2,0,0,8,0,1,1706,"1/1/13",10.08493151,10.16712329,NA,2
"2260","SON","SON-1","5/1/98","6/1/08","2/1/13","8/1/08",2,3,0,0,8,0,1,1706,"1/1/13",10.08493151,10.25205479,NA,2
"2261","SON","SON-1","5/1/98","6/1/08","2/1/13","9/1/08",3,4,0,0,8,0,1,1706,"1/1/13",10.08493151,10.3369863,NA,2
"2262","SON","SON-1","5/1/98","6/1/08","2/1/13","10/1/08",4,5,0,0,8,0,1,1706,"1/1/13",10.08493151,10.41917808,NA,2
"2263","SON","SON-1","5/1/98","6/1/08","2/1/13","11/1/08",5,6,0,0,8,0,1,1706,"1/1/13",10.08493151,10.50410959,NA,2
"2264","SON","SON-1","5/1/98","6/1/08","2/1/13","12/1/08",6,7,0,0,8,0,1,1706,"1/1/13",10.08493151,10.58630137,NA,2
"2265","SON","SON-1","5/1/98","6/1/08","2/1/13","1/1/09",7,8,0,0,8,0,1,1706,"1/1/13",10.08493151,10.67123288,NA,2
"2266","SON","SON-1","5/1/98","6/1/08","2/1/13","2/1/09",8,9,0,0,8,0,1,1706,"1/1/13",10.08493151,10.75616438,NA,2
"2267","SON","SON-1","5/1/98","6/1/08","2/1/13","3/1/09",9,10,0,0,9,0,1,1706,"1/1/13",10.08493151,10.83287671,NA,2
"2268","SON","SON-1","5/1/98","6/1/08","2/1/13","4/1/09",10,11,0,0,9,0,1,1706,"1/1/13",10.08493151,10.91780822,NA,2
"2269","SON","SON-1","5/1/98","6/1/08","2/1/13","5/1/09",11,12,0,0,9,0,1,1706,"1/1/13",10.08493151,11,NA,2
"2270","SON","SON-1","5/1/98","6/1/08","2/1/13","6/1/09",12,13,0,0,9,0,1,1706,"1/1/13",10.08493151,11.08493151,NA,0
"2271","SON","SON-1","5/1/98","6/1/08","2/1/13","7/1/09",13,14,0,0,9,0,1,1706,"1/1/13",10.08493151,11.16712329,NA,0
"2272","SON","SON-1","5/1/98","6/1/08","2/1/13","8/1/09",14,15,0,0,9,0,1,1706,"1/1/13",10.08493151,11.25205479,NA,0
"2273","SON","SON-1","5/1/98","6/1/08","2/1/13","9/1/09",15,16,0,0,9,0,1,1706,"1/1/13",10.08493151,11.3369863,NA,0
"2274","SON","SON-1","5/1/98","6/1/08","2/1/13","10/1/09",16,17,0,0,9,0,1,1706,"1/1/13",10.08493151,11.41917808,NA,0
"2275","SON","SON-1","5/1/98","6/1/08","2/1/13","11/1/09",17,18,0,0,9,0,1,1706,"1/1/13",10.08493151,11.50410959,NA,0
"2276","SON","SON-1","5/1/98","6/1/08","2/1/13","12/1/09",18,19,0,0,9,0,1,1706,"1/1/13",10.08493151,11.58630137,NA,0
"2277","SON","SON-1","5/1/98","6/1/08","2/1/13","1/1/10",19,20,0,0,9,0,1,1706,"1/1/13",10.08493151,11.67123288,NA,0
"2278","SON","SON-1","5/1/98","6/1/08","2/1/13","2/1/10",20,21,0,0,9,0,1,1706,"1/1/13",10.08493151,11.75616438,NA,0
"2279","SON","SON-1","5/1/98","6/1/08","2/1/13","3/1/10",21,22,0,0,7,0,1,1706,"1/1/13",10.08493151,11.83287671,NA,0
"2280","SON","SON-1","5/1/98","6/1/08","2/1/13","4/1/10",22,23,0,0,7,0,1,1706,"1/1/13",10.08493151,11.91780822,NA,0
"2281","SON","SON-1","5/1/98","6/1/08","2/1/13","5/1/10",23,24,0,0,7,0,1,1706,"1/1/13",10.08493151,12,NA,0
"2282","SON","SON-1","5/1/98","6/1/08","2/1/13","6/1/10",24,25,0,0,7,0,1,1706,"1/1/13",10.08493151,12.08493151,NA,0
"2283","SON","SON-1","5/1/98","6/1/08","2/1/13","7/1/10",25,26,0,0,7,0,1,1706,"1/1/13",10.08493151,12.16712329,NA,0
"2284","SON","SON-1","5/1/98","6/1/08","2/1/13","8/1/10",26,27,0,0,7,0,1,1706,"1/1/13",10.08493151,12.25205479,NA,0
"2285","SON","SON-1","5/1/98","6/1/08","2/1/13","9/1/10",27,28,0,0,7,0,1,1706,"1/1/13",10.08493151,12.3369863,NA,0
"2286","SON","SON-1","5/1/98","6/1/08","2/1/13","10/1/10",28,29,0,0,7,0,1,1706,"1/1/13",10.08493151,12.41917808,NA,0
"2287","SON","SON-1","5/1/98","6/1/08","2/1/13","11/1/10",29,30,0,0,7,0,1,1706,"1/1/13",10.08493151,12.50410959,NA,0
"2288","SON","SON-1","5/1/98","6/1/08","2/1/13","12/1/10",30,31,0,0,7,0,1,1706,"1/1/13",10.08493151,12.58630137,NA,0
"2289","SON","SON-1","5/1/98","6/1/08","2/1/13","1/1/11",31,32,0,0,7,0,1,1706,"1/1/13",10.08493151,12.67123288,NA,0
"2290","SON","SON-1","5/1/98","6/1/08","2/1/13","2/1/11",32,33,0,0,7,0,1,1706,"1/1/13",10.08493151,12.75616438,NA,0
"2291","SON","SON-1","5/1/98","6/1/08","2/1/13","3/1/11",33,34,0,0,7,0,1,1706,"1/1/13",10.08493151,12.83287671,NA,0
"2292","SON","SON-1","5/1/98","6/1/08","2/1/13","4/1/11",34,35,0,0,7,0,1,1706,"1/1/13",10.08493151,12.91780822,NA,0
"2293","SON","SON-1","5/1/98","6/1/08","2/1/13","5/1/11",35,36,0,0,7,0,1,1706,"1/1/13",10.08493151,13,NA,0
"2294","SON","SON-1","5/1/98","6/1/08","2/1/13","6/1/11",36,37,0,0,7,0,1,1706,"1/1/13",10.08493151,13.08469945,NA,0
"2295","SON","SON-1","5/1/98","6/1/08","2/1/13","7/1/11",37,38,0,0,8,0,1,1706,"1/1/13",10.08493151,13.16666667,NA,0
"2296","SON","SON-1","5/1/98","6/1/08","2/1/13","8/1/11",38,39,0,0,8,0,1,1706,"1/1/13",10.08493151,13.25136612,NA,0
"2297","SON","SON-1","5/1/98","6/1/08","2/1/13","9/1/11",39,40,0,0,8,0,1,1706,"1/1/13",10.08493151,13.33606557,NA,0
"2298","SON","SON-1","5/1/98","6/1/08","2/1/13","10/1/11",40,41,0,0,8,0,1,1706,"1/1/13",10.08493151,13.41803279,NA,0
"2299","SON","SON-1","5/1/98","6/1/08","2/1/13","11/1/11",41,42,0,0,8,0,1,1706,"1/1/13",10.08493151,13.50273224,NA,0
"2300","SON","SON-1","5/1/98","6/1/08","2/1/13","12/1/11",42,43,0,0,8,0,1,1706,"1/1/13",10.08493151,13.58469945,NA,0
"2301","SON","SON-1","5/1/98","6/1/08","2/1/13","1/1/12",43,44,0,0,8,0,1,1706,"1/1/13",10.08493151,13.66939891,NA,0
"2302","SON","SON-1","5/1/98","6/1/08","2/1/13","2/1/12",44,45,0,0,8,0,1,1706,"1/1/13",10.08493151,13.75409836,NA,0
"2303","SON","SON-1","5/1/98","6/1/08","2/1/13","3/1/12",45,46,0,0,8,0,1,1706,"1/1/13",10.08493151,13.83333333,NA,0
"2304","SON","SON-1","5/1/98","6/1/08","2/1/13","4/1/12",46,47,0,0,8,0,1,1706,"1/1/13",10.08493151,13.91803279,NA,0
"2305","SON","SON-1","5/1/98","6/1/08","2/1/13","5/1/12",47,48,0,0,8,0,1,1706,"1/1/13",10.08493151,14,NA,0
"2306","SON","SON-1","5/1/98","6/1/08","2/1/13","6/1/12",48,49,0,0,8,0,1,1706,"1/1/13",10.08493151,14.08493151,NA,0
"2307","SON","SON-1","5/1/98","6/1/08","2/1/13","7/1/12",49,50,0,0,8,0,1,1706,"1/1/13",10.08493151,14.16712329,NA,0
"2308","SON","SON-1","5/1/98","6/1/08","2/1/13","8/1/12",50,51,0,0,9,0,1,1706,"1/1/13",10.08493151,14.25205479,NA,0
"2309","SON","SON-1","5/1/98","6/1/08","2/1/13","9/1/12",51,52,0,0,9,0,1,1706,"1/1/13",10.08493151,14.3369863,NA,0
"2310","SON","SON-1","5/1/98","6/1/08","2/1/13","10/1/12",52,53,0,0,9,0,1,1706,"1/1/13",10.08493151,14.41917808,NA,0
"2311","SON","SON-1","5/1/98","6/1/08","2/1/13","11/1/12",53,54,0,0,9,0,1,1706,"1/1/13",10.08493151,14.50410959,NA,0
"2312","SON","SON-1","5/1/98","6/1/08","2/1/13","12/1/12",54,55,0,0,9,0,1,1706,"1/1/13",10.08493151,14.58630137,NA,0
"2313","SON","SON-1","5/1/98","6/1/08","2/1/13","1/1/13",55,56,0,0,9,0,1,1706,"1/1/13",10.08493151,14.67123288,NA,0
"2314","SPO","SPO-1","3/22/97","1/1/06","11/1/11","1/1/06",0,1,0,0,8,1,0,2130,"10/1/11",8.780821918,8.780821918,NA,0
"2315","SPO","SPO-1","3/22/97","1/1/06","11/1/11","2/1/06",1,2,0,0,8,1,0,2130,"10/1/11",8.780821918,8.865753425,NA,0
"2316","SPO","SPO-1","3/22/97","1/1/06","11/1/11","3/1/06",2,3,0,0,8,1,0,2130,"10/1/11",8.780821918,8.942465753,NA,0
"2317","SPO","SPO-1","3/22/97","1/1/06","11/1/11","4/1/06",3,4,0,0,8,1,0,2130,"10/1/11",8.780821918,9.02739726,NA,0
"2318","SPO","SPO-1","3/22/97","1/1/06","11/1/11","5/1/06",4,5,0,0,8,1,0,2130,"10/1/11",8.780821918,9.109589041,NA,0
"2319","SPO","SPO-1","3/22/97","1/1/06","11/1/11","6/1/06",5,6,0,0,8,1,0,2130,"10/1/11",8.780821918,9.194520548,NA,0
"2320","SPO","SPO-1","3/22/97","1/1/06","11/1/11","7/1/06",6,7,0,0,8,1,0,2130,"10/1/11",8.780821918,9.276712329,NA,0
"2321","SPO","SPO-1","3/22/97","1/1/06","11/1/11","8/1/06",7,8,0,0,8,1,0,2130,"10/1/11",8.780821918,9.361643836,NA,0
"2322","SPO","SPO-1","3/22/97","1/1/06","11/1/11","9/1/06",8,9,0,0,8,1,0,2130,"10/1/11",8.780821918,9.446575342,NA,0
"2323","SPO","SPO-1","3/22/97","1/1/06","11/1/11","10/1/06",9,10,0,0,8,1,0,2130,"10/1/11",8.780821918,9.528767123,NA,0
"2324","SPO","SPO-1","3/22/97","1/1/06","11/1/11","11/1/06",10,11,0,0,8,1,0,2130,"10/1/11",8.780821918,9.61369863,NA,0
"2325","SPO","SPO-1","3/22/97","1/1/06","11/1/11","12/1/06",11,12,0,0,8,1,0,2130,"10/1/11",8.780821918,9.695890411,NA,0
"2326","SPO","SPO-1","3/22/97","1/1/06","11/1/11","1/1/07",12,13,0,0,8,1,0,2130,"10/1/11",8.780821918,9.780821918,NA,0
"2327","SPO","SPO-1","3/22/97","1/1/06","11/1/11","2/1/07",13,14,0,0,6,1,0,2130,"10/1/11",8.780821918,9.865753425,NA,0
"2328","SPO","SPO-1","3/22/97","1/1/06","11/1/11","3/1/07",14,15,0,0,6,1,0,2130,"10/1/11",8.780821918,9.942465753,NA,0
"2329","SPO","SPO-1","3/22/97","1/1/06","11/1/11","4/1/07",15,16,0,0,6,1,0,2130,"10/1/11",8.780821918,10.0273224,NA,0
"2330","SPO","SPO-1","3/22/97","1/1/06","11/1/11","5/1/07",16,17,0,0,6,1,0,2130,"10/1/11",8.780821918,10.10928962,NA,0
"2331","SPO","SPO-1","3/22/97","1/1/06","11/1/11","6/1/07",17,18,0,0,7,1,0,2130,"10/1/11",8.780821918,10.19398907,NA,0
"2332","SPO","SPO-1","3/22/97","1/1/06","11/1/11","7/1/07",18,19,0,0,7,1,0,2130,"10/1/11",8.780821918,10.27595628,NA,0
"2333","SPO","SPO-1","3/22/97","1/1/06","11/1/11","8/1/07",19,20,0,0,7,1,0,2130,"10/1/11",8.780821918,10.36065574,NA,0
"2334","SPO","SPO-1","3/22/97","1/1/06","11/1/11","9/1/07",20,21,0,0,7,1,0,2130,"10/1/11",8.780821918,10.44535519,NA,0
"2335","SPO","SPO-1","3/22/97","1/1/06","11/1/11","10/1/07",21,22,0,0,7,1,0,2130,"10/1/11",8.780821918,10.5273224,NA,0
"2336","SPO","SPO-1","3/22/97","1/1/06","11/1/11","11/1/07",22,23,0,0,7,1,0,2130,"10/1/11",8.780821918,10.61202186,NA,0
"2337","SPO","SPO-1","3/22/97","1/1/06","11/1/11","12/1/07",23,24,0,0,7,1,0,2130,"10/1/11",8.780821918,10.69398907,NA,0
"2338","SPO","SPO-1","3/22/97","1/1/06","11/1/11","1/1/08",24,25,0,0,8,1,0,2130,"10/1/11",8.780821918,10.77868852,NA,0
"2339","SPO","SPO-1","3/22/97","1/1/06","11/1/11","2/1/08",25,26,0,0,8,1,0,2130,"10/1/11",8.780821918,10.86338798,NA,0
"2340","SPO","SPO-1","3/22/97","1/1/06","11/1/11","3/1/08",26,27,0,0,8,1,0,2130,"10/1/11",8.780821918,10.94262295,NA,0
"2341","SPO","SPO-1","3/22/97","1/1/06","11/1/11","4/1/08",27,28,0,0,8,1,0,2130,"10/1/11",8.780821918,11.02739726,NA,0
"2342","SPO","SPO-1","3/22/97","1/1/06","11/1/11","5/1/08",28,29,0,0,8,1,0,2130,"10/1/11",8.780821918,11.10958904,NA,0
"2343","SPO","SPO-1","3/22/97","1/1/06","11/1/11","6/1/08",29,30,0,0,8,1,0,2130,"10/1/11",8.780821918,11.19452055,NA,0
"2344","SPO","SPO-1","3/22/97","1/1/06","11/1/11","7/1/08",30,31,0,0,8,1,0,2130,"10/1/11",8.780821918,11.27671233,NA,0
"2345","SPO","SPO-1","3/22/97","1/1/06","11/1/11","8/1/08",31,32,0,0,8,1,0,2130,"10/1/11",8.780821918,11.36164384,NA,0
"2346","SPO","SPO-1","3/22/97","1/1/06","11/1/11","9/1/08",32,33,0,0,8,1,0,2130,"10/1/11",8.780821918,11.44657534,NA,0
"2347","SPO","SPO-1","3/22/97","1/1/06","11/1/11","10/1/08",33,34,0,0,8,1,0,2130,"10/1/11",8.780821918,11.52876712,NA,0
"2348","SPO","SPO-1","3/22/97","1/1/06","11/1/11","11/1/08",34,35,0,0,8,1,0,2130,"10/1/11",8.780821918,11.61369863,NA,0
"2349","SPO","SPO-1","3/22/97","1/1/06","11/1/11","12/1/08",35,36,0,0,8,1,0,2130,"10/1/11",8.780821918,11.69589041,NA,0
"2350","SPO","SPO-1","3/22/97","1/1/06","11/1/11","1/1/09",36,37,0,0,8,1,0,2130,"10/1/11",8.780821918,11.78082192,NA,0
"2351","SPO","SPO-1","3/22/97","1/1/06","11/1/11","2/1/09",37,38,0,0,8,1,0,2130,"10/1/11",8.780821918,11.86575342,NA,0
"2352","SPO","SPO-1","3/22/97","1/1/06","11/1/11","3/1/09",38,39,0,0,8,1,0,2130,"10/1/11",8.780821918,11.94246575,NA,0
"2353","SPO","SPO-1","3/22/97","1/1/06","11/1/11","4/1/09",39,40,0,0,8,1,0,2130,"10/1/11",8.780821918,12.02739726,NA,0
"2354","SPO","SPO-1","3/22/97","1/1/06","11/1/11","5/1/09",40,41,0,0,8,1,0,2130,"10/1/11",8.780821918,12.10958904,NA,0
"2355","SPO","SPO-1","3/22/97","1/1/06","11/1/11","6/1/09",41,42,0,0,8,1,0,2130,"10/1/11",8.780821918,12.19452055,NA,0
"2356","SPO","SPO-1","3/22/97","1/1/06","11/1/11","7/1/09",42,43,0,0,8,1,0,2130,"10/1/11",8.780821918,12.27671233,NA,0
"2357","SPO","SPO-1","3/22/97","1/1/06","11/1/11","8/1/09",43,44,0,0,8,1,0,2130,"10/1/11",8.780821918,12.36164384,NA,0
"2358","SPO","SPO-1","3/22/97","1/1/06","11/1/11","9/1/09",44,45,0,0,8,1,0,2130,"10/1/11",8.780821918,12.44657534,NA,0
"2359","SPO","SPO-1","3/22/97","1/1/06","11/1/11","10/1/09",45,46,0,0,8,1,0,2130,"10/1/11",8.780821918,12.52876712,NA,0
"2360","SPO","SPO-1","3/22/97","1/1/06","11/1/11","11/1/09",46,47,0,0,8,1,0,2130,"10/1/11",8.780821918,12.61369863,NA,0
"2361","SPO","SPO-1","3/22/97","1/1/06","11/1/11","12/1/09",47,48,0,0,8,1,0,2130,"10/1/11",8.780821918,12.69589041,NA,0
"2362","SPO","SPO-1","3/22/97","1/1/06","11/1/11","1/1/10",48,49,0,0,8,1,0,2130,"10/1/11",8.780821918,12.78082192,NA,0
"2363","SPO","SPO-1","3/22/97","1/1/06","11/1/11","2/1/10",49,50,0,0,8,1,0,2130,"10/1/11",8.780821918,12.86575342,NA,0
"2364","SPO","SPO-1","3/22/97","1/1/06","11/1/11","3/1/10",50,51,0,0,8,1,0,2130,"10/1/11",8.780821918,12.94246575,NA,0
"2365","SPO","SPO-1","3/22/97","1/1/06","11/1/11","4/1/10",51,52,0,0,8,1,0,2130,"10/1/11",8.780821918,13.02739726,NA,0
"2366","SPO","SPO-1","3/22/97","1/1/06","11/1/11","5/1/10",52,53,0,0,7,1,0,2130,"10/1/11",8.780821918,13.10958904,NA,0
"2367","SPO","SPO-1","3/22/97","1/1/06","11/1/11","6/1/10",53,54,0,0,7,1,0,2130,"10/1/11",8.780821918,13.19452055,NA,0
"2368","SPO","SPO-1","3/22/97","1/1/06","11/1/11","7/1/10",54,55,0,0,7,1,0,2130,"10/1/11",8.780821918,13.27671233,NA,0
"2369","SPO","SPO-1","3/22/97","1/1/06","11/1/11","8/1/10",55,56,0,0,7,1,0,2130,"10/1/11",8.780821918,13.36164384,NA,0
"2370","SPO","SPO-1","3/22/97","1/1/06","11/1/11","9/1/10",56,57,0,0,6,1,0,2130,"10/1/11",8.780821918,13.44657534,NA,0
"2371","SPO","SPO-1","3/22/97","1/1/06","11/1/11","10/1/10",57,58,0,0,6,1,0,2130,"10/1/11",8.780821918,13.52876712,NA,0
"2372","SPO","SPO-1","3/22/97","1/1/06","11/1/11","11/1/10",58,59,0,0,6,1,0,2130,"10/1/11",8.780821918,13.61369863,NA,0
"2373","SPO","SPO-1","3/22/97","1/1/06","11/1/11","12/1/10",59,60,0,0,6,1,0,2130,"10/1/11",8.780821918,13.69589041,NA,0
"2374","SPO","SPO-1","3/22/97","1/1/06","11/1/11","1/1/11",60,61,0,0,6,1,0,2130,"10/1/11",8.780821918,13.78082192,NA,0
"2375","SPO","SPO-1","3/22/97","1/1/06","11/1/11","2/1/11",61,62,0,0,6,1,0,2130,"10/1/11",8.780821918,13.86575342,NA,0
"2376","SPO","SPO-1","3/22/97","1/1/06","11/1/11","3/1/11",62,63,0,0,6,1,0,2130,"10/1/11",8.780821918,13.94246575,NA,0
"2377","SPO","SPO-1","3/22/97","1/1/06","11/1/11","4/1/11",63,64,0,0,5,1,0,2130,"10/1/11",8.780821918,14.0273224,NA,0
"2378","SPO","SPO-1","3/22/97","1/1/06","11/1/11","5/1/11",64,65,0,0,5,1,0,2130,"10/1/11",8.780821918,14.10928962,NA,0
"2379","SPO","SPO-1","3/22/97","1/1/06","11/1/11","6/1/11",65,66,0,0,5,1,0,2130,"10/1/11",8.780821918,14.19398907,NA,0
"2380","SPO","SPO-1","3/22/97","1/1/06","11/1/11","7/1/11",66,67,0,0,7,1,0,2130,"10/1/11",8.780821918,14.27595628,NA,0
"2381","SPO","SPO-1","3/22/97","1/1/06","11/1/11","8/1/11",67,68,0,0,7,1,0,2130,"10/1/11",8.780821918,14.36065574,NA,0
"2382","SPO","SPO-1","3/22/97","1/1/06","11/1/11","9/1/11",68,69,0,0,7,1,0,2130,"10/1/11",8.780821918,14.44535519,NA,0
"2383","SPO","SPO-1","3/22/97","1/1/06","11/1/11","10/1/11",69,70,1,0,7,1,0,2130,"10/1/11",8.780821918,14.5273224,NA,0
"2384","SUD","SUD-1","7/5/95","1/1/06","3/1/08","1/1/06",0,1,0,0,7,1,0,790,"2/1/08",10.49315068,10.49315068,"2/1/08",0
"2385","SUD","SUD-1","7/5/95","1/1/06","3/1/08","2/1/06",1,2,0,0,7,1,0,790,"2/1/08",10.49315068,10.57808219,"2/1/08",0
"2386","SUD","SUD-1","7/5/95","1/1/06","3/1/08","3/1/06",2,3,0,0,7,1,0,790,"2/1/08",10.49315068,10.65479452,"2/1/08",0
"2387","SUD","SUD-1","7/5/95","1/1/06","3/1/08","4/1/06",3,4,0,0,7,1,0,790,"2/1/08",10.49315068,10.73972603,"2/1/08",0
"2388","SUD","SUD-1","7/5/95","1/1/06","3/1/08","5/1/06",4,5,0,0,7,1,0,790,"2/1/08",10.49315068,10.82191781,"2/1/08",0
"2389","SUD","SUD-1","7/5/95","1/1/06","3/1/08","6/1/06",5,6,0,0,6,1,0,790,"2/1/08",10.49315068,10.90684932,"2/1/08",0
"2390","SUD","SUD-1","7/5/95","1/1/06","3/1/08","7/1/06",6,7,0,0,6,1,0,790,"2/1/08",10.49315068,10.9890411,"2/1/08",0
"2391","SUD","SUD-1","7/5/95","1/1/06","3/1/08","8/1/06",7,8,0,0,6,1,0,790,"2/1/08",10.49315068,11.0739726,"2/1/08",0
"2392","SUD","SUD-1","7/5/95","1/1/06","3/1/08","9/1/06",8,9,0,0,6,1,0,790,"2/1/08",10.49315068,11.15890411,"2/1/08",0
"2393","SUD","SUD-1","7/5/95","1/1/06","3/1/08","10/1/06",9,10,0,0,6,1,0,790,"2/1/08",10.49315068,11.24109589,"2/1/08",0
"2394","SUD","SUD-1","7/5/95","1/1/06","3/1/08","11/1/06",10,11,0,0,6,1,0,790,"2/1/08",10.49315068,11.3260274,"2/1/08",0
"2395","SUD","SUD-1","7/5/95","1/1/06","3/1/08","12/1/06",11,12,0,0,6,1,0,790,"2/1/08",10.49315068,11.40821918,"2/1/08",0
"2396","SUD","SUD-1","7/5/95","1/1/06","3/1/08","1/1/07",12,13,0,0,6,1,0,790,"2/1/08",10.49315068,11.49315068,"2/1/08",0
"2397","SUD","SUD-1","7/5/95","1/1/06","3/1/08","2/1/07",13,14,0,0,6,1,0,790,"2/1/08",10.49315068,11.57808219,"2/1/08",0
"2398","SUD","SUD-1","7/5/95","1/1/06","3/1/08","3/1/07",14,15,0,0,6,1,0,790,"2/1/08",10.49315068,11.65479452,"2/1/08",0
"2399","SUD","SUD-1","7/5/95","1/1/06","3/1/08","4/1/07",15,16,0,0,6,1,0,790,"2/1/08",10.49315068,11.73972603,"2/1/08",0
"2400","SUD","SUD-1","7/5/95","1/1/06","3/1/08","5/1/07",16,17,0,0,6,1,0,790,"2/1/08",10.49315068,11.82191781,"2/1/08",0
"2401","SUD","SUD-1","7/5/95","1/1/06","3/1/08","6/1/07",17,18,0,0,6,1,0,790,"2/1/08",10.49315068,11.90684932,"2/1/08",0
"2402","SUD","SUD-1","7/5/95","1/1/06","3/1/08","7/1/07",18,19,0,0,7,1,0,790,"2/1/08",10.49315068,11.9890411,"2/1/08",0
"2403","SUD","SUD-1","7/5/95","1/1/06","3/1/08","8/1/07",19,20,0,0,7,1,0,790,"2/1/08",10.49315068,12.07377049,"2/1/08",0
"2404","SUD","SUD-1","7/5/95","1/1/06","3/1/08","9/1/07",20,21,0,0,7,1,0,790,"2/1/08",10.49315068,12.15846995,"2/1/08",0
"2405","SUD","SUD-1","7/5/95","1/1/06","3/1/08","10/1/07",21,22,0,0,7,1,0,790,"2/1/08",10.49315068,12.24043716,"2/1/08",0
"2406","SUD","SUD-1","7/5/95","1/1/06","3/1/08","11/1/07",22,23,0,0,7,1,0,790,"2/1/08",10.49315068,12.32513661,"2/1/08",0
"2407","SUD","SUD-1","7/5/95","1/1/06","3/1/08","12/1/07",23,24,0,0,7,1,0,790,"2/1/08",10.49315068,12.40710383,"2/1/08",0
"2408","SUD","SUD-1","7/5/95","1/1/06","3/1/08","1/1/08",24,25,0,0,7,1,0,790,"2/1/08",10.49315068,12.49180328,"2/1/08",0
"2409","SUD","SUD-1","7/5/95","1/1/06","3/1/08","2/1/08",25,26,1,1,7,1,0,790,"2/1/08",10.49315068,12.57650273,"2/1/08",0
"2410","TAL","TAL-1","11/1/05","6/1/12","6/1/19","6/1/12",0,1,0,0,8,0,0,2556,"5/1/19",6.581967213,6.581967213,NA,8
"2411","TAL","TAL-1","11/1/05","6/1/12","6/1/19","7/1/12",1,2,0,0,4,0,0,2556,"5/1/19",6.581967213,6.663934426,NA,8
"2412","TAL","TAL-1","11/1/05","6/1/12","6/1/19","8/1/12",2,3,0,0,4,0,0,2556,"5/1/19",6.581967213,6.74863388,NA,8
"2413","TAL","TAL-1","11/1/05","6/1/12","6/1/19","9/1/12",3,4,0,0,4,0,0,2556,"5/1/19",6.581967213,6.833333333,NA,8
"2414","TAL","TAL-1","11/1/05","6/1/12","6/1/19","10/1/12",4,5,0,0,4,0,0,2556,"5/1/19",6.581967213,6.915300546,NA,8
"2415","TAL","TAL-1","11/1/05","6/1/12","6/1/19","11/1/12",5,6,0,0,4,0,0,2556,"5/1/19",6.581967213,7,NA,8
"2416","TAL","TAL-1","11/1/05","6/1/12","6/1/19","12/1/12",6,7,0,0,4,0,0,2556,"5/1/19",6.581967213,7.082191781,NA,5
"2417","TAL","TAL-1","11/1/05","6/1/12","6/1/19","1/1/13",7,8,0,0,3,0,0,2556,"5/1/19",6.581967213,7.167123288,NA,5
"2418","TAL","TAL-1","11/1/05","6/1/12","6/1/19","2/1/13",8,9,0,0,3,0,0,2556,"5/1/19",6.581967213,7.252054795,NA,0
"2419","TAL","TAL-1","11/1/05","6/1/12","6/1/19","3/1/13",9,10,0,0,3,0,0,2556,"5/1/19",6.581967213,7.328767123,NA,0
"2420","TAL","TAL-1","11/1/05","6/1/12","6/1/19","4/1/13",10,11,0,0,3,0,0,2556,"5/1/19",6.581967213,7.41369863,NA,0
"2421","TAL","TAL-1","11/1/05","6/1/12","6/1/19","5/1/13",11,12,0,0,3,0,0,2556,"5/1/19",6.581967213,7.495890411,NA,0
"2422","TAL","TAL-1","11/1/05","6/1/12","6/1/19","6/1/13",12,13,0,0,3,0,0,2556,"5/1/19",6.581967213,7.580821918,NA,0
"2423","TAL","TAL-1","11/1/05","6/1/12","6/1/19","7/1/13",13,14,0,0,3,0,0,2556,"5/1/19",6.581967213,7.663013699,NA,0
"2424","TAL","TAL-1","11/1/05","6/1/12","6/1/19","8/1/13",14,15,0,0,2,0,0,2556,"5/1/19",6.581967213,7.747945205,NA,0
"2425","TAL","TAL-1","11/1/05","6/1/12","6/1/19","9/1/13",15,16,0,0,2,0,0,2556,"5/1/19",6.581967213,7.832876712,NA,0
"2426","TAL","TAL-1","11/1/05","6/1/12","6/1/19","10/1/13",16,17,0,0,2,0,0,2556,"5/1/19",6.581967213,7.915068493,NA,0
"2427","TAL","TAL-1","11/1/05","6/1/12","6/1/19","11/1/13",17,18,0,0,2,0,0,2556,"5/1/19",6.581967213,8,NA,0
"2428","TAL","TAL-1","11/1/05","6/1/12","6/1/19","12/1/13",18,19,0,0,2,0,0,2556,"5/1/19",6.581967213,8.082191781,NA,0
"2429","TAL","TAL-1","11/1/05","6/1/12","6/1/19","1/1/14",19,20,0,0,2,0,0,2556,"5/1/19",6.581967213,8.167123288,NA,0
"2430","TAL","TAL-1","11/1/05","6/1/12","6/1/19","2/1/14",20,21,0,0,2,0,0,2556,"5/1/19",6.581967213,8.252054795,NA,0
"2431","TAL","TAL-1","11/1/05","6/1/12","6/1/19","3/1/14",21,22,0,0,2,0,0,2556,"5/1/19",6.581967213,8.328767123,NA,0
"2432","TAL","TAL-1","11/1/05","6/1/12","6/1/19","4/1/14",22,23,0,0,2,0,0,2556,"5/1/19",6.581967213,8.41369863,NA,0
"2433","TAL","TAL-1","11/1/05","6/1/12","6/1/19","5/1/14",23,24,0,0,2,0,0,2556,"5/1/19",6.581967213,8.495890411,NA,0
"2434","TAL","TAL-1","11/1/05","6/1/12","6/1/19","6/1/14",24,25,0,0,2,0,0,2556,"5/1/19",6.581967213,8.580821918,NA,0
"2435","TAL","TAL-1","11/1/05","6/1/12","6/1/19","7/1/14",25,26,0,0,2,0,0,2556,"5/1/19",6.581967213,8.663013699,NA,0
"2436","TAL","TAL-1","11/1/05","6/1/12","6/1/19","8/1/14",26,27,0,0,2,0,0,2556,"5/1/19",6.581967213,8.747945205,NA,0
"2437","TAL","TAL-1","11/1/05","6/1/12","6/1/19","9/1/14",27,28,0,0,2,0,0,2556,"5/1/19",6.581967213,8.832876712,NA,0
"2438","TAL","TAL-1","11/1/05","6/1/12","6/1/19","10/1/14",28,29,0,0,5,0,0,2556,"5/1/19",6.581967213,8.915068493,NA,0
"2439","TAL","TAL-1","11/1/05","6/1/12","6/1/19","11/1/14",29,30,0,0,5,0,0,2556,"5/1/19",6.581967213,9,NA,0
"2440","TAL","TAL-1","11/1/05","6/1/12","6/1/19","12/1/14",30,31,0,0,5,0,0,2556,"5/1/19",6.581967213,9.082191781,NA,0
"2441","TAL","TAL-1","11/1/05","6/1/12","6/1/19","1/1/15",31,32,0,0,5,0,0,2556,"5/1/19",6.581967213,9.167123288,NA,0
"2442","TAL","TAL-1","11/1/05","6/1/12","6/1/19","2/1/15",32,33,0,0,5,0,0,2556,"5/1/19",6.581967213,9.252054795,NA,0
"2443","TAL","TAL-1","11/1/05","6/1/12","6/1/19","3/1/15",33,34,0,0,5,0,0,2556,"5/1/19",6.581967213,9.328767123,NA,0
"2444","TAL","TAL-1","11/1/05","6/1/12","6/1/19","4/1/15",34,35,0,0,5,0,0,2556,"5/1/19",6.581967213,9.41369863,NA,0
"2445","TAL","TAL-1","11/1/05","6/1/12","6/1/19","5/1/15",35,36,0,0,6,0,0,2556,"5/1/19",6.581967213,9.495890411,NA,0
"2446","TAL","TAL-1","11/1/05","6/1/12","6/1/19","6/1/15",36,37,0,0,6,0,0,2556,"5/1/19",6.581967213,9.580821918,NA,0
"2447","TAL","TAL-1","11/1/05","6/1/12","6/1/19","7/1/15",37,38,0,0,6,0,0,2556,"5/1/19",6.581967213,9.663013699,NA,0
"2448","TAL","TAL-1","11/1/05","6/1/12","6/1/19","8/1/15",38,39,0,0,6,0,0,2556,"5/1/19",6.581967213,9.747945205,NA,0
"2449","TAL","TAL-1","11/1/05","6/1/12","6/1/19","9/1/15",39,40,0,0,6,0,0,2556,"5/1/19",6.581967213,9.832876712,NA,0
"2450","TAL","TAL-1","11/1/05","6/1/12","6/1/19","10/1/15",40,41,0,0,6,0,0,2556,"5/1/19",6.581967213,9.915068493,NA,0
"2451","TAL","TAL-1","11/1/05","6/1/12","6/1/19","11/1/15",41,42,0,0,6,0,0,2556,"5/1/19",6.581967213,10,NA,0
"2452","TAL","TAL-1","11/1/05","6/1/12","6/1/19","12/1/15",42,43,0,0,6,0,0,2556,"5/1/19",6.581967213,10.08196721,NA,0
"2453","TAL","TAL-1","11/1/05","6/1/12","6/1/19","1/1/16",43,44,0,0,6,0,0,2556,"5/1/19",6.581967213,10.16666667,NA,0
"2454","TAL","TAL-1","11/1/05","6/1/12","6/1/19","2/1/16",44,45,0,0,6,0,0,2556,"5/1/19",6.581967213,10.25136612,NA,0
"2455","TAL","TAL-1","11/1/05","6/1/12","6/1/19","3/1/16",45,46,0,0,6,0,0,2556,"5/1/19",6.581967213,10.33060109,NA,0
"2456","TAL","TAL-1","11/1/05","6/1/12","6/1/19","4/1/16",46,47,0,0,6,0,0,2556,"5/1/19",6.581967213,10.41530055,NA,0
"2457","TAL","TAL-1","11/1/05","6/1/12","6/1/19","5/1/16",47,48,0,0,6,0,0,2556,"5/1/19",6.581967213,10.49726776,NA,0
"2458","TAL","TAL-1","11/1/05","6/1/12","6/1/19","6/1/16",48,49,0,0,6,0,0,2556,"5/1/19",6.581967213,10.58196721,NA,0
"2459","TAL","TAL-1","11/1/05","6/1/12","6/1/19","7/1/16",49,50,0,0,5,0,0,2556,"5/1/19",6.581967213,10.66393443,NA,0
"2460","TAL","TAL-1","11/1/05","6/1/12","6/1/19","8/1/16",50,51,0,0,5,0,0,2556,"5/1/19",6.581967213,10.74863388,NA,0
"2461","TAL","TAL-1","11/1/05","6/1/12","6/1/19","9/1/16",51,52,0,0,5,0,0,2556,"5/1/19",6.581967213,10.83333333,NA,0
"2462","TAL","TAL-1","11/1/05","6/1/12","6/1/19","10/1/16",52,53,0,0,5,0,0,2556,"5/1/19",6.581967213,10.91530055,NA,0
"2463","TAL","TAL-1","11/1/05","6/1/12","6/1/19","11/1/16",53,54,0,0,5,0,0,2556,"5/1/19",6.581967213,11,NA,0
"2464","TAL","TAL-1","11/1/05","6/1/12","6/1/19","12/1/16",54,55,0,0,5,0,0,2556,"5/1/19",6.581967213,11.08219178,NA,0
"2465","TAL","TAL-1","11/1/05","6/1/12","6/1/19","1/1/17",55,56,0,0,5,0,0,2556,"5/1/19",6.581967213,11.16712329,NA,0
"2466","TAL","TAL-1","11/1/05","6/1/12","6/1/19","2/1/17",56,57,0,0,5,0,0,2556,"5/1/19",6.581967213,11.25205479,NA,0
"2467","TAL","TAL-1","11/1/05","6/1/12","6/1/19","3/1/17",57,58,0,0,5,0,0,2556,"5/1/19",6.581967213,11.32876712,NA,0
"2468","TAL","TAL-1","11/1/05","6/1/12","6/1/19","4/1/17",58,59,0,0,5,0,0,2556,"5/1/19",6.581967213,11.41369863,NA,0
"2469","TAL","TAL-1","11/1/05","6/1/12","6/1/19","5/1/17",59,60,0,0,5,0,0,2556,"5/1/19",6.581967213,11.49589041,NA,0
"2470","TAL","TAL-1","11/1/05","6/1/12","6/1/19","6/1/17",60,61,0,0,5,0,0,2556,"5/1/19",6.581967213,11.58082192,NA,0
"2471","TAL","TAL-1","11/1/05","6/1/12","6/1/19","7/1/17",61,62,0,0,5,0,0,2556,"5/1/19",6.581967213,11.6630137,NA,0
"2472","TAL","TAL-1","11/1/05","6/1/12","6/1/19","8/1/17",62,63,0,0,5,0,0,2556,"5/1/19",6.581967213,11.74794521,NA,0
"2473","TAL","TAL-1","11/1/05","6/1/12","6/1/19","9/1/17",63,64,0,0,5,0,0,2556,"5/1/19",6.581967213,11.83287671,NA,0
"2474","TAL","TAL-1","11/1/05","6/1/12","6/1/19","10/1/17",64,65,0,0,5,0,0,2556,"5/1/19",6.581967213,11.91506849,NA,0
"2475","TAL","TAL-1","11/1/05","6/1/12","6/1/19","11/1/17",65,66,0,0,5,0,0,2556,"5/1/19",6.581967213,12,NA,0
"2476","TAL","TAL-1","11/1/05","6/1/12","6/1/19","12/1/17",66,67,0,0,5,0,0,2556,"5/1/19",6.581967213,12.08219178,NA,0
"2477","TAL","TAL-1","11/1/05","6/1/12","6/1/19","1/1/18",67,68,0,0,5,0,0,2556,"5/1/19",6.581967213,12.16712329,NA,0
"2478","TAL","TAL-1","11/1/05","6/1/12","6/1/19","2/1/18",68,69,0,0,5,0,0,2556,"5/1/19",6.581967213,12.25205479,NA,0
"2479","TAL","TAL-1","11/1/05","6/1/12","6/1/19","3/1/18",69,70,0,0,5,0,0,2556,"5/1/19",6.581967213,12.32876712,NA,0
"2480","TAL","TAL-1","11/1/05","6/1/12","6/1/19","4/1/18",70,71,0,0,5,0,0,2556,"5/1/19",6.581967213,12.41369863,NA,0
"2481","TAL","TAL-1","11/1/05","6/1/12","6/1/19","5/1/18",71,72,0,0,5,0,0,2556,"5/1/19",6.581967213,12.49589041,NA,0
"2482","TAL","TAL-1","11/1/05","6/1/12","6/1/19","6/1/18",72,73,0,0,5,0,0,2556,"5/1/19",6.581967213,12.58082192,NA,0
"2483","TAL","TAL-1","11/1/05","6/1/12","6/1/19","7/1/18",73,74,0,0,5,0,0,2556,"5/1/19",6.581967213,12.6630137,NA,0
"2484","TAL","TAL-1","11/1/05","6/1/12","6/1/19","8/1/18",74,75,0,0,4,0,0,2556,"5/1/19",6.581967213,12.74794521,NA,0
"2485","TAL","TAL-1","11/1/05","6/1/12","6/1/19","9/1/18",75,76,0,0,4,0,0,2556,"5/1/19",6.581967213,12.83287671,NA,0
"2486","TAL","TAL-1","11/1/05","6/1/12","6/1/19","10/1/18",76,77,0,0,4,0,0,2556,"5/1/19",6.581967213,12.91506849,NA,0
"2487","TAL","TAL-1","11/1/05","6/1/12","6/1/19","11/1/18",77,78,0,0,4,0,0,2556,"5/1/19",6.581967213,13,NA,0
"2488","TAL","TAL-1","11/1/05","6/1/12","6/1/19","12/1/18",78,79,0,0,4,0,0,2556,"5/1/19",6.581967213,13.08219178,NA,0
"2489","TAL","TAL-1","11/1/05","6/1/12","6/1/19","1/1/19",79,80,0,0,4,0,0,2556,"5/1/19",6.581967213,13.16712329,NA,0
"2490","TAL","TAL-1","11/1/05","6/1/12","6/1/19","2/1/19",80,81,0,0,4,0,0,2556,"5/1/19",6.581967213,13.25205479,NA,0
"2491","TAL","TAL-1","11/1/05","6/1/12","6/1/19","3/1/19",81,82,0,0,5,0,0,2556,"5/1/19",6.581967213,13.32876712,NA,0
"2492","TAL","TAL-1","11/1/05","6/1/12","6/1/19","4/1/19",82,83,0,0,5,0,0,2556,"5/1/19",6.581967213,13.41369863,NA,0
"2493","TAL","TAL-1","11/1/05","6/1/12","6/1/19","5/1/19",83,84,1,0,4,0,0,2556,"5/1/19",6.581967213,13.49589041,NA,0
"2494","TAL","TAL-2","11/1/05","3/1/23","6/1/23","3/1/23",0,1,0,0,6,0,0,92,"5/1/23",17.32876712,17.32876712,NA,0
"2495","TAL","TAL-2","11/1/05","3/1/23","6/1/23","4/1/23",1,2,0,0,6,0,0,92,"5/1/23",17.32876712,17.41369863,NA,0
"2496","TAL","TAL-2","11/1/05","3/1/23","6/1/23","5/1/23",2,3,1,0,6,0,0,92,"5/1/23",17.32876712,17.49589041,NA,0
"2497","TAO","TAO-1","5/16/01","8/1/09","3/1/10","8/1/09",0,1,0,0,6,0,0,212,"2/1/10",8.210958904,8.210958904,NA,5
"2498","TAO","TAO-1","5/16/01","8/1/09","3/1/10","9/1/09",1,2,0,0,6,0,0,212,"2/1/10",8.210958904,8.295890411,NA,4
"2499","TAO","TAO-1","5/16/01","8/1/09","3/1/10","10/1/09",2,3,0,0,6,0,0,212,"2/1/10",8.210958904,8.378082192,NA,4
"2500","TAO","TAO-1","5/16/01","8/1/09","3/1/10","11/1/09",3,4,0,0,7,0,0,212,"2/1/10",8.210958904,8.463013699,NA,4
"2501","TAO","TAO-1","5/16/01","8/1/09","3/1/10","12/1/09",4,5,0,0,7,0,0,212,"2/1/10",8.210958904,8.545205479,NA,4
"2502","TAO","TAO-1","5/16/01","8/1/09","3/1/10","1/1/10",5,6,0,0,7,0,0,212,"2/1/10",8.210958904,8.630136986,NA,4
"2503","TAO","TAO-1","5/16/01","8/1/09","3/1/10","2/1/10",6,7,1,0,7,0,0,212,"2/1/10",8.210958904,8.715068493,NA,6
"2504","TAR","TAR-1","3/3/98","3/1/07","8/1/09","3/1/07",0,1,0,0,7,1,0,884,"7/1/09",8.994520548,8.994520548,"5/1/09",1
"2505","TAR","TAR-1","3/3/98","3/1/07","8/1/09","4/1/07",1,2,0,0,8,1,0,884,"7/1/09",8.994520548,9.079234973,"5/1/09",1
"2506","TAR","TAR-1","3/3/98","3/1/07","8/1/09","5/1/07",2,3,0,0,8,1,0,884,"7/1/09",8.994520548,9.161202186,"5/1/09",1
"2507","TAR","TAR-1","3/3/98","3/1/07","8/1/09","6/1/07",3,4,0,0,8,1,0,884,"7/1/09",8.994520548,9.245901639,"5/1/09",1
"2508","TAR","TAR-1","3/3/98","3/1/07","8/1/09","7/1/07",4,5,0,0,8,1,0,884,"7/1/09",8.994520548,9.327868852,"5/1/09",1
"2509","TAR","TAR-1","3/3/98","3/1/07","8/1/09","8/1/07",5,6,0,0,7,1,0,884,"7/1/09",8.994520548,9.412568306,"5/1/09",1
"2510","TAR","TAR-1","3/3/98","3/1/07","8/1/09","9/1/07",6,7,0,0,7,1,0,884,"7/1/09",8.994520548,9.49726776,"5/1/09",1
"2511","TAR","TAR-1","3/3/98","3/1/07","8/1/09","10/1/07",7,8,0,0,7,1,0,884,"7/1/09",8.994520548,9.579234973,"5/1/09",1
"2512","TAR","TAR-1","3/3/98","3/1/07","8/1/09","11/1/07",8,9,0,0,7,1,0,884,"7/1/09",8.994520548,9.663934426,"5/1/09",1
"2513","TAR","TAR-1","3/3/98","3/1/07","8/1/09","12/1/07",9,10,0,0,7,1,0,884,"7/1/09",8.994520548,9.745901639,"5/1/09",1
"2514","TAR","TAR-1","3/3/98","3/1/07","8/1/09","1/1/08",10,11,0,0,7,1,0,884,"7/1/09",8.994520548,9.830601093,"5/1/09",1
"2515","TAR","TAR-1","3/3/98","3/1/07","8/1/09","2/1/08",11,12,0,0,7,1,0,884,"7/1/09",8.994520548,9.915300546,"5/1/09",1
"2516","TAR","TAR-1","3/3/98","3/1/07","8/1/09","3/1/08",12,13,0,0,7,1,0,884,"7/1/09",8.994520548,9.994535519,"5/1/09",1
"2517","TAR","TAR-1","3/3/98","3/1/07","8/1/09","4/1/08",13,14,0,0,7,1,0,884,"7/1/09",8.994520548,10.07945205,"5/1/09",1
"2518","TAR","TAR-1","3/3/98","3/1/07","8/1/09","5/1/08",14,15,0,0,7,1,0,884,"7/1/09",8.994520548,10.16164384,"5/1/09",1
"2519","TAR","TAR-1","3/3/98","3/1/07","8/1/09","6/1/08",15,16,0,0,8,1,0,884,"7/1/09",8.994520548,10.24657534,"5/1/09",1
"2520","TAR","TAR-1","3/3/98","3/1/07","8/1/09","7/1/08",16,17,0,0,8,1,0,884,"7/1/09",8.994520548,10.32876712,"5/1/09",1
"2521","TAR","TAR-1","3/3/98","3/1/07","8/1/09","8/1/08",17,18,0,0,8,1,0,884,"7/1/09",8.994520548,10.41369863,"5/1/09",1
"2522","TAR","TAR-1","3/3/98","3/1/07","8/1/09","9/1/08",18,19,0,0,8,1,0,884,"7/1/09",8.994520548,10.49863014,"5/1/09",1
"2523","TAR","TAR-1","3/3/98","3/1/07","8/1/09","10/1/08",19,20,0,0,7,1,0,884,"7/1/09",8.994520548,10.58082192,"5/1/09",1
"2524","TAR","TAR-1","3/3/98","3/1/07","8/1/09","11/1/08",20,21,0,0,7,1,0,884,"7/1/09",8.994520548,10.66575342,"5/1/09",1
"2525","TAR","TAR-1","3/3/98","3/1/07","8/1/09","12/1/08",21,22,0,0,7,1,0,884,"7/1/09",8.994520548,10.74794521,"5/1/09",1
"2526","TAR","TAR-1","3/3/98","3/1/07","8/1/09","1/1/09",22,23,0,0,7,1,0,884,"7/1/09",8.994520548,10.83287671,"5/1/09",1
"2527","TAR","TAR-1","3/3/98","3/1/07","8/1/09","2/1/09",23,24,0,0,7,1,0,884,"7/1/09",8.994520548,10.91780822,"5/1/09",1
"2528","TAR","TAR-1","3/3/98","3/1/07","8/1/09","3/1/09",24,25,0,0,7,1,0,884,"7/1/09",8.994520548,10.99452055,"5/1/09",1
"2529","TAR","TAR-1","3/3/98","3/1/07","8/1/09","4/1/09",25,26,0,0,7,1,0,884,"7/1/09",8.994520548,11.07945205,"5/1/09",1
"2530","TAR","TAR-1","3/3/98","3/1/07","8/1/09","5/1/09",26,27,0,1,6,1,0,884,"7/1/09",8.994520548,11.16164384,"5/1/09",1
"2531","TAR","TAR-1","3/3/98","3/1/07","8/1/09","6/1/09",27,28,0,1,6,1,0,884,"7/1/09",8.994520548,11.24657534,"5/1/09",2
"2532","TAR","TAR-1","3/3/98","3/1/07","8/1/09","7/1/09",28,29,1,1,6,1,0,884,"7/1/09",8.994520548,11.32876712,"5/1/09",2
"2533","TEQ","TEQ-1","9/23/00","4/1/11","12/1/11","4/1/11",0,1,0,0,7,0,0,244,"11/1/11",10.52054795,10.52054795,NA,3
"2534","TEQ","TEQ-1","9/23/00","4/1/11","12/1/11","5/1/11",1,2,0,0,7,0,0,244,"11/1/11",10.52054795,10.60273973,NA,5
"2535","TEQ","TEQ-1","9/23/00","4/1/11","12/1/11","6/1/11",2,3,0,0,7,0,0,244,"11/1/11",10.52054795,10.68767123,NA,5
"2536","TEQ","TEQ-1","9/23/00","4/1/11","12/1/11","7/1/11",3,4,0,0,8,0,0,244,"11/1/11",10.52054795,10.76986301,NA,5
"2537","TEQ","TEQ-1","9/23/00","4/1/11","12/1/11","8/1/11",4,5,0,0,8,0,0,244,"11/1/11",10.52054795,10.85479452,NA,5
"2538","TEQ","TEQ-1","9/23/00","4/1/11","12/1/11","9/1/11",5,6,0,0,8,0,0,244,"11/1/11",10.52054795,10.93972603,NA,5
"2539","TEQ","TEQ-1","9/23/00","4/1/11","12/1/11","10/1/11",6,7,0,0,8,0,0,244,"11/1/11",10.52054795,11.02185792,NA,5
"2540","TEQ","TEQ-1","9/23/00","4/1/11","12/1/11","11/1/11",7,8,1,0,8,0,0,244,"11/1/11",10.52054795,11.10655738,NA,5
"2541","TYS","TYS-1","5/30/02","6/1/12","9/1/13","6/1/12",0,1,0,0,2,0,0,457,"8/1/13",10.00547945,10.00547945,NA,3
"2542","TYS","TYS-1","5/30/02","6/1/12","9/1/13","7/1/12",1,2,0,0,2,0,0,457,"8/1/13",10.00547945,10.08767123,NA,2
"2543","TYS","TYS-1","5/30/02","6/1/12","9/1/13","8/1/12",2,3,0,0,2,0,0,457,"8/1/13",10.00547945,10.17260274,NA,2
"2544","TYS","TYS-1","5/30/02","6/1/12","9/1/13","9/1/12",3,4,0,0,2,0,0,457,"8/1/13",10.00547945,10.25753425,NA,2
"2545","TYS","TYS-1","5/30/02","6/1/12","9/1/13","10/1/12",4,5,0,0,2,0,0,457,"8/1/13",10.00547945,10.33972603,NA,2
"2546","TYS","TYS-1","5/30/02","6/1/12","9/1/13","11/1/12",5,6,0,0,2,0,0,457,"8/1/13",10.00547945,10.42465753,NA,2
"2547","TYS","TYS-1","5/30/02","6/1/12","9/1/13","12/1/12",6,7,0,0,2,0,0,457,"8/1/13",10.00547945,10.50684932,NA,2
"2548","TYS","TYS-1","5/30/02","6/1/12","9/1/13","1/1/13",7,8,0,0,2,0,0,457,"8/1/13",10.00547945,10.59178082,NA,2
"2549","TYS","TYS-1","5/30/02","6/1/12","9/1/13","2/1/13",8,9,0,0,2,0,0,457,"8/1/13",10.00547945,10.67671233,NA,2
"2550","TYS","TYS-1","5/30/02","6/1/12","9/1/13","3/1/13",9,10,0,0,2,0,0,457,"8/1/13",10.00547945,10.75342466,NA,2
"2551","TYS","TYS-1","5/30/02","6/1/12","9/1/13","4/1/13",10,11,0,0,2,0,0,457,"8/1/13",10.00547945,10.83835616,NA,2
"2552","TYS","TYS-1","5/30/02","6/1/12","9/1/13","5/1/13",11,12,0,0,2,0,0,457,"8/1/13",10.00547945,10.92054795,NA,2
"2553","TYS","TYS-1","5/30/02","6/1/12","9/1/13","6/1/13",12,13,0,0,2,0,0,457,"8/1/13",10.00547945,11.00547945,NA,2
"2554","TYS","TYS-1","5/30/02","6/1/12","9/1/13","7/1/13",13,14,0,0,2,0,0,457,"8/1/13",10.00547945,11.08767123,NA,2
"2555","TYS","TYS-1","5/30/02","6/1/12","9/1/13","8/1/13",14,15,1,0,2,0,0,457,"8/1/13",10.00547945,11.17260274,NA,2
"2556","UBE","UBE-1","12/3/07","2/1/17","7/1/17","2/1/17",0,1,0,0,9,0,0,150,"6/1/17",9.164383562,9.164383562,NA,2
"2557","UBE","UBE-1","12/3/07","2/1/17","7/1/17","3/1/17",1,2,0,0,9,0,0,150,"6/1/17",9.164383562,9.24109589,NA,2
"2558","UBE","UBE-1","12/3/07","2/1/17","7/1/17","4/1/17",2,3,0,0,9,0,0,150,"6/1/17",9.164383562,9.326027397,NA,2
"2559","UBE","UBE-1","12/3/07","2/1/17","7/1/17","5/1/17",3,4,0,0,9,0,0,150,"6/1/17",9.164383562,9.408219178,NA,2
"2560","UBE","UBE-1","12/3/07","2/1/17","7/1/17","6/1/17",4,5,1,0,9,0,0,150,"6/1/17",9.164383562,9.493150685,NA,3
"2561","UNA","UNA-1","3/28/06","4/1/16","7/1/21","4/1/16",0,1,0,0,4,0,1,1917,"6/1/21",10.0109589,10.0109589,NA,2
"2562","UNA","UNA-1","3/28/06","4/1/16","7/1/21","5/1/16",1,2,0,0,4,0,1,1917,"6/1/21",10.0109589,10.09315068,NA,2
"2563","UNA","UNA-1","3/28/06","4/1/16","7/1/21","6/1/16",2,3,0,0,4,0,1,1917,"6/1/21",10.0109589,10.17808219,NA,9
"2564","UNA","UNA-1","3/28/06","4/1/16","7/1/21","7/1/16",3,4,0,0,4,0,1,1917,"6/1/21",10.0109589,10.26027397,NA,9
"2565","UNA","UNA-1","3/28/06","4/1/16","7/1/21","8/1/16",4,5,0,0,4,0,1,1917,"6/1/21",10.0109589,10.34520548,NA,6
"2566","UNA","UNA-1","3/28/06","4/1/16","7/1/21","9/1/16",5,6,0,0,4,0,1,1917,"6/1/21",10.0109589,10.43013699,NA,4
"2567","UNA","UNA-1","3/28/06","4/1/16","7/1/21","10/1/16",6,7,0,0,4,0,1,1917,"6/1/21",10.0109589,10.51232877,NA,4
"2568","UNA","UNA-1","3/28/06","4/1/16","7/1/21","11/1/16",7,8,0,0,4,0,1,1917,"6/1/21",10.0109589,10.59726027,NA,4
"2569","UNA","UNA-1","3/28/06","4/1/16","7/1/21","12/1/16",8,9,0,0,4,0,1,1917,"6/1/21",10.0109589,10.67945205,NA,4
"2570","UNA","UNA-1","3/28/06","4/1/16","7/1/21","1/1/17",9,10,0,0,4,0,1,1917,"6/1/21",10.0109589,10.76438356,NA,4
"2571","UNA","UNA-1","3/28/06","4/1/16","7/1/21","2/1/17",10,11,0,0,4,0,1,1917,"6/1/21",10.0109589,10.84931507,NA,3
"2572","UNA","UNA-1","3/28/06","4/1/16","7/1/21","3/1/17",11,12,0,0,4,0,1,1917,"6/1/21",10.0109589,10.9260274,NA,3
"2573","UNA","UNA-1","3/28/06","4/1/16","7/1/21","4/1/17",12,13,0,0,4,0,1,1917,"6/1/21",10.0109589,11.0109589,NA,3
"2574","UNA","UNA-1","3/28/06","4/1/16","7/1/21","5/1/17",13,14,0,0,4,0,1,1917,"6/1/21",10.0109589,11.09315068,NA,3
"2575","UNA","UNA-1","3/28/06","4/1/16","7/1/21","6/1/17",14,15,0,0,4,0,1,1917,"6/1/21",10.0109589,11.17808219,NA,3
"2576","UNA","UNA-1","3/28/06","4/1/16","7/1/21","7/1/17",15,16,0,0,4,0,1,1917,"6/1/21",10.0109589,11.26027397,NA,1
"2577","UNA","UNA-1","3/28/06","4/1/16","7/1/21","8/1/17",16,17,0,0,4,0,1,1917,"6/1/21",10.0109589,11.34520548,NA,1
"2578","UNA","UNA-1","3/28/06","4/1/16","7/1/21","9/1/17",17,18,0,0,4,0,1,1917,"6/1/21",10.0109589,11.43013699,NA,1
"2579","UNA","UNA-1","3/28/06","4/1/16","7/1/21","10/1/17",18,19,0,0,4,0,1,1917,"6/1/21",10.0109589,11.51232877,NA,1
"2580","UNA","UNA-1","3/28/06","4/1/16","7/1/21","11/1/17",19,20,0,0,4,0,1,1917,"6/1/21",10.0109589,11.59726027,NA,2
"2581","UNA","UNA-1","3/28/06","4/1/16","7/1/21","12/1/17",20,21,0,0,4,0,1,1917,"6/1/21",10.0109589,11.67945205,NA,1
"2582","UNA","UNA-1","3/28/06","4/1/16","7/1/21","1/1/18",21,22,0,0,4,0,1,1917,"6/1/21",10.0109589,11.76438356,NA,1
"2583","UNA","UNA-1","3/28/06","4/1/16","7/1/21","2/1/18",22,23,0,0,4,0,1,1917,"6/1/21",10.0109589,11.84931507,NA,1
"2584","UNA","UNA-1","3/28/06","4/1/16","7/1/21","3/1/18",23,24,0,0,4,0,1,1917,"6/1/21",10.0109589,11.9260274,NA,1
"2585","UNA","UNA-1","3/28/06","4/1/16","7/1/21","4/1/18",24,25,0,0,4,0,1,1917,"6/1/21",10.0109589,12.0109589,NA,1
"2586","UNA","UNA-1","3/28/06","4/1/16","7/1/21","5/1/18",25,26,0,0,5,0,1,1917,"6/1/21",10.0109589,12.09315068,NA,1
"2587","UNA","UNA-1","3/28/06","4/1/16","7/1/21","6/1/18",26,27,0,0,4,0,1,1917,"6/1/21",10.0109589,12.17808219,NA,1
"2588","UNA","UNA-1","3/28/06","4/1/16","7/1/21","7/1/18",27,28,0,0,4,0,1,1917,"6/1/21",10.0109589,12.26027397,NA,1
"2589","UNA","UNA-1","3/28/06","4/1/16","7/1/21","8/1/18",28,29,0,0,4,0,1,1917,"6/1/21",10.0109589,12.34520548,NA,1
"2590","UNA","UNA-1","3/28/06","4/1/16","7/1/21","9/1/18",29,30,0,0,4,0,1,1917,"6/1/21",10.0109589,12.43013699,NA,1
"2591","UNA","UNA-1","3/28/06","4/1/16","7/1/21","10/1/18",30,31,0,0,4,0,1,1917,"6/1/21",10.0109589,12.51232877,NA,1
"2592","UNA","UNA-1","3/28/06","4/1/16","7/1/21","11/1/18",31,32,0,0,4,0,1,1917,"6/1/21",10.0109589,12.59726027,NA,1
"2593","UNA","UNA-1","3/28/06","4/1/16","7/1/21","12/1/18",32,33,0,0,4,0,1,1917,"6/1/21",10.0109589,12.67945205,NA,1
"2594","UNA","UNA-1","3/28/06","4/1/16","7/1/21","1/1/19",33,34,0,0,4,0,1,1917,"6/1/21",10.0109589,12.76438356,NA,1
"2595","UNA","UNA-1","3/28/06","4/1/16","7/1/21","2/1/19",34,35,0,0,4,0,1,1917,"6/1/21",10.0109589,12.84931507,NA,1
"2596","UNA","UNA-1","3/28/06","4/1/16","7/1/21","3/1/19",35,36,0,0,4,0,1,1917,"6/1/21",10.0109589,12.9260274,NA,1
"2597","UNA","UNA-1","3/28/06","4/1/16","7/1/21","4/1/19",36,37,0,0,4,0,1,1917,"6/1/21",10.0109589,13.01092896,NA,1
"2598","UNA","UNA-1","3/28/06","4/1/16","7/1/21","5/1/19",37,38,0,0,4,0,1,1917,"6/1/21",10.0109589,13.09289617,NA,1
"2599","UNA","UNA-1","3/28/06","4/1/16","7/1/21","6/1/19",38,39,0,0,4,0,1,1917,"6/1/21",10.0109589,13.17759563,NA,1
"2600","UNA","UNA-1","3/28/06","4/1/16","7/1/21","7/1/19",39,40,0,0,4,0,1,1917,"6/1/21",10.0109589,13.25956284,NA,1
"2601","UNA","UNA-1","3/28/06","4/1/16","7/1/21","8/1/19",40,41,0,0,4,0,1,1917,"6/1/21",10.0109589,13.3442623,NA,1
"2602","UNA","UNA-1","3/28/06","4/1/16","7/1/21","9/1/19",41,42,0,0,4,0,1,1917,"6/1/21",10.0109589,13.42896175,NA,1
"2603","UNA","UNA-1","3/28/06","4/1/16","7/1/21","10/1/19",42,43,0,0,4,0,1,1917,"6/1/21",10.0109589,13.51092896,NA,1
"2604","UNA","UNA-1","3/28/06","4/1/16","7/1/21","11/1/19",43,44,0,0,4,0,1,1917,"6/1/21",10.0109589,13.59562842,NA,1
"2605","UNA","UNA-1","3/28/06","4/1/16","7/1/21","12/1/19",44,45,0,0,4,0,1,1917,"6/1/21",10.0109589,13.67759563,NA,1
"2606","UNA","UNA-1","3/28/06","4/1/16","7/1/21","1/1/20",45,46,0,0,4,0,1,1917,"6/1/21",10.0109589,13.76229508,NA,1
"2607","UNA","UNA-1","3/28/06","4/1/16","7/1/21","2/1/20",46,47,0,0,4,0,1,1917,"6/1/21",10.0109589,13.84699454,NA,1
"2608","UNA","UNA-1","3/28/06","4/1/16","7/1/21","3/1/20",47,48,0,0,4,0,1,1917,"6/1/21",10.0109589,13.92622951,NA,1
"2609","UNA","UNA-1","3/28/06","4/1/16","7/1/21","4/1/20",48,49,0,0,4,0,1,1917,"6/1/21",10.0109589,14.0109589,NA,1
"2610","UNA","UNA-1","3/28/06","4/1/16","7/1/21","5/1/20",49,50,0,0,4,0,1,1917,"6/1/21",10.0109589,14.09315068,NA,1
"2611","UNA","UNA-1","3/28/06","4/1/16","7/1/21","6/1/20",50,51,0,0,4,0,1,1917,"6/1/21",10.0109589,14.17808219,NA,1
"2612","UNA","UNA-1","3/28/06","4/1/16","7/1/21","7/1/20",51,52,0,0,4,0,1,1917,"6/1/21",10.0109589,14.26027397,NA,1
"2613","UNA","UNA-1","3/28/06","4/1/16","7/1/21","8/1/20",52,53,0,0,4,0,1,1917,"6/1/21",10.0109589,14.34520548,NA,0
"2614","UNA","UNA-1","3/28/06","4/1/16","7/1/21","9/1/20",53,54,0,0,4,0,1,1917,"6/1/21",10.0109589,14.43013699,NA,0
"2615","UNA","UNA-1","3/28/06","4/1/16","7/1/21","10/1/20",54,55,0,0,3,0,1,1917,"6/1/21",10.0109589,14.51232877,NA,0
"2616","UNA","UNA-1","3/28/06","4/1/16","7/1/21","11/1/20",55,56,0,0,NA,0,1,1917,"6/1/21",10.0109589,14.59726027,NA,0
"2617","UNA","UNA-1","3/28/06","4/1/16","7/1/21","12/1/20",56,57,0,0,NA,0,1,1917,"6/1/21",10.0109589,14.67945205,NA,0
"2618","UNA","UNA-1","3/28/06","4/1/16","7/1/21","1/1/21",57,58,0,0,NA,0,1,1917,"6/1/21",10.0109589,14.76438356,NA,0
"2619","UNA","UNA-1","3/28/06","4/1/16","7/1/21","2/1/21",58,59,0,0,5,0,1,1917,"6/1/21",10.0109589,14.84931507,NA,0
"2620","UNA","UNA-1","3/28/06","4/1/16","7/1/21","3/1/21",59,60,0,0,NA,0,1,1917,"6/1/21",10.0109589,14.9260274,NA,0
"2621","UNA","UNA-1","3/28/06","4/1/16","7/1/21","4/1/21",60,61,0,0,NA,0,1,1917,"6/1/21",10.0109589,15.0109589,NA,0
"2622","UNA","UNA-1","3/28/06","4/1/16","7/1/21","5/1/21",61,62,0,0,4,0,1,1917,"6/1/21",10.0109589,15.09315068,NA,0
"2623","UNA","UNA-1","3/28/06","4/1/16","7/1/21","6/1/21",62,63,0,0,4,0,1,1917,"6/1/21",10.0109589,15.17808219,NA,0
"2624","VOD","VOD-1","3/24/03","3/1/12","2/1/17","3/1/12",0,1,0,0,10,0,0,1798,"1/1/17",8.93715847,8.93715847,NA,1
"2625","VOD","VOD-1","3/24/03","3/1/12","2/1/17","4/1/12",1,2,0,0,9,0,0,1798,"1/1/17",8.93715847,9.021917808,NA,2
"2626","VOD","VOD-1","3/24/03","3/1/12","2/1/17","5/1/12",2,3,0,0,9,0,0,1798,"1/1/17",8.93715847,9.104109589,NA,2
"2627","VOD","VOD-1","3/24/03","3/1/12","2/1/17","6/1/12",3,4,0,0,9,0,0,1798,"1/1/17",8.93715847,9.189041096,NA,3
"2628","VOD","VOD-1","3/24/03","3/1/12","2/1/17","7/1/12",4,5,0,0,9,0,0,1798,"1/1/17",8.93715847,9.271232877,NA,3
"2629","VOD","VOD-1","3/24/03","3/1/12","2/1/17","8/1/12",5,6,0,0,10,0,0,1798,"1/1/17",8.93715847,9.356164384,NA,3
"2630","VOD","VOD-1","3/24/03","3/1/12","2/1/17","9/1/12",6,7,0,0,10,0,0,1798,"1/1/17",8.93715847,9.44109589,NA,3
"2631","VOD","VOD-1","3/24/03","3/1/12","2/1/17","10/1/12",7,8,0,0,10,0,0,1798,"1/1/17",8.93715847,9.523287671,NA,3
"2632","VOD","VOD-1","3/24/03","3/1/12","2/1/17","11/1/12",8,9,0,0,10,0,0,1798,"1/1/17",8.93715847,9.608219178,NA,3
"2633","VOD","VOD-1","3/24/03","3/1/12","2/1/17","12/1/12",9,10,0,0,10,0,0,1798,"1/1/17",8.93715847,9.690410959,NA,1
"2634","VOD","VOD-1","3/24/03","3/1/12","2/1/17","1/1/13",10,11,0,0,10,0,0,1798,"1/1/17",8.93715847,9.775342466,NA,0
"2635","VOD","VOD-1","3/24/03","3/1/12","2/1/17","2/1/13",11,12,0,0,10,0,0,1798,"1/1/17",8.93715847,9.860273973,NA,0
"2636","VOD","VOD-1","3/24/03","3/1/12","2/1/17","3/1/13",12,13,0,0,10,0,0,1798,"1/1/17",8.93715847,9.936986301,NA,0
"2637","VOD","VOD-1","3/24/03","3/1/12","2/1/17","4/1/13",13,14,0,0,10,0,0,1798,"1/1/17",8.93715847,10.02191781,NA,0
"2638","VOD","VOD-1","3/24/03","3/1/12","2/1/17","5/1/13",14,15,0,0,10,0,0,1798,"1/1/17",8.93715847,10.10410959,NA,0
"2639","VOD","VOD-1","3/24/03","3/1/12","2/1/17","6/1/13",15,16,0,0,10,0,0,1798,"1/1/17",8.93715847,10.1890411,NA,0
"2640","VOD","VOD-1","3/24/03","3/1/12","2/1/17","7/1/13",16,17,0,0,9,0,0,1798,"1/1/17",8.93715847,10.27123288,NA,0
"2641","VOD","VOD-1","3/24/03","3/1/12","2/1/17","8/1/13",17,18,0,0,9,0,0,1798,"1/1/17",8.93715847,10.35616438,NA,0
"2642","VOD","VOD-1","3/24/03","3/1/12","2/1/17","9/1/13",18,19,0,0,9,0,0,1798,"1/1/17",8.93715847,10.44109589,NA,0
"2643","VOD","VOD-1","3/24/03","3/1/12","2/1/17","10/1/13",19,20,0,0,9,0,0,1798,"1/1/17",8.93715847,10.52328767,NA,0
"2644","VOD","VOD-1","3/24/03","3/1/12","2/1/17","11/1/13",20,21,0,0,8,0,0,1798,"1/1/17",8.93715847,10.60821918,NA,0
"2645","VOD","VOD-1","3/24/03","3/1/12","2/1/17","12/1/13",21,22,0,0,8,0,0,1798,"1/1/17",8.93715847,10.69041096,NA,0
"2646","VOD","VOD-1","3/24/03","3/1/12","2/1/17","1/1/14",22,23,0,0,8,0,0,1798,"1/1/17",8.93715847,10.77534247,NA,0
"2647","VOD","VOD-1","3/24/03","3/1/12","2/1/17","2/1/14",23,24,0,0,8,0,0,1798,"1/1/17",8.93715847,10.86027397,NA,0
"2648","VOD","VOD-1","3/24/03","3/1/12","2/1/17","3/1/14",24,25,0,0,8,0,0,1798,"1/1/17",8.93715847,10.9369863,NA,0
"2649","VOD","VOD-1","3/24/03","3/1/12","2/1/17","4/1/14",25,26,0,0,8,0,0,1798,"1/1/17",8.93715847,11.02191781,NA,0
"2650","VOD","VOD-1","3/24/03","3/1/12","2/1/17","5/1/14",26,27,0,0,9,0,0,1798,"1/1/17",8.93715847,11.10410959,NA,0
"2651","VOD","VOD-1","3/24/03","3/1/12","2/1/17","6/1/14",27,28,0,0,9,0,0,1798,"1/1/17",8.93715847,11.1890411,NA,0
"2652","VOD","VOD-1","3/24/03","3/1/12","2/1/17","7/1/14",28,29,0,0,9,0,0,1798,"1/1/17",8.93715847,11.27123288,NA,0
"2653","VOD","VOD-1","3/24/03","3/1/12","2/1/17","8/1/14",29,30,0,0,9,0,0,1798,"1/1/17",8.93715847,11.35616438,NA,0
"2654","VOD","VOD-1","3/24/03","3/1/12","2/1/17","9/1/14",30,31,0,0,9,0,0,1798,"1/1/17",8.93715847,11.44109589,NA,0
"2655","VOD","VOD-1","3/24/03","3/1/12","2/1/17","10/1/14",31,32,0,0,8,0,0,1798,"1/1/17",8.93715847,11.52328767,NA,0
"2656","VOD","VOD-1","3/24/03","3/1/12","2/1/17","11/1/14",32,33,0,0,8,0,0,1798,"1/1/17",8.93715847,11.60821918,NA,0
"2657","VOD","VOD-1","3/24/03","3/1/12","2/1/17","12/1/14",33,34,0,0,8,0,0,1798,"1/1/17",8.93715847,11.69041096,NA,0
"2658","VOD","VOD-1","3/24/03","3/1/12","2/1/17","1/1/15",34,35,0,0,8,0,0,1798,"1/1/17",8.93715847,11.77534247,NA,0
"2659","VOD","VOD-1","3/24/03","3/1/12","2/1/17","2/1/15",35,36,0,0,8,0,0,1798,"1/1/17",8.93715847,11.86027397,NA,0
"2660","VOD","VOD-1","3/24/03","3/1/12","2/1/17","3/1/15",36,37,0,0,8,0,0,1798,"1/1/17",8.93715847,11.9369863,NA,0
"2661","VOD","VOD-1","3/24/03","3/1/12","2/1/17","4/1/15",37,38,0,0,8,0,0,1798,"1/1/17",8.93715847,12.02185792,NA,0
"2662","VOD","VOD-1","3/24/03","3/1/12","2/1/17","5/1/15",38,39,0,0,8,0,0,1798,"1/1/17",8.93715847,12.10382514,NA,0
"2663","VOD","VOD-1","3/24/03","3/1/12","2/1/17","6/1/15",39,40,0,0,9,0,0,1798,"1/1/17",8.93715847,12.18852459,NA,0
"2664","VOD","VOD-1","3/24/03","3/1/12","2/1/17","7/1/15",40,41,0,0,9,0,0,1798,"1/1/17",8.93715847,12.2704918,NA,0
"2665","VOD","VOD-1","3/24/03","3/1/12","2/1/17","8/1/15",41,42,0,0,9,0,0,1798,"1/1/17",8.93715847,12.35519126,NA,0
"2666","VOD","VOD-1","3/24/03","3/1/12","2/1/17","9/1/15",42,43,0,0,9,0,0,1798,"1/1/17",8.93715847,12.43989071,NA,0
"2667","VOD","VOD-1","3/24/03","3/1/12","2/1/17","10/1/15",43,44,0,0,9,0,0,1798,"1/1/17",8.93715847,12.52185792,NA,0
"2668","VOD","VOD-1","3/24/03","3/1/12","2/1/17","11/1/15",44,45,0,0,9,0,0,1798,"1/1/17",8.93715847,12.60655738,NA,0
"2669","VOD","VOD-1","3/24/03","3/1/12","2/1/17","12/1/15",45,46,0,0,9,0,0,1798,"1/1/17",8.93715847,12.68852459,NA,0
"2670","VOD","VOD-1","3/24/03","3/1/12","2/1/17","1/1/16",46,47,0,0,9,0,0,1798,"1/1/17",8.93715847,12.77322404,NA,0
"2671","VOD","VOD-1","3/24/03","3/1/12","2/1/17","2/1/16",47,48,0,0,9,0,0,1798,"1/1/17",8.93715847,12.8579235,NA,0
"2672","VOD","VOD-1","3/24/03","3/1/12","2/1/17","3/1/16",48,49,0,0,9,0,0,1798,"1/1/17",8.93715847,12.93715847,NA,0
"2673","VOD","VOD-1","3/24/03","3/1/12","2/1/17","4/1/16",49,50,0,0,9,0,0,1798,"1/1/17",8.93715847,13.02191781,NA,0
"2674","VOD","VOD-1","3/24/03","3/1/12","2/1/17","5/1/16",50,51,0,0,9,0,0,1798,"1/1/17",8.93715847,13.10410959,NA,0
"2675","VOD","VOD-1","3/24/03","3/1/12","2/1/17","6/1/16",51,52,0,0,9,0,0,1798,"1/1/17",8.93715847,13.1890411,NA,0
"2676","VOD","VOD-1","3/24/03","3/1/12","2/1/17","7/1/16",52,53,0,0,9,0,0,1798,"1/1/17",8.93715847,13.27123288,NA,0
"2677","VOD","VOD-1","3/24/03","3/1/12","2/1/17","8/1/16",53,54,0,0,9,0,0,1798,"1/1/17",8.93715847,13.35616438,NA,0
"2678","VOD","VOD-1","3/24/03","3/1/12","2/1/17","9/1/16",54,55,0,0,9,0,0,1798,"1/1/17",8.93715847,13.44109589,NA,0
"2679","VOD","VOD-1","3/24/03","3/1/12","2/1/17","10/1/16",55,56,0,0,9,0,0,1798,"1/1/17",8.93715847,13.52328767,NA,0
"2680","VOD","VOD-1","3/24/03","3/1/12","2/1/17","11/1/16",56,57,0,0,9,0,0,1798,"1/1/17",8.93715847,13.60821918,NA,0
"2681","VOD","VOD-1","3/24/03","3/1/12","2/1/17","12/1/16",57,58,0,0,9,0,0,1798,"1/1/17",8.93715847,13.69041096,NA,0
"2682","VOD","VOD-1","3/24/03","3/1/12","2/1/17","1/1/17",58,59,1,0,9,0,0,1798,"1/1/17",8.93715847,13.77534247,NA,0
"2683","WAK","WAK-1","7/23/05","8/1/14","10/1/20","8/1/14",0,1,0,0,4,0,1,2253,"9/1/20",9.024657534,9.024657534,NA,4
"2684","WAK","WAK-1","7/23/05","8/1/14","10/1/20","9/1/14",1,2,0,0,4,0,1,2253,"9/1/20",9.024657534,9.109589041,NA,2
"2685","WAK","WAK-1","7/23/05","8/1/14","10/1/20","10/1/14",2,3,0,0,4,0,1,2253,"9/1/20",9.024657534,9.191780822,NA,2
"2686","WAK","WAK-1","7/23/05","8/1/14","10/1/20","11/1/14",3,4,0,0,4,0,1,2253,"9/1/20",9.024657534,9.276712329,NA,2
"2687","WAK","WAK-1","7/23/05","8/1/14","10/1/20","12/1/14",4,5,0,0,4,0,1,2253,"9/1/20",9.024657534,9.35890411,NA,2
"2688","WAK","WAK-1","7/23/05","8/1/14","10/1/20","1/1/15",5,6,0,0,4,0,1,2253,"9/1/20",9.024657534,9.443835616,NA,2
"2689","WAK","WAK-1","7/23/05","8/1/14","10/1/20","2/1/15",6,7,0,0,4,0,1,2253,"9/1/20",9.024657534,9.528767123,NA,2
"2690","WAK","WAK-1","7/23/05","8/1/14","10/1/20","3/1/15",7,8,0,0,4,0,1,2253,"9/1/20",9.024657534,9.605479452,NA,2
"2691","WAK","WAK-1","7/23/05","8/1/14","10/1/20","4/1/15",8,9,0,0,4,0,1,2253,"9/1/20",9.024657534,9.690410959,NA,2
"2692","WAK","WAK-1","7/23/05","8/1/14","10/1/20","5/1/15",9,10,0,0,4,0,1,2253,"9/1/20",9.024657534,9.77260274,NA,2
"2693","WAK","WAK-1","7/23/05","8/1/14","10/1/20","6/1/15",10,11,0,0,4,0,1,2253,"9/1/20",9.024657534,9.857534247,NA,2
"2694","WAK","WAK-1","7/23/05","8/1/14","10/1/20","7/1/15",11,12,0,0,4,0,1,2253,"9/1/20",9.024657534,9.939726027,NA,2
"2695","WAK","WAK-1","7/23/05","8/1/14","10/1/20","8/1/15",12,13,0,0,4,0,1,2253,"9/1/20",9.024657534,10.02459016,NA,2
"2696","WAK","WAK-1","7/23/05","8/1/14","10/1/20","9/1/15",13,14,0,0,4,0,1,2253,"9/1/20",9.024657534,10.10928962,NA,2
"2697","WAK","WAK-1","7/23/05","8/1/14","10/1/20","10/1/15",14,15,0,0,4,0,1,2253,"9/1/20",9.024657534,10.19125683,NA,2
"2698","WAK","WAK-1","7/23/05","8/1/14","10/1/20","11/1/15",15,16,0,0,4,0,1,2253,"9/1/20",9.024657534,10.27595628,NA,2
"2699","WAK","WAK-1","7/23/05","8/1/14","10/1/20","12/1/15",16,17,0,0,4,0,1,2253,"9/1/20",9.024657534,10.3579235,NA,2
"2700","WAK","WAK-1","7/23/05","8/1/14","10/1/20","1/1/16",17,18,0,0,4,0,1,2253,"9/1/20",9.024657534,10.44262295,NA,2
"2701","WAK","WAK-1","7/23/05","8/1/14","10/1/20","2/1/16",18,19,0,0,4,0,1,2253,"9/1/20",9.024657534,10.5273224,NA,2
"2702","WAK","WAK-1","7/23/05","8/1/14","10/1/20","3/1/16",19,20,0,0,4,0,1,2253,"9/1/20",9.024657534,10.60655738,NA,2
"2703","WAK","WAK-1","7/23/05","8/1/14","10/1/20","4/1/16",20,21,0,0,4,0,1,2253,"9/1/20",9.024657534,10.69125683,NA,2
"2704","WAK","WAK-1","7/23/05","8/1/14","10/1/20","5/1/16",21,22,0,0,4,0,1,2253,"9/1/20",9.024657534,10.77322404,NA,2
"2705","WAK","WAK-1","7/23/05","8/1/14","10/1/20","6/1/16",22,23,0,0,4,0,1,2253,"9/1/20",9.024657534,10.8579235,NA,2
"2706","WAK","WAK-1","7/23/05","8/1/14","10/1/20","7/1/16",23,24,0,0,4,0,1,2253,"9/1/20",9.024657534,10.93989071,NA,1
"2707","WAK","WAK-1","7/23/05","8/1/14","10/1/20","8/1/16",24,25,0,0,4,0,1,2253,"9/1/20",9.024657534,11.02465753,NA,1
"2708","WAK","WAK-1","7/23/05","8/1/14","10/1/20","9/1/16",25,26,0,0,4,0,1,2253,"9/1/20",9.024657534,11.10958904,NA,1
"2709","WAK","WAK-1","7/23/05","8/1/14","10/1/20","10/1/16",26,27,0,0,4,0,1,2253,"9/1/20",9.024657534,11.19178082,NA,1
"2710","WAK","WAK-1","7/23/05","8/1/14","10/1/20","11/1/16",27,28,0,0,4,0,1,2253,"9/1/20",9.024657534,11.27671233,NA,1
"2711","WAK","WAK-1","7/23/05","8/1/14","10/1/20","12/1/16",28,29,0,0,4,0,1,2253,"9/1/20",9.024657534,11.35890411,NA,1
"2712","WAK","WAK-1","7/23/05","8/1/14","10/1/20","1/1/17",29,30,0,0,4,0,1,2253,"9/1/20",9.024657534,11.44383562,NA,1
"2713","WAK","WAK-1","7/23/05","8/1/14","10/1/20","2/1/17",30,31,0,0,4,0,1,2253,"9/1/20",9.024657534,11.52876712,NA,1
"2714","WAK","WAK-1","7/23/05","8/1/14","10/1/20","3/1/17",31,32,0,0,4,0,1,2253,"9/1/20",9.024657534,11.60547945,NA,1
"2715","WAK","WAK-1","7/23/05","8/1/14","10/1/20","4/1/17",32,33,0,0,4,0,1,2253,"9/1/20",9.024657534,11.69041096,NA,1
"2716","WAK","WAK-1","7/23/05","8/1/14","10/1/20","5/1/17",33,34,0,0,4,0,1,2253,"9/1/20",9.024657534,11.77260274,NA,1
"2717","WAK","WAK-1","7/23/05","8/1/14","10/1/20","6/1/17",34,35,0,0,4,0,1,2253,"9/1/20",9.024657534,11.85753425,NA,1
"2718","WAK","WAK-1","7/23/05","8/1/14","10/1/20","7/1/17",35,36,0,0,4,0,1,2253,"9/1/20",9.024657534,11.93972603,NA,1
"2719","WAK","WAK-1","7/23/05","8/1/14","10/1/20","8/1/17",36,37,0,0,4,0,1,2253,"9/1/20",9.024657534,12.02465753,NA,1
"2720","WAK","WAK-1","7/23/05","8/1/14","10/1/20","9/1/17",37,38,0,0,4,0,1,2253,"9/1/20",9.024657534,12.10958904,NA,1
"2721","WAK","WAK-1","7/23/05","8/1/14","10/1/20","10/1/17",38,39,0,0,4,0,1,2253,"9/1/20",9.024657534,12.19178082,NA,1
"2722","WAK","WAK-1","7/23/05","8/1/14","10/1/20","11/1/17",39,40,0,0,4,0,1,2253,"9/1/20",9.024657534,12.27671233,NA,1
"2723","WAK","WAK-1","7/23/05","8/1/14","10/1/20","12/1/17",40,41,0,0,4,0,1,2253,"9/1/20",9.024657534,12.35890411,NA,1
"2724","WAK","WAK-1","7/23/05","8/1/14","10/1/20","1/1/18",41,42,0,0,4,0,1,2253,"9/1/20",9.024657534,12.44383562,NA,1
"2725","WAK","WAK-1","7/23/05","8/1/14","10/1/20","2/1/18",42,43,0,0,4,0,1,2253,"9/1/20",9.024657534,12.52876712,NA,1
"2726","WAK","WAK-1","7/23/05","8/1/14","10/1/20","3/1/18",43,44,0,0,4,0,1,2253,"9/1/20",9.024657534,12.60547945,NA,1
"2727","WAK","WAK-1","7/23/05","8/1/14","10/1/20","4/1/18",44,45,0,0,4,0,1,2253,"9/1/20",9.024657534,12.69041096,NA,1
"2728","WAK","WAK-1","7/23/05","8/1/14","10/1/20","5/1/18",45,46,0,0,4,0,1,2253,"9/1/20",9.024657534,12.77260274,NA,1
"2729","WAK","WAK-1","7/23/05","8/1/14","10/1/20","6/1/18",46,47,0,0,4,0,1,2253,"9/1/20",9.024657534,12.85753425,NA,1
"2730","WAK","WAK-1","7/23/05","8/1/14","10/1/20","7/1/18",47,48,0,0,4,0,1,2253,"9/1/20",9.024657534,12.93972603,NA,1
"2731","WAK","WAK-1","7/23/05","8/1/14","10/1/20","8/1/18",48,49,0,0,4,0,1,2253,"9/1/20",9.024657534,13.02465753,NA,1
"2732","WAK","WAK-1","7/23/05","8/1/14","10/1/20","9/1/18",49,50,0,0,4,0,1,2253,"9/1/20",9.024657534,13.10958904,NA,1
"2733","WAK","WAK-1","7/23/05","8/1/14","10/1/20","10/1/18",50,51,0,0,4,0,1,2253,"9/1/20",9.024657534,13.19178082,NA,1
"2734","WAK","WAK-1","7/23/05","8/1/14","10/1/20","11/1/18",51,52,0,0,4,0,1,2253,"9/1/20",9.024657534,13.27671233,NA,1
"2735","WAK","WAK-1","7/23/05","8/1/14","10/1/20","12/1/18",52,53,0,0,4,0,1,2253,"9/1/20",9.024657534,13.35890411,NA,1
"2736","WAK","WAK-1","7/23/05","8/1/14","10/1/20","1/1/19",53,54,0,0,4,0,1,2253,"9/1/20",9.024657534,13.44383562,NA,1
"2737","WAK","WAK-1","7/23/05","8/1/14","10/1/20","2/1/19",54,55,0,0,4,0,1,2253,"9/1/20",9.024657534,13.52876712,NA,1
"2738","WAK","WAK-1","7/23/05","8/1/14","10/1/20","3/1/19",55,56,0,0,4,0,1,2253,"9/1/20",9.024657534,13.60547945,NA,1
"2739","WAK","WAK-1","7/23/05","8/1/14","10/1/20","4/1/19",56,57,0,0,4,0,1,2253,"9/1/20",9.024657534,13.69041096,NA,1
"2740","WAK","WAK-1","7/23/05","8/1/14","10/1/20","5/1/19",57,58,0,0,4,0,1,2253,"9/1/20",9.024657534,13.77260274,NA,1
"2741","WAK","WAK-1","7/23/05","8/1/14","10/1/20","6/1/19",58,59,0,0,4,0,1,2253,"9/1/20",9.024657534,13.85753425,NA,1
"2742","WAK","WAK-1","7/23/05","8/1/14","10/1/20","7/1/19",59,60,0,0,4,0,1,2253,"9/1/20",9.024657534,13.93972603,NA,1
"2743","WAK","WAK-1","7/23/05","8/1/14","10/1/20","8/1/19",60,61,0,0,4,0,1,2253,"9/1/20",9.024657534,14.02459016,NA,1
"2744","WAK","WAK-1","7/23/05","8/1/14","10/1/20","9/1/19",61,62,0,0,3,0,1,2253,"9/1/20",9.024657534,14.10928962,NA,1
"2745","WAK","WAK-1","7/23/05","8/1/14","10/1/20","10/1/19",62,63,0,0,3,0,1,2253,"9/1/20",9.024657534,14.19125683,NA,1
"2746","WAK","WAK-1","7/23/05","8/1/14","10/1/20","11/1/19",63,64,0,0,3,0,1,2253,"9/1/20",9.024657534,14.27595628,NA,1
"2747","WAK","WAK-1","7/23/05","8/1/14","10/1/20","12/1/19",64,65,0,0,3,0,1,2253,"9/1/20",9.024657534,14.3579235,NA,1
"2748","WAK","WAK-1","7/23/05","8/1/14","10/1/20","1/1/20",65,66,0,0,3,0,1,2253,"9/1/20",9.024657534,14.44262295,NA,1
"2749","WAK","WAK-1","7/23/05","8/1/14","10/1/20","2/1/20",66,67,0,0,3,0,1,2253,"9/1/20",9.024657534,14.5273224,NA,1
"2750","WAK","WAK-1","7/23/05","8/1/14","10/1/20","3/1/20",67,68,0,0,3,0,1,2253,"9/1/20",9.024657534,14.60655738,NA,1
"2751","WAK","WAK-1","7/23/05","8/1/14","10/1/20","4/1/20",68,69,0,0,3,0,1,2253,"9/1/20",9.024657534,14.69125683,NA,1
"2752","WAK","WAK-1","7/23/05","8/1/14","10/1/20","5/1/20",69,70,0,0,3,0,1,2253,"9/1/20",9.024657534,14.77322404,NA,1
"2753","WAK","WAK-1","7/23/05","8/1/14","10/1/20","6/1/20",70,71,0,0,3,0,1,2253,"9/1/20",9.024657534,14.8579235,NA,1
"2754","WAK","WAK-1","7/23/05","8/1/14","10/1/20","7/1/20",71,72,0,0,3,0,1,2253,"9/1/20",9.024657534,14.93989071,NA,1
"2755","WAK","WAK-1","7/23/05","8/1/14","10/1/20","8/1/20",72,73,0,0,3,0,1,2253,"9/1/20",9.024657534,15.02465753,NA,1
"2756","WAK","WAK-1","7/23/05","8/1/14","10/1/20","9/1/20",73,74,0,0,3,0,1,2253,"9/1/20",9.024657534,15.10958904,NA,1
"2757","WAL","WAL-1","4/1/03","5/1/12","6/1/12","5/1/12",0,1,1,0,2,0,0,31,"5/1/12",9.082191781,9.082191781,NA,5
"2758","WAL","WAL-2","4/1/03","6/1/12","10/1/14","6/1/12",0,1,0,0,8,0,0,852,"9/1/14",9.167123288,9.167123288,NA,8
"2759","WAL","WAL-2","4/1/03","6/1/12","10/1/14","7/1/12",1,2,0,0,4,0,0,852,"9/1/14",9.167123288,9.249315068,NA,8
"2760","WAL","WAL-2","4/1/03","6/1/12","10/1/14","8/1/12",2,3,0,0,4,0,0,852,"9/1/14",9.167123288,9.334246575,NA,8
"2761","WAL","WAL-2","4/1/03","6/1/12","10/1/14","9/1/12",3,4,0,0,4,0,0,852,"9/1/14",9.167123288,9.419178082,NA,8
"2762","WAL","WAL-2","4/1/03","6/1/12","10/1/14","10/1/12",4,5,0,0,4,0,0,852,"9/1/14",9.167123288,9.501369863,NA,8
"2763","WAL","WAL-2","4/1/03","6/1/12","10/1/14","11/1/12",5,6,0,0,4,0,0,852,"9/1/14",9.167123288,9.58630137,NA,8
"2764","WAL","WAL-2","4/1/03","6/1/12","10/1/14","12/1/12",6,7,0,0,4,0,0,852,"9/1/14",9.167123288,9.668493151,NA,5
"2765","WAL","WAL-2","4/1/03","6/1/12","10/1/14","1/1/13",7,8,0,0,3,0,0,852,"9/1/14",9.167123288,9.753424658,NA,5
"2766","WAL","WAL-2","4/1/03","6/1/12","10/1/14","2/1/13",8,9,0,0,4,0,0,852,"9/1/14",9.167123288,9.838356164,NA,0
"2767","WAL","WAL-2","4/1/03","6/1/12","10/1/14","3/1/13",9,10,0,0,4,0,0,852,"9/1/14",9.167123288,9.915068493,NA,0
"2768","WAL","WAL-2","4/1/03","6/1/12","10/1/14","4/1/13",10,11,0,0,4,0,0,852,"9/1/14",9.167123288,10,NA,0
"2769","WAL","WAL-2","4/1/03","6/1/12","10/1/14","5/1/13",11,12,0,0,4,0,0,852,"9/1/14",9.167123288,10.08219178,NA,2
"2770","WAL","WAL-2","4/1/03","6/1/12","10/1/14","6/1/13",12,13,0,0,4,0,0,852,"9/1/14",9.167123288,10.16712329,NA,0
"2771","WAL","WAL-2","4/1/03","6/1/12","10/1/14","7/1/13",13,14,0,0,4,0,0,852,"9/1/14",9.167123288,10.24931507,NA,0
"2772","WAL","WAL-2","4/1/03","6/1/12","10/1/14","8/1/13",14,15,0,0,4,0,0,852,"9/1/14",9.167123288,10.33424658,NA,0
"2773","WAL","WAL-2","4/1/03","6/1/12","10/1/14","9/1/13",15,16,0,0,4,0,0,852,"9/1/14",9.167123288,10.41917808,NA,0
"2774","WAL","WAL-2","4/1/03","6/1/12","10/1/14","10/1/13",16,17,0,0,4,0,0,852,"9/1/14",9.167123288,10.50136986,NA,0
"2775","WAL","WAL-2","4/1/03","6/1/12","10/1/14","11/1/13",17,18,0,0,4,0,0,852,"9/1/14",9.167123288,10.58630137,NA,0
"2776","WAL","WAL-2","4/1/03","6/1/12","10/1/14","12/1/13",18,19,0,0,4,0,0,852,"9/1/14",9.167123288,10.66849315,NA,0
"2777","WAL","WAL-2","4/1/03","6/1/12","10/1/14","1/1/14",19,20,0,0,4,0,0,852,"9/1/14",9.167123288,10.75342466,NA,0
"2778","WAL","WAL-2","4/1/03","6/1/12","10/1/14","2/1/14",20,21,0,0,4,0,0,852,"9/1/14",9.167123288,10.83835616,NA,0
"2779","WAL","WAL-2","4/1/03","6/1/12","10/1/14","3/1/14",21,22,0,0,3,0,0,852,"9/1/14",9.167123288,10.91506849,NA,0
"2780","WAL","WAL-2","4/1/03","6/1/12","10/1/14","4/1/14",22,23,0,0,3,0,0,852,"9/1/14",9.167123288,11,NA,0
"2781","WAL","WAL-2","4/1/03","6/1/12","10/1/14","5/1/14",23,24,0,0,3,0,0,852,"9/1/14",9.167123288,11.08219178,NA,0
"2782","WAL","WAL-2","4/1/03","6/1/12","10/1/14","6/1/14",24,25,0,0,3,0,0,852,"9/1/14",9.167123288,11.16712329,NA,0
"2783","WAL","WAL-2","4/1/03","6/1/12","10/1/14","7/1/14",25,26,0,0,3,0,0,852,"9/1/14",9.167123288,11.24931507,NA,0
"2784","WAL","WAL-2","4/1/03","6/1/12","10/1/14","8/1/14",26,27,0,0,3,0,0,852,"9/1/14",9.167123288,11.33424658,NA,0
"2785","WAL","WAL-2","4/1/03","6/1/12","10/1/14","9/1/14",27,28,1,0,3,0,0,852,"9/1/14",9.167123288,11.41917808,NA,0
"2786","WAY","WAY-1","2/26/98","6/1/06","11/1/09","6/1/06",0,1,0,0,4,0,0,1249,"10/1/09",8.260273973,8.260273973,NA,2
"2787","WAY","WAY-1","2/26/98","6/1/06","11/1/09","7/1/06",1,2,0,0,5,0,0,1249,"10/1/09",8.260273973,8.342465753,NA,2
"2788","WAY","WAY-1","2/26/98","6/1/06","11/1/09","8/1/06",2,3,0,0,5,0,0,1249,"10/1/09",8.260273973,8.42739726,NA,0
"2789","WAY","WAY-1","2/26/98","6/1/06","11/1/09","9/1/06",3,4,0,0,5,0,0,1249,"10/1/09",8.260273973,8.512328767,NA,0
"2790","WAY","WAY-1","2/26/98","6/1/06","11/1/09","10/1/06",4,5,0,0,5,0,0,1249,"10/1/09",8.260273973,8.594520548,NA,0
"2791","WAY","WAY-1","2/26/98","6/1/06","11/1/09","11/1/06",5,6,0,0,5,0,0,1249,"10/1/09",8.260273973,8.679452055,NA,0
"2792","WAY","WAY-1","2/26/98","6/1/06","11/1/09","12/1/06",6,7,0,0,5,0,0,1249,"10/1/09",8.260273973,8.761643836,NA,0
"2793","WAY","WAY-1","2/26/98","6/1/06","11/1/09","1/1/07",7,8,0,0,5,0,0,1249,"10/1/09",8.260273973,8.846575342,NA,0
"2794","WAY","WAY-1","2/26/98","6/1/06","11/1/09","2/1/07",8,9,0,0,5,0,0,1249,"10/1/09",8.260273973,8.931506849,NA,0
"2795","WAY","WAY-1","2/26/98","6/1/06","11/1/09","3/1/07",9,10,0,0,5,0,0,1249,"10/1/09",8.260273973,9.008219178,NA,0
"2796","WAY","WAY-1","2/26/98","6/1/06","11/1/09","4/1/07",10,11,0,0,6,0,0,1249,"10/1/09",8.260273973,9.093150685,NA,0
"2797","WAY","WAY-1","2/26/98","6/1/06","11/1/09","5/1/07",11,12,0,0,6,0,0,1249,"10/1/09",8.260273973,9.175342466,NA,0
"2798","WAY","WAY-1","2/26/98","6/1/06","11/1/09","6/1/07",12,13,0,0,6,0,0,1249,"10/1/09",8.260273973,9.260273973,NA,0
"2799","WAY","WAY-1","2/26/98","6/1/06","11/1/09","7/1/07",13,14,0,0,6,0,0,1249,"10/1/09",8.260273973,9.342465753,NA,0
"2800","WAY","WAY-1","2/26/98","6/1/06","11/1/09","8/1/07",14,15,0,0,6,0,0,1249,"10/1/09",8.260273973,9.42739726,NA,0
"2801","WAY","WAY-1","2/26/98","6/1/06","11/1/09","9/1/07",15,16,0,0,6,0,0,1249,"10/1/09",8.260273973,9.512328767,NA,0
"2802","WAY","WAY-1","2/26/98","6/1/06","11/1/09","10/1/07",16,17,0,0,6,0,0,1249,"10/1/09",8.260273973,9.594520548,NA,0
"2803","WAY","WAY-1","2/26/98","6/1/06","11/1/09","11/1/07",17,18,0,0,6,0,0,1249,"10/1/09",8.260273973,9.679452055,NA,0
"2804","WAY","WAY-1","2/26/98","6/1/06","11/1/09","12/1/07",18,19,0,0,6,0,0,1249,"10/1/09",8.260273973,9.761643836,NA,0
"2805","WAY","WAY-1","2/26/98","6/1/06","11/1/09","1/1/08",19,20,0,0,6,0,0,1249,"10/1/09",8.260273973,9.846575342,NA,0
"2806","WAY","WAY-1","2/26/98","6/1/06","11/1/09","2/1/08",20,21,0,0,6,0,0,1249,"10/1/09",8.260273973,9.931506849,NA,0
"2807","WAY","WAY-1","2/26/98","6/1/06","11/1/09","3/1/08",21,22,0,0,6,0,0,1249,"10/1/09",8.260273973,10.01092896,NA,0
"2808","WAY","WAY-1","2/26/98","6/1/06","11/1/09","4/1/08",22,23,0,0,6,0,0,1249,"10/1/09",8.260273973,10.09562842,NA,0
"2809","WAY","WAY-1","2/26/98","6/1/06","11/1/09","5/1/08",23,24,0,0,6,0,0,1249,"10/1/09",8.260273973,10.17759563,NA,0
"2810","WAY","WAY-1","2/26/98","6/1/06","11/1/09","6/1/08",24,25,0,0,6,0,0,1249,"10/1/09",8.260273973,10.26229508,NA,0
"2811","WAY","WAY-1","2/26/98","6/1/06","11/1/09","7/1/08",25,26,0,0,6,0,0,1249,"10/1/09",8.260273973,10.3442623,NA,0
"2812","WAY","WAY-1","2/26/98","6/1/06","11/1/09","8/1/08",26,27,0,0,6,0,0,1249,"10/1/09",8.260273973,10.42896175,NA,0
"2813","WAY","WAY-1","2/26/98","6/1/06","11/1/09","9/1/08",27,28,0,0,6,0,0,1249,"10/1/09",8.260273973,10.5136612,NA,0
"2814","WAY","WAY-1","2/26/98","6/1/06","11/1/09","10/1/08",28,29,0,0,6,0,0,1249,"10/1/09",8.260273973,10.59562842,NA,0
"2815","WAY","WAY-1","2/26/98","6/1/06","11/1/09","11/1/08",29,30,0,0,6,0,0,1249,"10/1/09",8.260273973,10.68032787,NA,0
"2816","WAY","WAY-1","2/26/98","6/1/06","11/1/09","12/1/08",30,31,0,0,6,0,0,1249,"10/1/09",8.260273973,10.76229508,NA,0
"2817","WAY","WAY-1","2/26/98","6/1/06","11/1/09","1/1/09",31,32,0,0,6,0,0,1249,"10/1/09",8.260273973,10.84699454,NA,0
"2818","WAY","WAY-1","2/26/98","6/1/06","11/1/09","2/1/09",32,33,0,0,6,0,0,1249,"10/1/09",8.260273973,10.93169399,NA,0
"2819","WAY","WAY-1","2/26/98","6/1/06","11/1/09","3/1/09",33,34,0,0,6,0,0,1249,"10/1/09",8.260273973,11.00821918,NA,0
"2820","WAY","WAY-1","2/26/98","6/1/06","11/1/09","4/1/09",34,35,0,0,6,0,0,1249,"10/1/09",8.260273973,11.09315068,NA,0
"2821","WAY","WAY-1","2/26/98","6/1/06","11/1/09","5/1/09",35,36,0,0,6,0,0,1249,"10/1/09",8.260273973,11.17534247,NA,0
"2822","WAY","WAY-1","2/26/98","6/1/06","11/1/09","6/1/09",36,37,0,0,5,0,0,1249,"10/1/09",8.260273973,11.26027397,NA,0
"2823","WAY","WAY-1","2/26/98","6/1/06","11/1/09","7/1/09",37,38,0,0,5,0,0,1249,"10/1/09",8.260273973,11.34246575,NA,0
"2824","WAY","WAY-1","2/26/98","6/1/06","11/1/09","8/1/09",38,39,0,0,5,0,0,1249,"10/1/09",8.260273973,11.42739726,NA,0
"2825","WAY","WAY-1","2/26/98","6/1/06","11/1/09","9/1/09",39,40,0,0,5,0,0,1249,"10/1/09",8.260273973,11.51232877,NA,0
"2826","WAY","WAY-1","2/26/98","6/1/06","11/1/09","10/1/09",40,41,1,0,5,0,0,1249,"10/1/09",8.260273973,11.59452055,NA,2
"2827","WEB","WEB-1","4/1/01","4/1/09","3/1/11","4/1/09",0,1,0,0,6,0,0,699,"2/1/11",8,8,"1/1/13",3
"2828","WEB","WEB-1","4/1/01","4/1/09","3/1/11","5/1/09",1,2,0,0,6,0,0,699,"2/1/11",8,8.082191781,"1/1/13",3
"2829","WEB","WEB-1","4/1/01","4/1/09","3/1/11","6/1/09",2,3,0,0,6,0,0,699,"2/1/11",8,8.167123288,"1/1/13",3
"2830","WEB","WEB-1","4/1/01","4/1/09","3/1/11","7/1/09",3,4,0,0,6,0,0,699,"2/1/11",8,8.249315068,"1/1/13",1
"2831","WEB","WEB-1","4/1/01","4/1/09","3/1/11","8/1/09",4,5,0,0,6,0,0,699,"2/1/11",8,8.334246575,"1/1/13",1
"2832","WEB","WEB-1","4/1/01","4/1/09","3/1/11","9/1/09",5,6,0,0,6,0,0,699,"2/1/11",8,8.419178082,"1/1/13",1
"2833","WEB","WEB-1","4/1/01","4/1/09","3/1/11","10/1/09",6,7,0,0,6,0,0,699,"2/1/11",8,8.501369863,"1/1/13",0
"2834","WEB","WEB-1","4/1/01","4/1/09","3/1/11","11/1/09",7,8,0,0,6,0,0,699,"2/1/11",8,8.58630137,"1/1/13",0
"2835","WEB","WEB-1","4/1/01","4/1/09","3/1/11","12/1/09",8,9,0,0,7,0,0,699,"2/1/11",8,8.668493151,"1/1/13",0
"2836","WEB","WEB-1","4/1/01","4/1/09","3/1/11","1/1/10",9,10,0,0,7,0,0,699,"2/1/11",8,8.753424658,"1/1/13",0
"2837","WEB","WEB-1","4/1/01","4/1/09","3/1/11","2/1/10",10,11,0,0,7,0,0,699,"2/1/11",8,8.838356164,"1/1/13",0
"2838","WEB","WEB-1","4/1/01","4/1/09","3/1/11","3/1/10",11,12,0,0,7,0,0,699,"2/1/11",8,8.915068493,"1/1/13",0
"2839","WEB","WEB-1","4/1/01","4/1/09","3/1/11","4/1/10",12,13,0,0,7,0,0,699,"2/1/11",8,9,"1/1/13",0
"2840","WEB","WEB-1","4/1/01","4/1/09","3/1/11","5/1/10",13,14,0,0,7,0,0,699,"2/1/11",8,9.082191781,"1/1/13",0
"2841","WEB","WEB-1","4/1/01","4/1/09","3/1/11","6/1/10",14,15,0,0,7,0,0,699,"2/1/11",8,9.167123288,"1/1/13",0
"2842","WEB","WEB-1","4/1/01","4/1/09","3/1/11","7/1/10",15,16,0,0,7,0,0,699,"2/1/11",8,9.249315068,"1/1/13",0
"2843","WEB","WEB-1","4/1/01","4/1/09","3/1/11","8/1/10",16,17,0,0,7,0,0,699,"2/1/11",8,9.334246575,"1/1/13",0
"2844","WEB","WEB-1","4/1/01","4/1/09","3/1/11","9/1/10",17,18,0,0,7,0,0,699,"2/1/11",8,9.419178082,"1/1/13",0
"2845","WEB","WEB-1","4/1/01","4/1/09","3/1/11","10/1/10",18,19,0,0,7,0,0,699,"2/1/11",8,9.501369863,"1/1/13",0
"2846","WEB","WEB-1","4/1/01","4/1/09","3/1/11","11/1/10",19,20,0,0,7,0,0,699,"2/1/11",8,9.58630137,"1/1/13",0
"2847","WEB","WEB-1","4/1/01","4/1/09","3/1/11","12/1/10",20,21,0,0,7,0,0,699,"2/1/11",8,9.668493151,"1/1/13",0
"2848","WEB","WEB-1","4/1/01","4/1/09","3/1/11","1/1/11",21,22,0,0,7,0,0,699,"2/1/11",8,9.753424658,"1/1/13",0
"2849","WEB","WEB-1","4/1/01","4/1/09","3/1/11","2/1/11",22,23,1,0,7,0,0,699,"2/1/11",8,9.838356164,"1/1/13",0
"2850","WHA","WHA-1","3/15/98","4/1/09","3/1/11","4/1/09",0,1,0,0,5,1,0,699,"2/1/11",11.04657534,11.04657534,NA,0
"2851","WHA","WHA-1","3/15/98","4/1/09","3/1/11","5/1/09",1,2,0,0,5,1,0,699,"2/1/11",11.04657534,11.12876712,NA,0
"2852","WHA","WHA-1","3/15/98","4/1/09","3/1/11","6/1/09",2,3,0,0,5,1,0,699,"2/1/11",11.04657534,11.21369863,NA,0
"2853","WHA","WHA-1","3/15/98","4/1/09","3/1/11","7/1/09",3,4,0,0,5,1,0,699,"2/1/11",11.04657534,11.29589041,NA,0
"2854","WHA","WHA-1","3/15/98","4/1/09","3/1/11","8/1/09",4,5,0,0,5,1,0,699,"2/1/11",11.04657534,11.38082192,NA,0
"2855","WHA","WHA-1","3/15/98","4/1/09","3/1/11","9/1/09",5,6,0,0,5,1,0,699,"2/1/11",11.04657534,11.46575342,NA,0
"2856","WHA","WHA-1","3/15/98","4/1/09","3/1/11","10/1/09",6,7,0,0,5,1,0,699,"2/1/11",11.04657534,11.54794521,NA,0
"2857","WHA","WHA-1","3/15/98","4/1/09","3/1/11","11/1/09",7,8,0,0,5,1,0,699,"2/1/11",11.04657534,11.63287671,NA,0
"2858","WHA","WHA-1","3/15/98","4/1/09","3/1/11","12/1/09",8,9,0,0,5,1,0,699,"2/1/11",11.04657534,11.71506849,NA,0
"2859","WHA","WHA-1","3/15/98","4/1/09","3/1/11","1/1/10",9,10,0,0,5,1,0,699,"2/1/11",11.04657534,11.8,NA,0
"2860","WHA","WHA-1","3/15/98","4/1/09","3/1/11","2/1/10",10,11,0,0,5,1,0,699,"2/1/11",11.04657534,11.88493151,NA,0
"2861","WHA","WHA-1","3/15/98","4/1/09","3/1/11","3/1/10",11,12,0,0,5,1,0,699,"2/1/11",11.04657534,11.96164384,NA,0
"2862","WHA","WHA-1","3/15/98","4/1/09","3/1/11","4/1/10",12,13,0,0,5,1,0,699,"2/1/11",11.04657534,12.04657534,NA,0
"2863","WHA","WHA-1","3/15/98","4/1/09","3/1/11","5/1/10",13,14,0,0,7,1,0,699,"2/1/11",11.04657534,12.12876712,NA,0
"2864","WHA","WHA-1","3/15/98","4/1/09","3/1/11","6/1/10",14,15,0,0,7,1,0,699,"2/1/11",11.04657534,12.21369863,NA,0
"2865","WHA","WHA-1","3/15/98","4/1/09","3/1/11","7/1/10",15,16,0,0,7,1,0,699,"2/1/11",11.04657534,12.29589041,NA,0
"2866","WHA","WHA-1","3/15/98","4/1/09","3/1/11","8/1/10",16,17,0,0,7,1,0,699,"2/1/11",11.04657534,12.38082192,NA,0
"2867","WHA","WHA-1","3/15/98","4/1/09","3/1/11","9/1/10",17,18,0,0,6,1,0,699,"2/1/11",11.04657534,12.46575342,NA,0
"2868","WHA","WHA-1","3/15/98","4/1/09","3/1/11","10/1/10",18,19,0,0,6,1,0,699,"2/1/11",11.04657534,12.54794521,NA,0
"2869","WHA","WHA-1","3/15/98","4/1/09","3/1/11","11/1/10",19,20,0,0,6,1,0,699,"2/1/11",11.04657534,12.63287671,NA,0
"2870","WHA","WHA-1","3/15/98","4/1/09","3/1/11","12/1/10",20,21,0,0,6,1,0,699,"2/1/11",11.04657534,12.71506849,NA,0
"2871","WHA","WHA-1","3/15/98","4/1/09","3/1/11","1/1/11",21,22,0,0,6,1,0,699,"2/1/11",11.04657534,12.8,NA,0
"2872","WHA","WHA-1","3/15/98","4/1/09","3/1/11","2/1/11",22,23,1,0,6,1,0,699,"2/1/11",11.04657534,12.88493151,NA,2
"2873","YAH","YAH-1","6/2/97","6/1/06","11/1/08","6/1/06",0,1,0,0,7,0,0,884,"10/1/08",8.997260274,8.997260274,NA,0
"2874","YAH","YAH-1","6/2/97","6/1/06","11/1/08","7/1/06",1,2,0,0,7,0,0,884,"10/1/08",8.997260274,9.079452055,NA,0
"2875","YAH","YAH-1","6/2/97","6/1/06","11/1/08","8/1/06",2,3,0,0,7,0,0,884,"10/1/08",8.997260274,9.164383562,NA,0
"2876","YAH","YAH-1","6/2/97","6/1/06","11/1/08","9/1/06",3,4,0,0,7,0,0,884,"10/1/08",8.997260274,9.249315068,NA,0
"2877","YAH","YAH-1","6/2/97","6/1/06","11/1/08","10/1/06",4,5,0,0,7,0,0,884,"10/1/08",8.997260274,9.331506849,NA,0
"2878","YAH","YAH-1","6/2/97","6/1/06","11/1/08","11/1/06",5,6,0,0,7,0,0,884,"10/1/08",8.997260274,9.416438356,NA,0
"2879","YAH","YAH-1","6/2/97","6/1/06","11/1/08","12/1/06",6,7,0,0,7,0,0,884,"10/1/08",8.997260274,9.498630137,NA,0
"2880","YAH","YAH-1","6/2/97","6/1/06","11/1/08","1/1/07",7,8,0,0,7,0,0,884,"10/1/08",8.997260274,9.583561644,NA,0
"2881","YAH","YAH-1","6/2/97","6/1/06","11/1/08","2/1/07",8,9,0,0,7,0,0,884,"10/1/08",8.997260274,9.668493151,NA,0
"2882","YAH","YAH-1","6/2/97","6/1/06","11/1/08","3/1/07",9,10,0,0,7,0,0,884,"10/1/08",8.997260274,9.745205479,NA,0
"2883","YAH","YAH-1","6/2/97","6/1/06","11/1/08","4/1/07",10,11,0,0,7,0,0,884,"10/1/08",8.997260274,9.830136986,NA,0
"2884","YAH","YAH-1","6/2/97","6/1/06","11/1/08","5/1/07",11,12,0,0,7,0,0,884,"10/1/08",8.997260274,9.912328767,NA,0
"2885","YAH","YAH-1","6/2/97","6/1/06","11/1/08","6/1/07",12,13,0,0,7,0,0,884,"10/1/08",8.997260274,9.997260274,NA,0
"2886","YAH","YAH-1","6/2/97","6/1/06","11/1/08","7/1/07",13,14,0,0,7,0,0,884,"10/1/08",8.997260274,10.07923497,NA,0
"2887","YAH","YAH-1","6/2/97","6/1/06","11/1/08","8/1/07",14,15,0,0,7,0,0,884,"10/1/08",8.997260274,10.16393443,NA,0
"2888","YAH","YAH-1","6/2/97","6/1/06","11/1/08","9/1/07",15,16,0,0,7,0,0,884,"10/1/08",8.997260274,10.24863388,NA,0
"2889","YAH","YAH-1","6/2/97","6/1/06","11/1/08","10/1/07",16,17,0,0,7,0,0,884,"10/1/08",8.997260274,10.33060109,NA,0
"2890","YAH","YAH-1","6/2/97","6/1/06","11/1/08","11/1/07",17,18,0,0,7,0,0,884,"10/1/08",8.997260274,10.41530055,NA,0
"2891","YAH","YAH-1","6/2/97","6/1/06","11/1/08","12/1/07",18,19,0,0,7,0,0,884,"10/1/08",8.997260274,10.49726776,NA,0
"2892","YAH","YAH-1","6/2/97","6/1/06","11/1/08","1/1/08",19,20,0,0,7,0,0,884,"10/1/08",8.997260274,10.58196721,NA,0
"2893","YAH","YAH-1","6/2/97","6/1/06","11/1/08","2/1/08",20,21,0,0,7,0,0,884,"10/1/08",8.997260274,10.66666667,NA,0
"2894","YAH","YAH-1","6/2/97","6/1/06","11/1/08","3/1/08",21,22,0,0,7,0,0,884,"10/1/08",8.997260274,10.74590164,NA,0
"2895","YAH","YAH-1","6/2/97","6/1/06","11/1/08","4/1/08",22,23,0,0,7,0,0,884,"10/1/08",8.997260274,10.83060109,NA,0
"2896","YAH","YAH-1","6/2/97","6/1/06","11/1/08","5/1/08",23,24,0,0,7,0,0,884,"10/1/08",8.997260274,10.91256831,NA,0
"2897","YAH","YAH-1","6/2/97","6/1/06","11/1/08","6/1/08",24,25,0,0,7,0,0,884,"10/1/08",8.997260274,10.99726776,NA,0
"2898","YAH","YAH-1","6/2/97","6/1/06","11/1/08","7/1/08",25,26,0,0,7,0,0,884,"10/1/08",8.997260274,11.07945205,NA,0
"2899","YAH","YAH-1","6/2/97","6/1/06","11/1/08","8/1/08",26,27,0,0,7,0,0,884,"10/1/08",8.997260274,11.16438356,NA,0
"2900","YAH","YAH-1","6/2/97","6/1/06","11/1/08","9/1/08",27,28,0,0,7,0,0,884,"10/1/08",8.997260274,11.24931507,NA,0
"2901","YAH","YAH-1","6/2/97","6/1/06","11/1/08","10/1/08",28,29,1,0,7,0,0,884,"10/1/08",8.997260274,11.33150685,NA,0
"2902","YEL","YEL-1","11/6/98","4/1/06","1/1/11","4/1/06",0,1,0,0,4,1,0,1736,"12/1/10",7.4,7.4,"2/1/11",0
"2903","YEL","YEL-1","11/6/98","4/1/06","1/1/11","5/1/06",1,2,0,0,4,1,0,1736,"12/1/10",7.4,7.482191781,"2/1/11",0
"2904","YEL","YEL-1","11/6/98","4/1/06","1/1/11","6/1/06",2,3,0,0,4,1,0,1736,"12/1/10",7.4,7.567123288,"2/1/11",0
"2905","YEL","YEL-1","11/6/98","4/1/06","1/1/11","7/1/06",3,4,0,0,4,1,0,1736,"12/1/10",7.4,7.649315068,"2/1/11",0
"2906","YEL","YEL-1","11/6/98","4/1/06","1/1/11","8/1/06",4,5,0,0,4,1,0,1736,"12/1/10",7.4,7.734246575,"2/1/11",0
"2907","YEL","YEL-1","11/6/98","4/1/06","1/1/11","9/1/06",5,6,0,0,4,1,0,1736,"12/1/10",7.4,7.819178082,"2/1/11",0
"2908","YEL","YEL-1","11/6/98","4/1/06","1/1/11","10/1/06",6,7,0,0,4,1,0,1736,"12/1/10",7.4,7.901369863,"2/1/11",0
"2909","YEL","YEL-1","11/6/98","4/1/06","1/1/11","11/1/06",7,8,0,0,4,1,0,1736,"12/1/10",7.4,7.98630137,"2/1/11",0
"2910","YEL","YEL-1","11/6/98","4/1/06","1/1/11","12/1/06",8,9,0,0,4,1,0,1736,"12/1/10",7.4,8.068493151,"2/1/11",0
"2911","YEL","YEL-1","11/6/98","4/1/06","1/1/11","1/1/07",9,10,0,0,4,1,0,1736,"12/1/10",7.4,8.153424658,"2/1/11",0
"2912","YEL","YEL-1","11/6/98","4/1/06","1/1/11","2/1/07",10,11,0,0,4,1,0,1736,"12/1/10",7.4,8.238356164,"2/1/11",0
"2913","YEL","YEL-1","11/6/98","4/1/06","1/1/11","3/1/07",11,12,0,0,4,1,0,1736,"12/1/10",7.4,8.315068493,"2/1/11",0
"2914","YEL","YEL-1","11/6/98","4/1/06","1/1/11","4/1/07",12,13,0,0,4,1,0,1736,"12/1/10",7.4,8.4,"2/1/11",0
"2915","YEL","YEL-1","11/6/98","4/1/06","1/1/11","5/1/07",13,14,0,0,4,1,0,1736,"12/1/10",7.4,8.482191781,"2/1/11",0
"2916","YEL","YEL-1","11/6/98","4/1/06","1/1/11","6/1/07",14,15,0,0,4,1,0,1736,"12/1/10",7.4,8.567123288,"2/1/11",0
"2917","YEL","YEL-1","11/6/98","4/1/06","1/1/11","7/1/07",15,16,0,0,4,1,0,1736,"12/1/10",7.4,8.649315068,"2/1/11",0
"2918","YEL","YEL-1","11/6/98","4/1/06","1/1/11","8/1/07",16,17,0,0,4,1,0,1736,"12/1/10",7.4,8.734246575,"2/1/11",0
"2919","YEL","YEL-1","11/6/98","4/1/06","1/1/11","9/1/07",17,18,0,0,3,1,0,1736,"12/1/10",7.4,8.819178082,"2/1/11",0
"2920","YEL","YEL-1","11/6/98","4/1/06","1/1/11","10/1/07",18,19,0,0,3,1,0,1736,"12/1/10",7.4,8.901369863,"2/1/11",0
"2921","YEL","YEL-1","11/6/98","4/1/06","1/1/11","11/1/07",19,20,0,0,3,1,0,1736,"12/1/10",7.4,8.98630137,"2/1/11",0
"2922","YEL","YEL-1","11/6/98","4/1/06","1/1/11","12/1/07",20,21,0,0,3,1,0,1736,"12/1/10",7.4,9.068306011,"2/1/11",0
"2923","YEL","YEL-1","11/6/98","4/1/06","1/1/11","1/1/08",21,22,0,0,3,1,0,1736,"12/1/10",7.4,9.153005464,"2/1/11",0
"2924","YEL","YEL-1","11/6/98","4/1/06","1/1/11","2/1/08",22,23,0,0,3,1,0,1736,"12/1/10",7.4,9.237704918,"2/1/11",0
"2925","YEL","YEL-1","11/6/98","4/1/06","1/1/11","3/1/08",23,24,0,0,3,1,0,1736,"12/1/10",7.4,9.316939891,"2/1/11",0
"2926","YEL","YEL-1","11/6/98","4/1/06","1/1/11","4/1/08",24,25,0,0,3,1,0,1736,"12/1/10",7.4,9.401639344,"2/1/11",0
"2927","YEL","YEL-1","11/6/98","4/1/06","1/1/11","5/1/08",25,26,0,0,3,1,0,1736,"12/1/10",7.4,9.483606557,"2/1/11",0
"2928","YEL","YEL-1","11/6/98","4/1/06","1/1/11","6/1/08",26,27,0,0,3,1,0,1736,"12/1/10",7.4,9.568306011,"2/1/11",0
"2929","YEL","YEL-1","11/6/98","4/1/06","1/1/11","7/1/08",27,28,0,0,3,1,0,1736,"12/1/10",7.4,9.650273224,"2/1/11",0
"2930","YEL","YEL-1","11/6/98","4/1/06","1/1/11","8/1/08",28,29,0,0,3,1,0,1736,"12/1/10",7.4,9.734972678,"2/1/11",0
"2931","YEL","YEL-1","11/6/98","4/1/06","1/1/11","9/1/08",29,30,0,0,3,1,0,1736,"12/1/10",7.4,9.819672131,"2/1/11",0
"2932","YEL","YEL-1","11/6/98","4/1/06","1/1/11","10/1/08",30,31,0,0,3,1,0,1736,"12/1/10",7.4,9.901639344,"2/1/11",0
"2933","YEL","YEL-1","11/6/98","4/1/06","1/1/11","11/1/08",31,32,0,0,3,1,0,1736,"12/1/10",7.4,9.986338798,"2/1/11",0
"2934","YEL","YEL-1","11/6/98","4/1/06","1/1/11","12/1/08",32,33,0,0,3,1,0,1736,"12/1/10",7.4,10.06849315,"2/1/11",0
"2935","YEL","YEL-1","11/6/98","4/1/06","1/1/11","1/1/09",33,34,0,0,3,1,0,1736,"12/1/10",7.4,10.15342466,"2/1/11",0
"2936","YEL","YEL-1","11/6/98","4/1/06","1/1/11","2/1/09",34,35,0,0,3,1,0,1736,"12/1/10",7.4,10.23835616,"2/1/11",0
"2937","YEL","YEL-1","11/6/98","4/1/06","1/1/11","3/1/09",35,36,0,0,3,1,0,1736,"12/1/10",7.4,10.31506849,"2/1/11",0
"2938","YEL","YEL-1","11/6/98","4/1/06","1/1/11","4/1/09",36,37,0,0,2,1,0,1736,"12/1/10",7.4,10.4,"2/1/11",0
"2939","YEL","YEL-1","11/6/98","4/1/06","1/1/11","5/1/09",37,38,0,0,2,1,0,1736,"12/1/10",7.4,10.48219178,"2/1/11",0
"2940","YEL","YEL-1","11/6/98","4/1/06","1/1/11","6/1/09",38,39,0,0,2,1,0,1736,"12/1/10",7.4,10.56712329,"2/1/11",0
"2941","YEL","YEL-1","11/6/98","4/1/06","1/1/11","7/1/09",39,40,0,0,2,1,0,1736,"12/1/10",7.4,10.64931507,"2/1/11",0
"2942","YEL","YEL-1","11/6/98","4/1/06","1/1/11","8/1/09",40,41,0,0,2,1,0,1736,"12/1/10",7.4,10.73424658,"2/1/11",0
"2943","YEL","YEL-1","11/6/98","4/1/06","1/1/11","9/1/09",41,42,0,0,2,1,0,1736,"12/1/10",7.4,10.81917808,"2/1/11",0
"2944","YEL","YEL-1","11/6/98","4/1/06","1/1/11","10/1/09",42,43,0,0,1,1,0,1736,"12/1/10",7.4,10.90136986,"2/1/11",0
"2945","YEL","YEL-1","11/6/98","4/1/06","1/1/11","11/1/09",43,44,0,0,1,1,0,1736,"12/1/10",7.4,10.98630137,"2/1/11",0
"2946","YEL","YEL-1","11/6/98","4/1/06","1/1/11","12/1/09",44,45,0,0,1,1,0,1736,"12/1/10",7.4,11.06849315,"2/1/11",0
"2947","YEL","YEL-1","11/6/98","4/1/06","1/1/11","1/1/10",45,46,0,0,1,1,0,1736,"12/1/10",7.4,11.15342466,"2/1/11",0
"2948","YEL","YEL-1","11/6/98","4/1/06","1/1/11","2/1/10",46,47,0,0,1,1,0,1736,"12/1/10",7.4,11.23835616,"2/1/11",0
"2949","YEL","YEL-1","11/6/98","4/1/06","1/1/11","3/1/10",47,48,0,0,1,1,0,1736,"12/1/10",7.4,11.31506849,"2/1/11",0
"2950","YEL","YEL-1","11/6/98","4/1/06","1/1/11","4/1/10",48,49,0,0,1,1,0,1736,"12/1/10",7.4,11.4,"2/1/11",0
"2951","YEL","YEL-1","11/6/98","4/1/06","1/1/11","5/1/10",49,50,0,0,1,1,0,1736,"12/1/10",7.4,11.48219178,"2/1/11",0
"2952","YEL","YEL-1","11/6/98","4/1/06","1/1/11","6/1/10",50,51,0,0,1,1,0,1736,"12/1/10",7.4,11.56712329,"2/1/11",0
"2953","YEL","YEL-1","11/6/98","4/1/06","1/1/11","7/1/10",51,52,0,0,1,1,0,1736,"12/1/10",7.4,11.64931507,"2/1/11",0
"2954","YEL","YEL-1","11/6/98","4/1/06","1/1/11","8/1/10",52,53,0,0,1,1,0,1736,"12/1/10",7.4,11.73424658,"2/1/11",0
"2955","YEL","YEL-1","11/6/98","4/1/06","1/1/11","9/1/10",53,54,0,0,1,1,0,1736,"12/1/10",7.4,11.81917808,"2/1/11",0
"2956","YEL","YEL-1","11/6/98","4/1/06","1/1/11","10/1/10",54,55,0,0,1,1,0,1736,"12/1/10",7.4,11.90136986,"2/1/11",0
"2957","YEL","YEL-1","11/6/98","4/1/06","1/1/11","11/1/10",55,56,0,0,1,1,0,1736,"12/1/10",7.4,11.98630137,"2/1/11",0
"2958","YEL","YEL-1","11/6/98","4/1/06","1/1/11","12/1/10",56,57,1,0,1,1,0,1736,"12/1/10",7.4,12.06849315,"2/1/11",0
"2959","YOH","YOH-1",NA,"7/1/20","10/1/22","7/1/20",0,1,0,0,7,0,0,822,"9/1/22",NA,NA,NA,1
"2960","YOH","YOH-1",NA,"7/1/20","10/1/22","8/1/20",1,2,0,0,7,0,0,822,"9/1/22",NA,NA,NA,1
"2961","YOH","YOH-1",NA,"7/1/20","10/1/22","9/1/20",2,3,0,0,7,0,0,822,"9/1/22",NA,NA,NA,1
"2962","YOH","YOH-1",NA,"7/1/20","10/1/22","10/1/20",3,4,0,0,10,0,0,822,"9/1/22",NA,NA,NA,1
"2963","YOH","YOH-1",NA,"7/1/20","10/1/22","11/1/20",4,5,0,0,NA,0,0,822,"9/1/22",NA,NA,NA,NA
"2964","YOH","YOH-1",NA,"7/1/20","10/1/22","12/1/20",5,6,0,0,NA,0,0,822,"9/1/22",NA,NA,NA,NA
"2965","YOH","YOH-1",NA,"7/1/20","10/1/22","1/1/21",6,7,0,0,8,0,0,822,"9/1/22",NA,NA,NA,0
"2966","YOH","YOH-1",NA,"7/1/20","10/1/22","2/1/21",7,8,0,0,8,0,0,822,"9/1/22",NA,NA,NA,0
"2967","YOH","YOH-1",NA,"7/1/20","10/1/22","3/1/21",8,9,0,0,8,0,0,822,"9/1/22",NA,NA,NA,0
"2968","YOH","YOH-1",NA,"7/1/20","10/1/22","4/1/21",9,10,0,0,8,0,0,822,"9/1/22",NA,NA,NA,0
"2969","YOH","YOH-1",NA,"7/1/20","10/1/22","5/1/21",10,11,0,0,8,0,0,822,"9/1/22",NA,NA,NA,0
"2970","YOH","YOH-1",NA,"7/1/20","10/1/22","6/1/21",11,12,0,0,8,0,0,822,"9/1/22",NA,NA,NA,0
"2971","YOH","YOH-1",NA,"7/1/20","10/1/22","7/1/21",12,13,0,0,8,0,0,822,"9/1/22",NA,NA,NA,0
"2972","YOH","YOH-1",NA,"7/1/20","10/1/22","8/1/21",13,14,0,0,8,0,0,822,"9/1/22",NA,NA,NA,0
"2973","YOH","YOH-1",NA,"7/1/20","10/1/22","9/1/21",14,15,0,0,8,0,0,822,"9/1/22",NA,NA,NA,0
"2974","YOH","YOH-1",NA,"7/1/20","10/1/22","10/1/21",15,16,0,0,8,0,0,822,"9/1/22",NA,NA,NA,0
"2975","YOH","YOH-1",NA,"7/1/20","10/1/22","11/1/21",16,17,0,0,8,0,0,822,"9/1/22",NA,NA,NA,0
"2976","YOH","YOH-1",NA,"7/1/20","10/1/22","12/1/21",17,18,0,0,8,0,0,822,"9/1/22",NA,NA,NA,0
"2977","YOH","YOH-1",NA,"7/1/20","10/1/22","1/1/22",18,19,0,0,8,0,0,822,"9/1/22",NA,NA,NA,0
"2978","YOH","YOH-1",NA,"7/1/20","10/1/22","2/1/22",19,20,0,0,8,0,0,822,"9/1/22",NA,NA,NA,0
"2979","YOH","YOH-1",NA,"7/1/20","10/1/22","3/1/22",20,21,0,0,7,0,0,822,"9/1/22",NA,NA,NA,0
"2980","YOH","YOH-1",NA,"7/1/20","10/1/22","4/1/22",21,22,0,0,7,0,0,822,"9/1/22",NA,NA,NA,0
"2981","YOH","YOH-1",NA,"7/1/20","10/1/22","5/1/22",22,23,0,0,7,0,0,822,"9/1/22",NA,NA,NA,0
"2982","YOH","YOH-1",NA,"7/1/20","10/1/22","6/1/22",23,24,1,0,7,0,0,822,"9/1/22",NA,NA,NA,0
"2983","YOS","YOS-1","3/9/06","7/1/14","8/1/14","7/1/14",0,1,1,0,3,0,0,31,"7/1/14",8.312328767,8.312328767,NA,5
"2984","YOS","YOS-2","3/9/06","1/1/16","4/1/16","1/1/16",0,1,0,0,4,0,0,91,"3/1/16",9.81420765,9.81420765,NA,2
"2985","YOS","YOS-2","3/9/06","1/1/16","4/1/16","2/1/16",1,2,0,0,4,0,0,91,"3/1/16",9.81420765,9.898907104,NA,2
"2986","YOS","YOS-2","3/9/06","1/1/16","4/1/16","3/1/16",2,3,1,0,4,0,0,91,"3/1/16",9.81420765,9.978142077,NA,2
"2987","ZEU","ZEU-1","4/12/98","5/1/06","6/1/14","5/1/06",0,1,0,0,6,0,0,2953,"5/1/14",8.052054795,8.052054795,"10/1/13",2
"2988","ZEU","ZEU-1","4/12/98","5/1/06","6/1/14","6/1/06",1,2,0,0,6,0,0,2953,"5/1/14",8.052054795,8.136986301,"10/1/13",2
"2989","ZEU","ZEU-1","4/12/98","5/1/06","6/1/14","7/1/06",2,3,0,0,6,0,0,2953,"5/1/14",8.052054795,8.219178082,"10/1/13",2
"2990","ZEU","ZEU-1","4/12/98","5/1/06","6/1/14","8/1/06",3,4,0,0,6,0,0,2953,"5/1/14",8.052054795,8.304109589,"10/1/13",2
"2991","ZEU","ZEU-1","4/12/98","5/1/06","6/1/14","9/1/06",4,5,0,0,6,0,0,2953,"5/1/14",8.052054795,8.389041096,"10/1/13",2
"2992","ZEU","ZEU-1","4/12/98","5/1/06","6/1/14","10/1/06",5,6,0,0,6,0,0,2953,"5/1/14",8.052054795,8.471232877,"10/1/13",2
"2993","ZEU","ZEU-1","4/12/98","5/1/06","6/1/14","11/1/06",6,7,0,0,6,0,0,2953,"5/1/14",8.052054795,8.556164384,"10/1/13",2
"2994","ZEU","ZEU-1","4/12/98","5/1/06","6/1/14","12/1/06",7,8,0,0,6,0,0,2953,"5/1/14",8.052054795,8.638356164,"10/1/13",2
"2995","ZEU","ZEU-1","4/12/98","5/1/06","6/1/14","1/1/07",8,9,0,0,6,0,0,2953,"5/1/14",8.052054795,8.723287671,"10/1/13",2
"2996","ZEU","ZEU-1","4/12/98","5/1/06","6/1/14","2/1/07",9,10,0,0,6,0,0,2953,"5/1/14",8.052054795,8.808219178,"10/1/13",2
"2997","ZEU","ZEU-1","4/12/98","5/1/06","6/1/14","3/1/07",10,11,0,0,6,0,0,2953,"5/1/14",8.052054795,8.884931507,"10/1/13",2
"2998","ZEU","ZEU-1","4/12/98","5/1/06","6/1/14","4/1/07",11,12,0,0,6,0,0,2953,"5/1/14",8.052054795,8.969863014,"10/1/13",2
"2999","ZEU","ZEU-1","4/12/98","5/1/06","6/1/14","5/1/07",12,13,0,0,6,0,0,2953,"5/1/14",8.052054795,9.051912568,"10/1/13",2
"3000","ZEU","ZEU-1","4/12/98","5/1/06","6/1/14","6/1/07",13,14,0,0,6,0,0,2953,"5/1/14",8.052054795,9.136612022,"10/1/13",2
"3001","ZEU","ZEU-1","4/12/98","5/1/06","6/1/14","7/1/07",14,15,0,0,6,0,0,2953,"5/1/14",8.052054795,9.218579235,"10/1/13",2
"3002","ZEU","ZEU-1","4/12/98","5/1/06","6/1/14","8/1/07",15,16,0,0,6,0,0,2953,"5/1/14",8.052054795,9.303278689,"10/1/13",2
"3003","ZEU","ZEU-1","4/12/98","5/1/06","6/1/14","9/1/07",16,17,0,0,6,0,0,2953,"5/1/14",8.052054795,9.387978142,"10/1/13",2
"3004","ZEU","ZEU-1","4/12/98","5/1/06","6/1/14","10/1/07",17,18,0,0,7,0,0,2953,"5/1/14",8.052054795,9.469945355,"10/1/13",2
"3005","ZEU","ZEU-1","4/12/98","5/1/06","6/1/14","11/1/07",18,19,0,0,7,0,0,2953,"5/1/14",8.052054795,9.554644809,"10/1/13",2
"3006","ZEU","ZEU-1","4/12/98","5/1/06","6/1/14","12/1/07",19,20,0,0,7,0,0,2953,"5/1/14",8.052054795,9.636612022,"10/1/13",2
"3007","ZEU","ZEU-1","4/12/98","5/1/06","6/1/14","1/1/08",20,21,0,0,7,0,0,2953,"5/1/14",8.052054795,9.721311475,"10/1/13",2
"3008","ZEU","ZEU-1","4/12/98","5/1/06","6/1/14","2/1/08",21,22,0,0,7,0,0,2953,"5/1/14",8.052054795,9.806010929,"10/1/13",2
"3009","ZEU","ZEU-1","4/12/98","5/1/06","6/1/14","3/1/08",22,23,0,0,7,0,0,2953,"5/1/14",8.052054795,9.885245902,"10/1/13",2
"3010","ZEU","ZEU-1","4/12/98","5/1/06","6/1/14","4/1/08",23,24,0,0,7,0,0,2953,"5/1/14",8.052054795,9.969945355,"10/1/13",2
"3011","ZEU","ZEU-1","4/12/98","5/1/06","6/1/14","5/1/08",24,25,0,0,7,0,0,2953,"5/1/14",8.052054795,10.05205479,"10/1/13",2
"3012","ZEU","ZEU-1","4/12/98","5/1/06","6/1/14","6/1/08",25,26,0,0,7,0,0,2953,"5/1/14",8.052054795,10.1369863,"10/1/13",2
"3013","ZEU","ZEU-1","4/12/98","5/1/06","6/1/14","7/1/08",26,27,0,0,7,0,0,2953,"5/1/14",8.052054795,10.21917808,"10/1/13",2
"3014","ZEU","ZEU-1","4/12/98","5/1/06","6/1/14","8/1/08",27,28,0,0,7,0,0,2953,"5/1/14",8.052054795,10.30410959,"10/1/13",2
"3015","ZEU","ZEU-1","4/12/98","5/1/06","6/1/14","9/1/08",28,29,0,0,7,0,0,2953,"5/1/14",8.052054795,10.3890411,"10/1/13",2
"3016","ZEU","ZEU-1","4/12/98","5/1/06","6/1/14","10/1/08",29,30,0,0,7,0,0,2953,"5/1/14",8.052054795,10.47123288,"10/1/13",2
"3017","ZEU","ZEU-1","4/12/98","5/1/06","6/1/14","11/1/08",30,31,0,0,6,0,0,2953,"5/1/14",8.052054795,10.55616438,"10/1/13",2
"3018","ZEU","ZEU-1","4/12/98","5/1/06","6/1/14","12/1/08",31,32,0,0,6,0,0,2953,"5/1/14",8.052054795,10.63835616,"10/1/13",2
"3019","ZEU","ZEU-1","4/12/98","5/1/06","6/1/14","1/1/09",32,33,0,0,6,0,0,2953,"5/1/14",8.052054795,10.72328767,"10/1/13",2
"3020","ZEU","ZEU-1","4/12/98","5/1/06","6/1/14","2/1/09",33,34,0,0,6,0,0,2953,"5/1/14",8.052054795,10.80821918,"10/1/13",2
"3021","ZEU","ZEU-1","4/12/98","5/1/06","6/1/14","3/1/09",34,35,0,0,6,0,0,2953,"5/1/14",8.052054795,10.88493151,"10/1/13",2
"3022","ZEU","ZEU-1","4/12/98","5/1/06","6/1/14","4/1/09",35,36,0,0,6,0,0,2953,"5/1/14",8.052054795,10.96986301,"10/1/13",2
"3023","ZEU","ZEU-1","4/12/98","5/1/06","6/1/14","5/1/09",36,37,0,0,6,0,0,2953,"5/1/14",8.052054795,11.05205479,"10/1/13",2
"3024","ZEU","ZEU-1","4/12/98","5/1/06","6/1/14","6/1/09",37,38,0,0,6,0,0,2953,"5/1/14",8.052054795,11.1369863,"10/1/13",2
"3025","ZEU","ZEU-1","4/12/98","5/1/06","6/1/14","7/1/09",38,39,0,0,6,0,0,2953,"5/1/14",8.052054795,11.21917808,"10/1/13",0
"3026","ZEU","ZEU-1","4/12/98","5/1/06","6/1/14","8/1/09",39,40,0,0,6,0,0,2953,"5/1/14",8.052054795,11.30410959,"10/1/13",0
"3027","ZEU","ZEU-1","4/12/98","5/1/06","6/1/14","9/1/09",40,41,0,0,6,0,0,2953,"5/1/14",8.052054795,11.3890411,"10/1/13",0
"3028","ZEU","ZEU-1","4/12/98","5/1/06","6/1/14","10/1/09",41,42,0,0,6,0,0,2953,"5/1/14",8.052054795,11.47123288,"10/1/13",0
"3029","ZEU","ZEU-1","4/12/98","5/1/06","6/1/14","11/1/09",42,43,0,0,6,0,0,2953,"5/1/14",8.052054795,11.55616438,"10/1/13",0
"3030","ZEU","ZEU-1","4/12/98","5/1/06","6/1/14","12/1/09",43,44,0,0,6,0,0,2953,"5/1/14",8.052054795,11.63835616,"10/1/13",0
"3031","ZEU","ZEU-1","4/12/98","5/1/06","6/1/14","1/1/10",44,45,0,0,6,0,0,2953,"5/1/14",8.052054795,11.72328767,"10/1/13",0
"3032","ZEU","ZEU-1","4/12/98","5/1/06","6/1/14","2/1/10",45,46,0,0,6,0,0,2953,"5/1/14",8.052054795,11.80821918,"10/1/13",0
"3033","ZEU","ZEU-1","4/12/98","5/1/06","6/1/14","3/1/10",46,47,0,0,6,0,0,2953,"5/1/14",8.052054795,11.88493151,"10/1/13",0
"3034","ZEU","ZEU-1","4/12/98","5/1/06","6/1/14","4/1/10",47,48,0,0,6,0,0,2953,"5/1/14",8.052054795,11.96986301,"10/1/13",0
"3035","ZEU","ZEU-1","4/12/98","5/1/06","6/1/14","5/1/10",48,49,0,0,6,0,0,2953,"5/1/14",8.052054795,12.05205479,"10/1/13",0
"3036","ZEU","ZEU-1","4/12/98","5/1/06","6/1/14","6/1/10",49,50,0,0,6,0,0,2953,"5/1/14",8.052054795,12.1369863,"10/1/13",0
"3037","ZEU","ZEU-1","4/12/98","5/1/06","6/1/14","7/1/10",50,51,0,0,6,0,0,2953,"5/1/14",8.052054795,12.21917808,"10/1/13",0
"3038","ZEU","ZEU-1","4/12/98","5/1/06","6/1/14","8/1/10",51,52,0,0,6,0,0,2953,"5/1/14",8.052054795,12.30410959,"10/1/13",0
"3039","ZEU","ZEU-1","4/12/98","5/1/06","6/1/14","9/1/10",52,53,0,0,6,0,0,2953,"5/1/14",8.052054795,12.3890411,"10/1/13",0
"3040","ZEU","ZEU-1","4/12/98","5/1/06","6/1/14","10/1/10",53,54,0,0,6,0,0,2953,"5/1/14",8.052054795,12.47123288,"10/1/13",0
"3041","ZEU","ZEU-1","4/12/98","5/1/06","6/1/14","11/1/10",54,55,0,0,6,0,0,2953,"5/1/14",8.052054795,12.55616438,"10/1/13",0
"3042","ZEU","ZEU-1","4/12/98","5/1/06","6/1/14","12/1/10",55,56,0,0,6,0,0,2953,"5/1/14",8.052054795,12.63835616,"10/1/13",0
"3043","ZEU","ZEU-1","4/12/98","5/1/06","6/1/14","1/1/11",56,57,0,0,6,0,0,2953,"5/1/14",8.052054795,12.72328767,"10/1/13",0
"3044","ZEU","ZEU-1","4/12/98","5/1/06","6/1/14","2/1/11",57,58,0,0,6,0,0,2953,"5/1/14",8.052054795,12.80821918,"10/1/13",0
"3045","ZEU","ZEU-1","4/12/98","5/1/06","6/1/14","3/1/11",58,59,0,0,6,0,0,2953,"5/1/14",8.052054795,12.88493151,"10/1/13",0
"3046","ZEU","ZEU-1","4/12/98","5/1/06","6/1/14","4/1/11",59,60,0,0,7,0,0,2953,"5/1/14",8.052054795,12.96986301,"10/1/13",0
"3047","ZEU","ZEU-1","4/12/98","5/1/06","6/1/14","5/1/11",60,61,0,0,7,0,0,2953,"5/1/14",8.052054795,13.05191257,"10/1/13",0
"3048","ZEU","ZEU-1","4/12/98","5/1/06","6/1/14","6/1/11",61,62,0,0,7,0,0,2953,"5/1/14",8.052054795,13.13661202,"10/1/13",0
"3049","ZEU","ZEU-1","4/12/98","5/1/06","6/1/14","7/1/11",62,63,0,0,7,0,0,2953,"5/1/14",8.052054795,13.21857923,"10/1/13",0
"3050","ZEU","ZEU-1","4/12/98","5/1/06","6/1/14","8/1/11",63,64,0,0,7,0,0,2953,"5/1/14",8.052054795,13.30327869,"10/1/13",0
"3051","ZEU","ZEU-1","4/12/98","5/1/06","6/1/14","9/1/11",64,65,0,0,7,0,0,2953,"5/1/14",8.052054795,13.38797814,"10/1/13",0
"3052","ZEU","ZEU-1","4/12/98","5/1/06","6/1/14","10/1/11",65,66,0,0,7,0,0,2953,"5/1/14",8.052054795,13.46994536,"10/1/13",1
"3053","ZEU","ZEU-1","4/12/98","5/1/06","6/1/14","11/1/11",66,67,0,0,7,0,0,2953,"5/1/14",8.052054795,13.55464481,"10/1/13",1
"3054","ZEU","ZEU-1","4/12/98","5/1/06","6/1/14","12/1/11",67,68,0,0,7,0,0,2953,"5/1/14",8.052054795,13.63661202,"10/1/13",1
"3055","ZEU","ZEU-1","4/12/98","5/1/06","6/1/14","1/1/12",68,69,0,0,7,0,0,2953,"5/1/14",8.052054795,13.72131148,"10/1/13",1
"3056","ZEU","ZEU-1","4/12/98","5/1/06","6/1/14","2/1/12",69,70,0,0,7,0,0,2953,"5/1/14",8.052054795,13.80601093,"10/1/13",0
"3057","ZEU","ZEU-1","4/12/98","5/1/06","6/1/14","3/1/12",70,71,0,0,7,0,0,2953,"5/1/14",8.052054795,13.8852459,"10/1/13",0
"3058","ZEU","ZEU-1","4/12/98","5/1/06","6/1/14","4/1/12",71,72,0,0,7,0,0,2953,"5/1/14",8.052054795,13.96994536,"10/1/13",0
"3059","ZEU","ZEU-1","4/12/98","5/1/06","6/1/14","5/1/12",72,73,0,0,7,0,0,2953,"5/1/14",8.052054795,14.05205479,"10/1/13",0
"3060","ZEU","ZEU-1","4/12/98","5/1/06","6/1/14","6/1/12",73,74,0,0,7,0,0,2953,"5/1/14",8.052054795,14.1369863,"10/1/13",0
"3061","ZEU","ZEU-1","4/12/98","5/1/06","6/1/14","7/1/12",74,75,0,0,7,0,0,2953,"5/1/14",8.052054795,14.21917808,"10/1/13",0
"3062","ZEU","ZEU-1","4/12/98","5/1/06","6/1/14","8/1/12",75,76,0,0,7,0,0,2953,"5/1/14",8.052054795,14.30410959,"10/1/13",0
"3063","ZEU","ZEU-1","4/12/98","5/1/06","6/1/14","9/1/12",76,77,0,0,7,0,0,2953,"5/1/14",8.052054795,14.3890411,"10/1/13",0
"3064","ZEU","ZEU-1","4/12/98","5/1/06","6/1/14","10/1/12",77,78,0,0,7,0,0,2953,"5/1/14",8.052054795,14.47123288,"10/1/13",0
"3065","ZEU","ZEU-1","4/12/98","5/1/06","6/1/14","11/1/12",78,79,0,0,7,0,0,2953,"5/1/14",8.052054795,14.55616438,"10/1/13",0
"3066","ZEU","ZEU-1","4/12/98","5/1/06","6/1/14","12/1/12",79,80,0,0,7,0,0,2953,"5/1/14",8.052054795,14.63835616,"10/1/13",0
"3067","ZEU","ZEU-1","4/12/98","5/1/06","6/1/14","1/1/13",80,81,0,0,7,0,0,2953,"5/1/14",8.052054795,14.72328767,"10/1/13",0
"3068","ZEU","ZEU-1","4/12/98","5/1/06","6/1/14","2/1/13",81,82,0,0,7,0,0,2953,"5/1/14",8.052054795,14.80821918,"10/1/13",0
"3069","ZEU","ZEU-1","4/12/98","5/1/06","6/1/14","3/1/13",82,83,0,0,8,0,0,2953,"5/1/14",8.052054795,14.88493151,"10/1/13",0
"3070","ZEU","ZEU-1","4/12/98","5/1/06","6/1/14","4/1/13",83,84,0,0,8,0,0,2953,"5/1/14",8.052054795,14.96986301,"10/1/13",0
"3071","ZEU","ZEU-1","4/12/98","5/1/06","6/1/14","5/1/13",84,85,0,0,8,0,0,2953,"5/1/14",8.052054795,15.05205479,"10/1/13",0
"3072","ZEU","ZEU-1","4/12/98","5/1/06","6/1/14","6/1/13",85,86,0,0,8,0,0,2953,"5/1/14",8.052054795,15.1369863,"10/1/13",0
"3073","ZEU","ZEU-1","4/12/98","5/1/06","6/1/14","7/1/13",86,87,0,0,8,0,0,2953,"5/1/14",8.052054795,15.21917808,"10/1/13",0
"3074","ZEU","ZEU-1","4/12/98","5/1/06","6/1/14","8/1/13",87,88,0,0,8,0,0,2953,"5/1/14",8.052054795,15.30410959,"10/1/13",0
"3075","ZEU","ZEU-1","4/12/98","5/1/06","6/1/14","9/1/13",88,89,0,0,8,0,0,2953,"5/1/14",8.052054795,15.3890411,"10/1/13",0
"3076","ZEU","ZEU-1","4/12/98","5/1/06","6/1/14","10/1/13",89,90,0,1,8,0,0,2953,"5/1/14",8.052054795,15.47123288,"10/1/13",0
"3077","ZEU","ZEU-1","4/12/98","5/1/06","6/1/14","11/1/13",90,91,0,1,8,0,0,2953,"5/1/14",8.052054795,15.55616438,"10/1/13",0
"3078","ZEU","ZEU-1","4/12/98","5/1/06","6/1/14","12/1/13",91,92,0,1,8,0,0,2953,"5/1/14",8.052054795,15.63835616,"10/1/13",0
"3079","ZEU","ZEU-1","4/12/98","5/1/06","6/1/14","1/1/14",92,93,0,1,8,0,0,2953,"5/1/14",8.052054795,15.72328767,"10/1/13",0
"3080","ZEU","ZEU-1","4/12/98","5/1/06","6/1/14","2/1/14",93,94,0,1,8,0,0,2953,"5/1/14",8.052054795,15.80821918,"10/1/13",0
"3081","ZEU","ZEU-1","4/12/98","5/1/06","6/1/14","3/1/14",94,95,0,1,7,0,0,2953,"5/1/14",8.052054795,15.88493151,"10/1/13",0
"3082","ZEU","ZEU-1","4/12/98","5/1/06","6/1/14","4/1/14",95,96,0,1,7,0,0,2953,"5/1/14",8.052054795,15.96986301,"10/1/13",0
"3083","ZEU","ZEU-1","4/12/98","5/1/06","6/1/14","5/1/14",96,97,1,1,7,0,0,2953,"5/1/14",8.052054795,16.05205479,"10/1/13",2
"3084","LEY","LEY-1","6/19/09","6/1/19","3/1/23","6/1/19",0,1,0,0,4,0,0,1370,"2/1/23",9.950685,9.950684932,NA,1
"3085","LEY","LEY-1","6/19/09","6/1/19","3/1/23","7/1/19",1,2,0,0,4,0,0,1370,"2/1/23",9.950685,10.03278689,NA,1
"3086","LEY","LEY-1","6/19/09","6/1/19","3/1/23","8/1/19",2,3,0,0,4,0,0,1370,"2/1/23",9.950685,10.11748634,NA,1
"3087","LEY","LEY-1","6/19/09","6/1/19","3/1/23","9/1/19",3,4,0,0,4,0,0,1370,"2/1/23",9.950685,10.20218579,NA,1
"3088","LEY","LEY-1","6/19/09","6/1/19","3/1/23","10/1/19",4,5,0,0,4,0,0,1370,"2/1/23",9.950685,10.28415301,NA,1
"3089","LEY","LEY-1","6/19/09","6/1/19","3/1/23","11/1/19",5,6,0,0,4,0,0,1370,"2/1/23",9.950685,10.36885246,NA,1
"3090","LEY","LEY-1","6/19/09","6/1/19","3/1/23","12/1/19",6,7,0,0,4,0,0,1370,"2/1/23",9.950685,10.45081967,NA,1
"3091","LEY","LEY-1","6/19/09","6/1/19","3/1/23","1/1/20",7,8,0,0,4,0,0,1370,"2/1/23",9.950685,10.53551913,NA,1
"3092","LEY","LEY-1","6/19/09","6/1/19","3/1/23","2/1/20",8,9,0,0,4,0,0,1370,"2/1/23",9.950685,10.62021858,NA,1
"3093","LEY","LEY-1","6/19/09","6/1/19","3/1/23","3/1/20",9,10,0,0,4,0,0,1370,"2/1/23",9.950685,10.69945355,NA,1
"3094","LEY","LEY-1","6/19/09","6/1/19","3/1/23","4/1/20",10,11,0,0,4,0,0,1370,"2/1/23",9.950685,10.78415301,NA,1
"3095","LEY","LEY-1","6/19/09","6/1/19","3/1/23","5/1/20",11,12,0,0,4,0,0,1370,"2/1/23",9.950685,10.86612022,NA,1
"3096","LEY","LEY-1","6/19/09","6/1/19","3/1/23","6/1/20",12,13,0,0,4,0,0,1370,"2/1/23",9.950685,10.95081967,NA,1
"3097","LEY","LEY-1","6/19/09","6/1/19","3/1/23","7/1/20",13,14,0,0,4,0,0,1370,"2/1/23",9.950685,11.03287671,NA,1
"3098","LEY","LEY-1","6/19/09","6/1/19","3/1/23","8/1/20",14,15,0,0,4,0,0,1370,"2/1/23",9.950685,11.11780822,NA,1
"3099","LEY","LEY-1","6/19/09","6/1/19","3/1/23","9/1/20",15,16,0,0,4,0,0,1370,"2/1/23",9.950685,11.20273973,NA,1
"3100","LEY","LEY-1","6/19/09","6/1/19","3/1/23","10/1/20",16,17,0,0,4,0,0,1370,"2/1/23",9.950685,11.28493151,NA,1
"3101","LEY","LEY-1","6/19/09","6/1/19","3/1/23","11/1/20",17,18,0,0,4,0,0,1370,"2/1/23",9.950685,11.36986301,NA,1
"3102","LEY","LEY-1","6/19/09","6/1/19","3/1/23","12/1/20",18,19,0,0,4,0,0,1370,"2/1/23",9.950685,11.45205479,NA,1
"3103","LEY","LEY-1","6/19/09","6/1/19","3/1/23","1/1/21",19,20,0,0,4,0,0,1370,"2/1/23",9.950685,11.5369863,NA,1
"3104","LEY","LEY-1","6/19/09","6/1/19","3/1/23","2/1/21",20,21,0,0,4,0,0,1370,"2/1/23",9.950685,11.62191781,NA,1
"3105","LEY","LEY-1","6/19/09","6/1/19","3/1/23","3/1/21",21,22,0,0,4,0,0,1370,"2/1/23",9.950685,11.69863014,NA,1
"3106","LEY","LEY-1","6/19/09","6/1/19","3/1/23","4/1/21",22,23,0,0,6,0,0,1370,"2/1/23",9.950685,11.78356164,NA,1
"3107","LEY","LEY-1","6/19/09","6/1/19","3/1/23","5/1/21",23,24,0,0,6,0,0,1370,"2/1/23",9.950685,11.86575342,NA,1
"3108","LEY","LEY-1","6/19/09","6/1/19","3/1/23","6/1/21",24,25,0,0,6,0,0,1370,"2/1/23",9.950685,11.95068493,NA,1
"3109","LEY","LEY-1","6/19/09","6/1/19","3/1/23","7/1/21",25,26,0,0,6,0,0,1370,"2/1/23",9.950685,12.03287671,NA,1
"3110","LEY","LEY-1","6/19/09","6/1/19","3/1/23","8/1/21",26,27,0,0,6,0,0,1370,"2/1/23",9.950685,12.11780822,NA,1
"3111","LEY","LEY-1","6/19/09","6/1/19","3/1/23","9/1/21",27,28,0,0,6,0,0,1370,"2/1/23",9.950685,12.20273973,NA,1
"3112","LEY","LEY-1","6/19/09","6/1/19","3/1/23","10/1/21",28,29,0,0,6,0,0,1370,"2/1/23",9.950685,12.28493151,NA,1
"3113","LEY","LEY-1","6/19/09","6/1/19","3/1/23","11/1/21",29,30,0,0,6,0,0,1370,"2/1/23",9.950685,12.36986301,NA,1
"3114","LEY","LEY-1","6/19/09","6/1/19","3/1/23","12/1/21",30,31,0,0,6,0,0,1370,"2/1/23",9.950685,12.45205479,NA,1
"3115","LEY","LEY-1","6/19/09","6/1/19","3/1/23","1/1/22",31,32,0,0,6,0,0,1370,"2/1/23",9.950685,12.5369863,NA,1
"3116","LEY","LEY-1","6/19/09","6/1/19","3/1/23","2/1/22",32,33,0,0,6,0,0,1370,"2/1/23",9.950685,12.62191781,NA,1
"3117","LEY","LEY-1","6/19/09","6/1/19","3/1/23","3/1/22",33,34,0,0,6,0,0,1370,"2/1/23",9.950685,12.69863014,NA,1
"3118","LEY","LEY-1","6/19/09","6/1/19","3/1/23","4/1/22",34,35,0,0,6,0,0,1370,"2/1/23",9.950685,12.78356164,NA,1
"3119","LEY","LEY-1","6/19/09","6/1/19","3/1/23","5/1/22",35,36,0,0,6,0,0,1370,"2/1/23",9.950685,12.86575342,NA,1
"3120","LEY","LEY-1","6/19/09","6/1/19","3/1/23","6/1/22",36,37,0,0,6,0,0,1370,"2/1/23",9.950685,12.95068493,NA,1
"3121","LEY","LEY-1","6/19/09","6/1/19","3/1/23","7/1/22",37,38,0,0,6,0,0,1370,"2/1/23",9.950685,13.03287671,NA,1
"3122","LEY","LEY-1","6/19/09","6/1/19","3/1/23","8/1/22",38,39,0,0,6,0,0,1370,"2/1/23",9.950685,13.11780822,NA,1
"3123","LEY","LEY-1","6/19/09","6/1/19","3/1/23","9/1/22",39,40,0,0,6,0,0,1370,"2/1/23",9.950685,13.20273973,NA,1
"3124","LEY","LEY-1","6/19/09","6/1/19","3/1/23","10/1/22",40,41,0,0,6,0,0,1370,"2/1/23",9.950685,13.28493151,NA,1
"3125","LEY","LEY-1","6/19/09","6/1/19","3/1/23","11/1/22",41,42,0,0,6,0,0,1370,"2/1/23",9.950685,13.36986301,NA,1
"3126","LEY","LEY-1","6/19/09","6/1/19","3/1/23","12/1/22",42,43,0,0,6,0,0,1370,"2/1/23",9.950685,13.45205479,NA,1
"3127","LEY","LEY-1","6/19/09","6/1/19","3/1/23","1/1/23",43,44,0,0,6,0,0,1370,"2/1/23",9.950685,13.5369863,NA,1
"3128","LEY","LEY-1","6/19/09","6/1/19","3/1/23","2/1/23",44,45,1,0,6,0,0,1370,"2/1/23",9.950685,13.62191781,NA,1
